[INFO] Scanning for projects...
[INFO] 
[INFO] ----------------------< iuh.fit:learning-service >----------------------
[INFO] Building learning-service 0.0.1-SNAPSHOT
[INFO]   from pom.xml
[INFO] --------------------------------[ jar ]---------------------------------
[INFO] 
[INFO] >>> spring-boot:4.1.0:run (default-cli) > test-compile @ learning-service >>>
[INFO] 
[INFO] --- resources:3.5.0:resources (default-resources) @ learning-service ---
[INFO] Copying 1 resource from src\main\resources to target\classes
[INFO] Copying 15 resources from src\main\resources to target\classes
[INFO] 
[INFO] --- compiler:3.15.0:compile (default-compile) @ learning-service ---
[INFO] Nothing to compile - all classes are up to date.
[INFO] 
[INFO] --- resources:3.5.0:testResources (default-testResources) @ learning-service ---
[INFO] skip non existing resourceDirectory D:\KL\khoaluan\KLTN_Edu\backend\learning-service\src\test\resources
[INFO] 
[INFO] --- compiler:3.15.0:testCompile (default-testCompile) @ learning-service ---
[INFO] Recompiling the module because of changed source code.
[INFO] Compiling 3 source files with javac [debug parameters release 21] to target\test-classes
[INFO] 
[INFO] <<< spring-boot:4.1.0:run (default-cli) < test-compile @ learning-service <<<
[INFO] 
[INFO] 
[INFO] --- spring-boot:4.1.0:run (default-cli) @ learning-service ---
[INFO] Attaching agents: []

  .   ____          _            __ _ _
 /\\ / ___'_ __ _ _(_)_ __  __ _ \ \ \ \
( ( )\___ | '_ | '_| | '_ \/ _` | \ \ \ \
 \\/  ___)| |_)| | | | | || (_| |  ) ) ) )
  '  |____| .__|_| |_|_| |_\__, | / / / /
 =========|_|==============|___/=/_/_/_/

 :: Spring Boot ::                (v4.1.0)

2026-08-19T17:54:31.958+07:00  INFO 23724 --- [learning-service] [           main] i.f.l.LearningServiceApplication         : Starting LearningServiceApplication using Java 23.0.1 with PID 23724 (D:\KL\khoaluan\KLTN_Edu\backend\learning-service\target\classes started by Nitro in D:\KL\khoaluan\KLTN_Edu\backend\learning-service)
2026-08-19T17:54:31.961+07:00  INFO 23724 --- [learning-service] [           main] i.f.l.LearningServiceApplication         : No active profile set, falling back to 1 default profile: "default"
2026-08-19T17:54:31.961+07:00 DEBUG 23724 --- [learning-service] [           main] o.s.boot.SpringApplication               : Loading source class iuh.fit.learning_service.LearningServiceApplication
2026-08-19T17:54:32.007+07:00 DEBUG 23724 --- [learning-service] [           main] ConfigServletWebServerApplicationContext : Refreshing org.springframework.boot.web.server.servlet.context.AnnotationConfigServletWebServerApplicationContext@7f132176
2026-08-19T17:54:32.363+07:00 DEBUG 23724 --- [learning-service] [           main] ySourcesPropertyResolver$DefaultResolver : Found key 'DB_URL' in PropertySource 'systemEnvironment' with value of type String
2026-08-19T17:54:32.450+07:00  INFO 23724 --- [learning-service] [           main] .s.d.r.c.RepositoryConfigurationDelegate : Bootstrapping Spring Data JPA repositories in DEFAULT mode.
2026-08-19T17:54:32.523+07:00  INFO 23724 --- [learning-service] [           main] .s.d.r.c.RepositoryConfigurationDelegate : Finished Spring Data repository scanning in 64 ms. Found 17 JPA repository interfaces.
2026-08-19T17:54:33.059+07:00 DEBUG 23724 --- [learning-service] [           main] o.s.b.t.s.TomcatServletWebServerFactory  : Code archive: C:\Users\Nitro\.m2\repository\org\springframework\boot\spring-boot-web-server\4.1.0\spring-boot-web-server-4.1.0.jar
2026-08-19T17:54:33.063+07:00 DEBUG 23724 --- [learning-service] [           main] o.s.b.t.s.TomcatServletWebServerFactory  : Code archive: C:\Users\Nitro\.m2\repository\org\springframework\boot\spring-boot-web-server\4.1.0\spring-boot-web-server-4.1.0.jar
2026-08-19T17:54:33.065+07:00 DEBUG 23724 --- [learning-service] [           main] o.s.b.t.s.TomcatServletWebServerFactory  : None of the document roots [src/main/webapp, public, static] point to a directory and will be ignored.
2026-08-19T17:54:33.092+07:00  INFO 23724 --- [learning-service] [           main] o.s.boot.tomcat.TomcatWebServer          : Tomcat initialized with port 8082 (http)
2026-08-19T17:54:33.103+07:00  INFO 23724 --- [learning-service] [           main] o.apache.catalina.core.StandardService   : Starting service [Tomcat]
2026-08-19T17:54:33.103+07:00  INFO 23724 --- [learning-service] [           main] o.apache.catalina.core.StandardEngine    : Starting Servlet engine: [Apache Tomcat/11.0.22]
2026-08-19T17:54:33.138+07:00 DEBUG 23724 --- [learning-service] [           main] b.w.c.s.WebApplicationContextInitializer : Published root WebApplicationContext as ServletContext attribute with name [org.springframework.web.context.WebApplicationContext.ROOT]
2026-08-19T17:54:33.139+07:00  INFO 23724 --- [learning-service] [           main] b.w.c.s.WebApplicationContextInitializer : Root WebApplicationContext: initialization completed in 1132 ms
2026-08-19T17:54:33.166+07:00 DEBUG 23724 --- [learning-service] [           main] o.s.b.w.s.ServletContextInitializerBeans : Mapping filters: springSecurityFilterChain urls=[/*] order=-100, characterEncodingFilter urls=[/*] order=-2147483648, formContentFilter urls=[/*] order=-9900, requestContextFilter urls=[/*] order=-105, cookieJwtAuthenticationFilter urls=[/*] order=2147483647
2026-08-19T17:54:33.166+07:00 DEBUG 23724 --- [learning-service] [           main] o.s.b.w.s.ServletContextInitializerBeans : Mapping servlets: dispatcherServlet urls=[/]
2026-08-19T17:54:33.180+07:00 DEBUG 23724 --- [learning-service] [           main] o.s.b.s.f.OrderedRequestContextFilter    : Filter 'requestContextFilter' configured for use
2026-08-19T17:54:33.182+07:00 DEBUG 23724 --- [learning-service] [           main] o.s.b.s.f.OrderedCharacterEncodingFilter : Filter 'characterEncodingFilter' configured for use
2026-08-19T17:54:33.182+07:00 DEBUG 23724 --- [learning-service] [           main] .DelegatingFilterProxyRegistrationBean$1 : Filter 'springSecurityFilterChain' configured for use
2026-08-19T17:54:33.183+07:00 DEBUG 23724 --- [learning-service] [           main] o.s.b.s.filter.OrderedFormContentFilter  : Filter 'formContentFilter' configured for use
2026-08-19T17:54:33.340+07:00  INFO 23724 --- [learning-service] [           main] com.zaxxer.hikari.HikariDataSource       : HikariPool-1 - Starting...
2026-08-19T17:54:33.456+07:00  INFO 23724 --- [learning-service] [           main] com.zaxxer.hikari.pool.HikariPool        : HikariPool-1 - Added connection org.postgresql.jdbc.PgConnection@4d43a1b7
2026-08-19T17:54:33.457+07:00  INFO 23724 --- [learning-service] [           main] com.zaxxer.hikari.HikariDataSource       : HikariPool-1 - Start completed.
2026-08-19T17:54:33.476+07:00  INFO 23724 --- [learning-service] [           main] org.flywaydb.core.FlywayExecutor         : Database: jdbc:postgresql://localhost:5434/kltn_db (PostgreSQL 16.15)
2026-08-19T17:54:33.574+07:00  INFO 23724 --- [learning-service] [           main] o.f.core.internal.command.DbMigrate      : Current version of schema "public": 14
2026-08-19T17:54:33.589+07:00  INFO 23724 --- [learning-service] [           main] o.f.core.internal.command.DbMigrate      : Migrating schema "public" to version "15 - link classes to legacy tutor profiles"
2026-08-19T17:54:33.618+07:00  INFO 23724 --- [learning-service] [           main] o.f.core.internal.command.DbMigrate      : Successfully applied 1 migration to schema "public", now at version v15 (execution time 00:00.012s)
2026-08-19T17:54:33.664+07:00 DEBUG 23724 --- [learning-service] [           main] o.s.b.a.AutoConfigurationPackages        : @EnableAutoConfiguration was declared on a class in the package 'iuh.fit.learning_service'. Automatic @Repository and @Entity scanning is enabled.
2026-08-19T17:54:33.689+07:00  INFO 23724 --- [learning-service] [           main] org.hibernate.orm.jpa                    : HHH008540: Processing PersistenceUnitInfo [name: default]
2026-08-19T17:54:33.729+07:00  INFO 23724 --- [learning-service] [           main] org.hibernate.orm.core                   : HHH000001: Hibernate ORM core version 7.4.1.Final
2026-08-19T17:54:33.998+07:00  INFO 23724 --- [learning-service] [           main] o.s.o.j.p.SpringPersistenceUnitInfo      : No LoadTimeWeaver setup: ignoring JPA class transformer
2026-08-19T17:54:34.064+07:00  INFO 23724 --- [learning-service] [           main] org.hibernate.orm.connections.pooling    : HHH10001005: Database info:
	Database JDBC URL [jdbc:postgresql://localhost:5434/kltn_db]
	Database driver: PostgreSQL JDBC Driver
	Database dialect: PostgreSQLDialect
	Database version: 16.15
	Default catalog/schema: kltn_db/public
	Autocommit mode: undefined/unknown
	Isolation level: READ_COMMITTED [default READ_COMMITTED]
	JDBC fetch size: none
	Pool: DataSourceConnectionProvider
	Minimum pool size: undefined/unknown
	Maximum pool size: undefined/unknown
2026-08-19T17:54:35.058+07:00  INFO 23724 --- [learning-service] [           main] org.hibernate.orm.core                   : HHH000489: No JTA platform available (set 'hibernate.transaction.jta.platform' to enable JTA platform integration)
2026-08-19T17:54:35.102+07:00  INFO 23724 --- [learning-service] [           main] j.LocalContainerEntityManagerFactoryBean : Initialized JPA EntityManagerFactory for persistence unit 'default'
2026-08-19T17:54:35.177+07:00  INFO 23724 --- [learning-service] [           main] o.s.d.j.r.query.QueryEnhancerFactories   : Hibernate is in classpath; If applicable, HQL parser will be used.
2026-08-19T17:54:36.203+07:00  WARN 23724 --- [learning-service] [           main] JpaBaseConfiguration$JpaWebConfiguration : spring.jpa.open-in-view is enabled by default. Therefore, database queries may be performed during view rendering. Explicitly configure spring.jpa.open-in-view to disable this warning
2026-08-19T17:54:36.284+07:00  WARN 23724 --- [learning-service] [           main] .s.a.UserDetailsServiceAutoConfiguration : 

Using generated security password: 7df4daa0-bcf1-4816-9551-2379b0bd039c

This generated password is for development use only. Your security configuration must be updated before running your application in production.

2026-08-19T17:54:36.290+07:00  INFO 23724 --- [learning-service] [           main] r$InitializeUserDetailsManagerConfigurer : Global AuthenticationManager configured with UserDetailsService bean with name inMemoryUserDetailsManager
2026-08-19T17:54:36.522+07:00 DEBUG 23724 --- [learning-service] [           main] s.w.s.m.m.a.RequestMappingHandlerMapping : 54 mappings in 'requestMappingHandlerMapping'
2026-08-19T17:54:36.547+07:00 DEBUG 23724 --- [learning-service] [           main] o.s.w.s.handler.SimpleUrlHandlerMapping  : Patterns [/webjars/**, /**] in 'resourceHandlerMapping'
2026-08-19T17:54:36.568+07:00 DEBUG 23724 --- [learning-service] [           main] s.w.s.m.m.a.RequestMappingHandlerAdapter : ControllerAdvice beans: 0 @ModelAttribute, 0 @InitBinder, 2 RequestBodyAdvice, 1 ResponseBodyAdvice
2026-08-19T17:54:36.620+07:00 DEBUG 23724 --- [learning-service] [           main] .m.m.a.ExceptionHandlerExceptionResolver : ControllerAdvice beans: 1 @ExceptionHandler, 1 ResponseBodyAdvice
2026-08-19T17:54:36.749+07:00  INFO 23724 --- [learning-service] [           main] o.s.boot.tomcat.TomcatWebServer          : Tomcat started on port 8082 (http) with context path '/'
2026-08-19T17:54:36.753+07:00  INFO 23724 --- [learning-service] [           main] o.s.a.r.c.CachingConnectionFactory       : Attempting to connect to: [localhost:5672]
2026-08-19T17:54:36.791+07:00  INFO 23724 --- [learning-service] [           main] o.s.a.r.c.CachingConnectionFactory       : Created new connection: rabbitConnectionFactory#2127c46b:0/SimpleConnection@4b43d8e1 [delegate=amqp://guest@127.0.0.1:5672/, localPort=63323]
2026-08-19T17:54:36.854+07:00 DEBUG 23724 --- [learning-service] [           main] .s.b.a.l.ConditionEvaluationReportLogger : 


============================
CONDITIONS EVALUATION REPORT
============================


Positive matches:
-----------------

   AopAutoConfiguration matched:
      - @ConditionalOnBooleanProperty (spring.aop.auto=true) matched (OnPropertyCondition)

   AopAutoConfiguration.AspectJAutoProxyingConfiguration matched:
      - @ConditionalOnClass found required class 'org.aspectj.weaver.Advice' (OnClassCondition)

   AopAutoConfiguration.AspectJAutoProxyingConfiguration.CglibAutoProxyConfiguration matched:
      - @ConditionalOnBooleanProperty (spring.aop.proxy-target-class=true) matched (OnPropertyCondition)

   ApplicationAvailabilityAutoConfiguration#applicationAvailability matched:
      - @ConditionalOnMissingBean (types: org.springframework.boot.availability.ApplicationAvailability; SearchStrategy: all) did not find any beans (OnBeanCondition)

   DataSourceAutoConfiguration matched:
      - @ConditionalOnClass found required classes 'javax.sql.DataSource', 'org.springframework.jdbc.datasource.embedded.EmbeddedDatabaseType' (OnClassCondition)
      - @ConditionalOnMissingBean (types: io.r2dbc.spi.ConnectionFactory; SearchStrategy: all) did not find any beans (OnBeanCondition)

   DataSourceAutoConfiguration.PooledDataSourceConfiguration matched:
      - AnyNestedCondition 1 matched 1 did not; NestedCondition on DataSourceAutoConfiguration.PooledDataSourceCondition.PooledDataSourceAvailable PooledDataSource found supported DataSource; NestedCondition on DataSourceAutoConfiguration.PooledDataSourceCondition.ExplicitType @ConditionalOnProperty (spring.datasource.type) did not find property 'spring.datasource.type' (DataSourceAutoConfiguration.PooledDataSourceCondition)
      - @ConditionalOnMissingBean (types: javax.sql.DataSource,javax.sql.XADataSource; SearchStrategy: all) did not find any beans (OnBeanCondition)

   DataSourceAutoConfiguration.PooledDataSourceConfiguration#jdbcConnectionDetails matched:
      - @ConditionalOnMissingBean (types: org.springframework.boot.jdbc.autoconfigure.JdbcConnectionDetails; SearchStrategy: all) did not find any beans (OnBeanCondition)

   DataSourceConfiguration.Hikari matched:
      - @ConditionalOnClass found required class 'com.zaxxer.hikari.HikariDataSource' (OnClassCondition)
      - @ConditionalOnProperty (spring.datasource.type=com.zaxxer.hikari.HikariDataSource) matched (OnPropertyCondition)
      - @ConditionalOnMissingBean (types: javax.sql.DataSource; SearchStrategy: all) did not find any beans (OnBeanCondition)

   DataSourcePoolMetadataProvidersConfiguration.HikariPoolDataSourceMetadataProviderConfiguration matched:
      - @ConditionalOnClass found required class 'com.zaxxer.hikari.HikariDataSource' (OnClassCondition)

   DataSourceTransactionManagerAutoConfiguration matched:
      - @ConditionalOnClass found required classes 'javax.sql.DataSource', 'org.springframework.jdbc.core.JdbcTemplate', 'org.springframework.transaction.TransactionManager' (OnClassCondition)

   DataSourceTransactionManagerAutoConfiguration.JdbcTransactionManagerConfiguration matched:
      - @ConditionalOnSingleCandidate (types: javax.sql.DataSource; SearchStrategy: all) found a single bean 'dataSource' (OnBeanCondition)

   DataWebAutoConfiguration matched:
      - @ConditionalOnClass found required classes 'org.springframework.data.web.PageableHandlerMethodArgumentResolver', 'org.springframework.web.servlet.config.annotation.WebMvcConfigurer' (OnClassCondition)
      - found 'session' scope (OnWebApplicationCondition)
      - @ConditionalOnMissingBean (types: org.springframework.data.web.PageableHandlerMethodArgumentResolver; SearchStrategy: all) did not find any beans (OnBeanCondition)

   DataWebAutoConfiguration#pageableCustomizer matched:
      - @ConditionalOnMissingBean (types: org.springframework.data.web.config.PageableHandlerMethodArgumentResolverCustomizer; SearchStrategy: all) did not find any beans (OnBeanCondition)

   DataWebAutoConfiguration#sortCustomizer matched:
      - @ConditionalOnMissingBean (types: org.springframework.data.web.config.SortHandlerMethodArgumentResolverCustomizer; SearchStrategy: all) did not find any beans (OnBeanCondition)

   DataWebAutoConfiguration#springDataWebSettings matched:
      - @ConditionalOnMissingBean (types: org.springframework.data.web.config.SpringDataWebSettings; SearchStrategy: all) did not find any beans (OnBeanCondition)

   DispatcherServletAutoConfiguration matched:
      - @ConditionalOnClass found required class 'org.springframework.web.servlet.DispatcherServlet' (OnClassCondition)
      - found 'session' scope (OnWebApplicationCondition)

   DispatcherServletAutoConfiguration.DispatcherServletConfiguration matched:
      - @ConditionalOnClass found required class 'jakarta.servlet.ServletRegistration' (OnClassCondition)
      - Default DispatcherServlet did not find dispatcher servlet beans (DispatcherServletAutoConfiguration.DefaultDispatcherServletCondition)

   DispatcherServletAutoConfiguration.DispatcherServletRegistrationConfiguration matched:
      - @ConditionalOnClass found required class 'jakarta.servlet.ServletRegistration' (OnClassCondition)
      - DispatcherServlet Registration did not find servlet registration bean (DispatcherServletAutoConfiguration.DispatcherServletRegistrationCondition)

   DispatcherServletAutoConfiguration.DispatcherServletRegistrationConfiguration#dispatcherServletRegistration matched:
      - @ConditionalOnBean (names: dispatcherServlet types: org.springframework.web.servlet.DispatcherServlet; SearchStrategy: all) found bean 'dispatcherServlet' (OnBeanCondition)

   ErrorMvcAutoConfiguration matched:
      - @ConditionalOnClass found required classes 'jakarta.servlet.Servlet', 'org.springframework.web.servlet.DispatcherServlet' (OnClassCondition)
      - found 'session' scope (OnWebApplicationCondition)

   ErrorMvcAutoConfiguration#basicErrorController matched:
      - @ConditionalOnMissingBean (types: org.springframework.boot.webmvc.error.ErrorController; SearchStrategy: current) did not find any beans (OnBeanCondition)

   ErrorMvcAutoConfiguration#errorAttributes matched:
      - @ConditionalOnMissingBean (types: org.springframework.boot.webmvc.error.ErrorAttributes; SearchStrategy: current) did not find any beans (OnBeanCondition)

   ErrorMvcAutoConfiguration.DefaultErrorViewResolverConfiguration#conventionErrorViewResolver matched:
      - @ConditionalOnBean (types: org.springframework.web.servlet.DispatcherServlet; SearchStrategy: all) found bean 'dispatcherServlet'; @ConditionalOnMissingBean (types: org.springframework.boot.webmvc.autoconfigure.error.ErrorViewResolver; SearchStrategy: all) did not find any beans (OnBeanCondition)

   ErrorMvcAutoConfiguration.WhitelabelErrorViewConfiguration matched:
      - @ConditionalOnBooleanProperty (spring.web.error.whitelabel.enabled=true) matched (OnPropertyCondition)
      - ErrorTemplate Missing did not find error template view (ErrorMvcAutoConfiguration.ErrorTemplateMissingCondition)

   ErrorMvcAutoConfiguration.WhitelabelErrorViewConfiguration#beanNameViewResolver matched:
      - @ConditionalOnMissingBean (types: org.springframework.web.servlet.view.BeanNameViewResolver; SearchStrategy: all) did not find any beans (OnBeanCondition)

   ErrorMvcAutoConfiguration.WhitelabelErrorViewConfiguration#defaultErrorView matched:
      - @ConditionalOnMissingBean (names: error; SearchStrategy: all) did not find any beans (OnBeanCondition)

   FlywayAutoConfiguration matched:
      - @ConditionalOnClass found required class 'org.flywaydb.core.Flyway' (OnClassCondition)
      - @ConditionalOnBooleanProperty (spring.flyway.enabled=true) matched (OnPropertyCondition)
      - AnyNestedCondition 2 matched 1 did not; NestedCondition on FlywayAutoConfiguration.FlywayDataSourceCondition.FlywayUrlCondition @ConditionalOnProperty (spring.flyway.url) did not find property 'spring.flyway.url'; NestedCondition on FlywayAutoConfiguration.FlywayDataSourceCondition.JdbcConnectionDetailsCondition @ConditionalOnBean (types: org.springframework.boot.jdbc.autoconfigure.JdbcConnectionDetails; SearchStrategy: all) found bean 'jdbcConnectionDetails'; NestedCondition on FlywayAutoConfiguration.FlywayDataSourceCondition.DataSourceBeanCondition @ConditionalOnBean (types: javax.sql.DataSource; SearchStrategy: all) found bean 'dataSource' (FlywayAutoConfiguration.FlywayDataSourceCondition)

   FlywayAutoConfiguration.FlywayConfiguration matched:
      - @ConditionalOnClass found required class 'org.springframework.jdbc.support.JdbcUtils' (OnClassCondition)
      - @ConditionalOnMissingBean (types: org.flywaydb.core.Flyway; SearchStrategy: all) did not find any beans (OnBeanCondition)

   FlywayAutoConfiguration.FlywayConfiguration#flywayConnectionDetails matched:
      - @ConditionalOnMissingBean (types: org.springframework.boot.flyway.autoconfigure.FlywayConnectionDetails; SearchStrategy: all) did not find any beans (OnBeanCondition)

   FlywayAutoConfiguration.FlywayConfiguration#flywayInitializer matched:
      - @ConditionalOnMissingBean (types: org.springframework.boot.flyway.autoconfigure.FlywayMigrationInitializer; SearchStrategy: all) did not find any beans (OnBeanCondition)

   FlywayAutoConfiguration.FlywayConfiguration.PostgresqlConfiguration matched:
      - @ConditionalOnClass found required class 'org.flywaydb.database.postgresql.PostgreSQLConfigurationExtension' (OnClassCondition)

   HibernateJpaAutoConfiguration matched:
      - @ConditionalOnClass found required classes 'org.springframework.orm.jpa.LocalContainerEntityManagerFactoryBean', 'jakarta.persistence.EntityManager', 'org.hibernate.engine.spi.SessionImplementor' (OnClassCondition)

   HibernateJpaConfiguration matched:
      - @ConditionalOnSingleCandidate (types: javax.sql.DataSource; SearchStrategy: all) found a single bean 'dataSource' (OnBeanCondition)

   HttpEncodingAutoConfiguration matched:
      - @ConditionalOnClass found required class 'org.springframework.web.filter.CharacterEncodingFilter' (OnClassCondition)
      - found 'session' scope (OnWebApplicationCondition)
      - @ConditionalOnBooleanProperty (spring.servlet.encoding.enabled=true) matched (OnPropertyCondition)

   HttpEncodingAutoConfiguration#characterEncodingFilter matched:
      - @ConditionalOnMissingBean (types: org.springframework.web.filter.CharacterEncodingFilter; SearchStrategy: all) did not find any beans (OnBeanCondition)

   HttpMessageConvertersAutoConfiguration matched:
      - @ConditionalOnClass found required class 'org.springframework.http.converter.HttpMessageConverter' (OnClassCondition)
      - NoneNestedConditions 0 matched 1 did not; NestedCondition on HttpMessageConvertersAutoConfiguration.NotReactiveWebApplicationCondition.ReactiveWebApplication did not find reactive web application classes (HttpMessageConvertersAutoConfiguration.NotReactiveWebApplicationCondition)

   HttpMessageConvertersAutoConfiguration.StringHttpMessageConverterConfiguration#stringHttpMessageConvertersCustomizer matched:
      - @ConditionalOnMissingBean (types: org.springframework.http.converter.StringHttpMessageConverter; SearchStrategy: all) did not find any beans (OnBeanCondition)

   JacksonAutoConfiguration matched:
      - @ConditionalOnClass found required class 'tools.jackson.databind.json.JsonMapper' (OnClassCondition)

   JacksonAutoConfiguration#jacksonJsonMapper matched:
      - @ConditionalOnMissingBean (types: tools.jackson.databind.json.JsonMapper; SearchStrategy: all) did not find any beans (OnBeanCondition)

   JacksonAutoConfiguration#jsonFactory matched:
      - @ConditionalOnMissingBean (types: tools.jackson.core.json.JsonFactory; SearchStrategy: all) did not find any beans (OnBeanCondition)

   JacksonAutoConfiguration#jsonMapperBuilder matched:
      - @ConditionalOnMissingBean (types: tools.jackson.databind.json.JsonMapper$Builder; SearchStrategy: all) did not find any beans (OnBeanCondition)

   JacksonAutoConfiguration.JsonProblemDetailsConfiguration matched:
      - @ConditionalOnClass found required class 'org.springframework.http.ProblemDetail' (OnClassCondition)

   JacksonHttpMessageConvertersConfiguration.JacksonJsonHttpMessageConverterConfiguration matched:
      - @ConditionalOnClass found required class 'tools.jackson.databind.json.JsonMapper' (OnClassCondition)
      - @ConditionalOnProperty (spring.http.converters.preferred-json-mapper=jackson) matched (OnPropertyCondition)
      - @ConditionalOnBean (types: tools.jackson.databind.json.JsonMapper; SearchStrategy: all) found bean 'jacksonJsonMapper' (OnBeanCondition)

   JacksonHttpMessageConvertersConfiguration.JacksonJsonHttpMessageConverterConfiguration#jacksonJsonHttpMessageConvertersCustomizer matched:
      - @ConditionalOnMissingBean (types: org.springframework.http.converter.json.JacksonJsonHttpMessageConverter ignored: org.springframework.hateoas.server.mvc.TypeConstrainedJacksonJsonHttpMessageConverter,org.springframework.data.rest.webmvc.alps.AlpsJacksonJsonHttpMessageConverter; SearchStrategy: all) did not find any beans (OnBeanCondition)

   JdbcClientAutoConfiguration matched:
      - @ConditionalOnSingleCandidate (types: org.springframework.jdbc.core.namedparam.NamedParameterJdbcTemplate; SearchStrategy: all) found a single bean 'namedParameterJdbcTemplate'; @ConditionalOnMissingBean (types: org.springframework.jdbc.core.simple.JdbcClient; SearchStrategy: all) did not find any beans (OnBeanCondition)

   JdbcTemplateAutoConfiguration matched:
      - @ConditionalOnClass found required classes 'javax.sql.DataSource', 'org.springframework.jdbc.core.JdbcTemplate' (OnClassCondition)
      - @ConditionalOnSingleCandidate (types: javax.sql.DataSource; SearchStrategy: all) found a single bean 'dataSource' (OnBeanCondition)

   JdbcTemplateConfiguration matched:
      - @ConditionalOnMissingBean (types: org.springframework.jdbc.core.JdbcOperations; SearchStrategy: all) did not find any beans (OnBeanCondition)

   JpaBaseConfiguration#entityManagerFactory matched:
      - @ConditionalOnMissingBean (types: org.springframework.orm.jpa.LocalContainerEntityManagerFactoryBean,jakarta.persistence.EntityManagerFactory; SearchStrategy: all) did not find any beans (OnBeanCondition)

   JpaBaseConfiguration#entityManagerFactoryBuilder matched:
      - @ConditionalOnMissingBean (types: org.springframework.boot.jpa.EntityManagerFactoryBuilder; SearchStrategy: all) did not find any beans (OnBeanCondition)

   JpaBaseConfiguration#jpaVendorAdapter matched:
      - @ConditionalOnMissingBean (types: org.springframework.orm.jpa.JpaVendorAdapter; SearchStrategy: all) did not find any beans (OnBeanCondition)

   JpaBaseConfiguration#transactionManager matched:
      - @ConditionalOnMissingBean (types: org.springframework.transaction.TransactionManager; SearchStrategy: all) did not find any beans (OnBeanCondition)

   JpaBaseConfiguration.JpaWebConfiguration matched:
      - @ConditionalOnClass found required class 'org.springframework.web.servlet.config.annotation.WebMvcConfigurer' (OnClassCondition)
      - found 'session' scope (OnWebApplicationCondition)
      - @ConditionalOnBooleanProperty (spring.jpa.open-in-view=true) matched (OnPropertyCondition)
      - @ConditionalOnMissingBean (types: org.springframework.orm.jpa.support.OpenEntityManagerInViewInterceptor,org.springframework.orm.jpa.support.OpenEntityManagerInViewFilter; SearchStrategy: all) did not find any beans (OnBeanCondition)

   JpaBaseConfiguration.PersistenceManagedTypesConfiguration matched:
      - @ConditionalOnMissingBean (types: org.springframework.orm.jpa.LocalContainerEntityManagerFactoryBean,jakarta.persistence.EntityManagerFactory; SearchStrategy: all) did not find any beans (OnBeanCondition)

   JpaBaseConfiguration.PersistenceManagedTypesConfiguration#persistenceManagedTypes matched:
      - @ConditionalOnMissingBean (types: org.springframework.orm.jpa.persistenceunit.PersistenceManagedTypes; SearchStrategy: all) did not find any beans (OnBeanCondition)

   JtaAutoConfiguration matched:
      - @ConditionalOnClass found required class 'jakarta.transaction.Transaction' (OnClassCondition)
      - @ConditionalOnBooleanProperty (spring.jta.enabled=true) matched (OnPropertyCondition)

   LifecycleAutoConfiguration#defaultLifecycleProcessor matched:
      - @ConditionalOnMissingBean (names: lifecycleProcessor; SearchStrategy: current) did not find any beans (OnBeanCondition)

   MultipartAutoConfiguration matched:
      - @ConditionalOnClass found required classes 'jakarta.servlet.Servlet', 'org.springframework.web.multipart.support.StandardServletMultipartResolver', 'jakarta.servlet.MultipartConfigElement' (OnClassCondition)
      - found 'session' scope (OnWebApplicationCondition)
      - @ConditionalOnBooleanProperty (spring.servlet.multipart.enabled=true) matched (OnPropertyCondition)

   MultipartAutoConfiguration#multipartConfigElement matched:
      - @ConditionalOnMissingBean (types: jakarta.servlet.MultipartConfigElement; SearchStrategy: all) did not find any beans (OnBeanCondition)

   MultipartAutoConfiguration#multipartResolver matched:
      - @ConditionalOnMissingBean (types: org.springframework.web.multipart.MultipartResolver; SearchStrategy: all) did not find any beans (OnBeanCondition)

   NamedParameterJdbcTemplateConfiguration matched:
      - @ConditionalOnSingleCandidate (types: org.springframework.jdbc.core.JdbcTemplate; SearchStrategy: all) found a single bean 'jdbcTemplate'; @ConditionalOnMissingBean (types: org.springframework.jdbc.core.namedparam.NamedParameterJdbcOperations; SearchStrategy: all) did not find any beans (OnBeanCondition)

   PersistenceExceptionTranslationAutoConfiguration matched:
      - @ConditionalOnClass found required class 'org.springframework.dao.annotation.PersistenceExceptionTranslationPostProcessor' (OnClassCondition)

   PersistenceExceptionTranslationAutoConfiguration#persistenceExceptionTranslationPostProcessor matched:
      - @ConditionalOnBooleanProperty (spring.persistence.exceptiontranslation.enabled=true) matched (OnPropertyCondition)
      - @ConditionalOnMissingBean (types: org.springframework.dao.annotation.PersistenceExceptionTranslationPostProcessor; SearchStrategy: all) did not find any beans (OnBeanCondition)

   PropertyPlaceholderAutoConfiguration#propertySourcesPlaceholderConfigurer matched:
      - @ConditionalOnMissingBean (types: org.springframework.context.support.PropertySourcesPlaceholderConfigurer; SearchStrategy: current) did not find any beans (OnBeanCondition)

   RabbitAnnotationDrivenConfiguration matched:
      - @ConditionalOnClass found required class 'org.springframework.amqp.rabbit.annotation.EnableRabbit' (OnClassCondition)

   RabbitAnnotationDrivenConfiguration#directRabbitListenerContainerFactoryConfigurer matched:
      - @ConditionalOnMissingBean (types: org.springframework.boot.amqp.autoconfigure.DirectRabbitListenerContainerFactoryConfigurer; SearchStrategy: all) did not find any beans (OnBeanCondition)
      - @ConditionalOnThreading found PLATFORM (OnThreadingCondition)

   RabbitAnnotationDrivenConfiguration#simpleRabbitListenerContainerFactory matched:
      - @ConditionalOnProperty (spring.rabbitmq.listener.type=simple) matched (OnPropertyCondition)
      - @ConditionalOnMissingBean (names: rabbitListenerContainerFactory; SearchStrategy: all) did not find any beans (OnBeanCondition)

   RabbitAnnotationDrivenConfiguration#simpleRabbitListenerContainerFactoryConfigurer matched:
      - @ConditionalOnMissingBean (types: org.springframework.boot.amqp.autoconfigure.SimpleRabbitListenerContainerFactoryConfigurer; SearchStrategy: all) did not find any beans (OnBeanCondition)
      - @ConditionalOnThreading found PLATFORM (OnThreadingCondition)

   RabbitAutoConfiguration matched:
      - @ConditionalOnClass found required classes 'org.springframework.amqp.rabbit.core.RabbitTemplate', 'com.rabbitmq.client.Channel' (OnClassCondition)

   RabbitAutoConfiguration.RabbitConnectionFactoryCreator#rabbitConnectionDetails matched:
      - @ConditionalOnMissingBean (types: org.springframework.boot.amqp.autoconfigure.RabbitConnectionDetails; SearchStrategy: all) did not find any beans (OnBeanCondition)

   RabbitAutoConfiguration.RabbitConnectionFactoryCreator#rabbitConnectionFactory matched:
      - @ConditionalOnMissingBean (types: org.springframework.amqp.rabbit.connection.ConnectionFactory; SearchStrategy: all) did not find any beans (OnBeanCondition)

   RabbitAutoConfiguration.RabbitConnectionFactoryCreator#rabbitConnectionFactoryBeanConfigurer matched:
      - @ConditionalOnMissingBean (types: org.springframework.boot.amqp.autoconfigure.RabbitConnectionFactoryBeanConfigurer; SearchStrategy: all) did not find any beans (OnBeanCondition)

   RabbitAutoConfiguration.RabbitConnectionFactoryCreator#rabbitConnectionFactoryConfigurer matched:
      - @ConditionalOnMissingBean (types: org.springframework.boot.amqp.autoconfigure.CachingConnectionFactoryConfigurer; SearchStrategy: all) did not find any beans (OnBeanCondition)

   RabbitAutoConfiguration.RabbitMessagingTemplateConfiguration matched:
      - @ConditionalOnClass found required class 'org.springframework.amqp.rabbit.core.RabbitMessagingTemplate' (OnClassCondition)
      - @ConditionalOnMissingBean (types: org.springframework.amqp.rabbit.core.RabbitMessagingTemplate; SearchStrategy: all) did not find any beans (OnBeanCondition)

   RabbitAutoConfiguration.RabbitMessagingTemplateConfiguration#rabbitMessagingTemplate matched:
      - @ConditionalOnSingleCandidate (types: org.springframework.amqp.rabbit.core.RabbitTemplate; SearchStrategy: all) found a single bean 'rabbitTemplate' (OnBeanCondition)

   RabbitAutoConfiguration.RabbitTemplateConfiguration#amqpAdmin matched:
      - @ConditionalOnBooleanProperty (spring.rabbitmq.dynamic=true) matched (OnPropertyCondition)
      - @ConditionalOnSingleCandidate (types: org.springframework.amqp.rabbit.connection.ConnectionFactory; SearchStrategy: all) found a single bean 'rabbitConnectionFactory'; @ConditionalOnMissingBean (types: org.springframework.amqp.core.AmqpAdmin; SearchStrategy: all) did not find any beans (OnBeanCondition)

   RabbitAutoConfiguration.RabbitTemplateConfiguration#rabbitTemplate matched:
      - @ConditionalOnSingleCandidate (types: org.springframework.amqp.rabbit.connection.ConnectionFactory; SearchStrategy: all) found a single bean 'rabbitConnectionFactory'; @ConditionalOnMissingBean (types: org.springframework.amqp.rabbit.core.RabbitOperations; SearchStrategy: all) did not find any beans (OnBeanCondition)

   RabbitAutoConfiguration.RabbitTemplateConfiguration#rabbitTemplateConfigurer matched:
      - @ConditionalOnMissingBean (types: org.springframework.boot.amqp.autoconfigure.RabbitTemplateConfigurer; SearchStrategy: all) did not find any beans (OnBeanCondition)

   SecurityAutoConfiguration matched:
      - @ConditionalOnClass found required class 'org.springframework.security.authentication.DefaultAuthenticationEventPublisher' (OnClassCondition)

   SecurityAutoConfiguration#authenticationEventPublisher matched:
      - @ConditionalOnMissingBean (types: org.springframework.security.authentication.AuthenticationEventPublisher; SearchStrategy: all) did not find any beans (OnBeanCondition)

   SecurityFilterAutoConfiguration matched:
      - @ConditionalOnClass found required classes 'org.springframework.security.web.context.AbstractSecurityWebApplicationInitializer', 'org.springframework.security.config.http.SessionCreationPolicy' (OnClassCondition)
      - found 'session' scope (OnWebApplicationCondition)

   SecurityFilterAutoConfiguration#securityFilterChainRegistration matched:
      - @ConditionalOnBean (names: springSecurityFilterChain; SearchStrategy: all) found bean 'springSecurityFilterChain' (OnBeanCondition)

   ServletWebSecurityAutoConfiguration matched:
      - @ConditionalOnClass found required class 'org.springframework.security.config.annotation.web.configuration.EnableWebSecurity' (OnClassCondition)
      - found 'session' scope (OnWebApplicationCondition)

   ServletWebSecurityAutoConfiguration.EnableWebSecurityConfiguration matched:
      - @ConditionalOnClass found required class 'org.springframework.security.config.annotation.web.configuration.EnableWebSecurity' (OnClassCondition)
      - @ConditionalOnMissingBean (names: springSecurityFilterChain; SearchStrategy: all) did not find any beans (OnBeanCondition)

   ServletWebSecurityAutoConfiguration.PathPatternRequestMatcherBuilderConfiguration matched:
      - @ConditionalOnClass found required class 'org.springframework.boot.webmvc.autoconfigure.DispatcherServletPath' (OnClassCondition)
      - @ConditionalOnBean (types: org.springframework.boot.webmvc.autoconfigure.DispatcherServletPath; SearchStrategy: all) found bean 'dispatcherServletRegistration' (OnBeanCondition)

   ServletWebSecurityAutoConfiguration.PathPatternRequestMatcherBuilderConfiguration#pathPatternRequestMatcherBuilder matched:
      - @ConditionalOnMissingBean (types: org.springframework.security.web.servlet.util.matcher.PathPatternRequestMatcher$Builder; SearchStrategy: all) did not find any beans (OnBeanCondition)

   SslAutoConfiguration#sslBundleRegistry matched:
      - @ConditionalOnMissingBean (types: org.springframework.boot.ssl.SslBundleRegistry,org.springframework.boot.ssl.SslBundles; SearchStrategy: all) did not find any beans (OnBeanCondition)

   TaskExecutionAutoConfiguration matched:
      - @ConditionalOnClass found required class 'org.springframework.scheduling.concurrent.ThreadPoolTaskExecutor' (OnClassCondition)

   TaskExecutorConfigurations.AsyncConfigurerConfiguration matched:
      - @ConditionalOnMissingBean (types: org.springframework.scheduling.annotation.AsyncConfigurer; SearchStrategy: all) did not find any beans (OnBeanCondition)

   TaskExecutorConfigurations.SimpleAsyncTaskExecutorBuilderConfiguration#simpleAsyncTaskExecutorBuilder matched:
      - @ConditionalOnMissingBean (types: org.springframework.boot.task.SimpleAsyncTaskExecutorBuilder; SearchStrategy: all) did not find any beans (OnBeanCondition)
      - @ConditionalOnThreading found PLATFORM (OnThreadingCondition)

   TaskExecutorConfigurations.TaskExecutorConfiguration matched:
      - AnyNestedCondition 1 matched 1 did not; NestedCondition on TaskExecutorConfigurations.OnExecutorCondition.ModelCondition @ConditionalOnProperty (spring.task.execution.mode=force) did not find property 'spring.task.execution.mode'; NestedCondition on TaskExecutorConfigurations.OnExecutorCondition.ExecutorBeanCondition @ConditionalOnMissingBean (types: java.util.concurrent.Executor; SearchStrategy: all) did not find any beans (TaskExecutorConfigurations.OnExecutorCondition)

   TaskExecutorConfigurations.TaskExecutorConfiguration#applicationTaskExecutor matched:
      - @ConditionalOnThreading found PLATFORM (OnThreadingCondition)

   TaskExecutorConfigurations.ThreadPoolTaskExecutorBuilderConfiguration#threadPoolTaskExecutorBuilder matched:
      - @ConditionalOnMissingBean (types: org.springframework.boot.task.ThreadPoolTaskExecutorBuilder; SearchStrategy: all) did not find any beans (OnBeanCondition)

   TaskSchedulingAutoConfiguration matched:
      - @ConditionalOnClass found required class 'org.springframework.scheduling.concurrent.ThreadPoolTaskScheduler' (OnClassCondition)

   TaskSchedulingConfigurations.SimpleAsyncTaskSchedulerBuilderConfiguration#simpleAsyncTaskSchedulerBuilder matched:
      - @ConditionalOnMissingBean (types: org.springframework.boot.task.SimpleAsyncTaskSchedulerBuilder; SearchStrategy: all) did not find any beans (OnBeanCondition)
      - @ConditionalOnThreading found PLATFORM (OnThreadingCondition)

   TaskSchedulingConfigurations.ThreadPoolTaskSchedulerBuilderConfiguration#threadPoolTaskSchedulerBuilder matched:
      - @ConditionalOnMissingBean (types: org.springframework.boot.task.ThreadPoolTaskSchedulerBuilder; SearchStrategy: all) did not find any beans (OnBeanCondition)

   TomcatServletWebServerAutoConfiguration matched:
      - @ConditionalOnClass found required classes 'jakarta.servlet.ServletRequest', 'org.apache.catalina.startup.Tomcat', 'org.apache.coyote.UpgradeProtocol', 'org.springframework.boot.tomcat.servlet.TomcatServletWebServerFactory' (OnClassCondition)
      - found 'session' scope (OnWebApplicationCondition)

   TomcatServletWebServerAutoConfiguration#tomcatServletWebServerFactory matched:
      - @ConditionalOnMissingBean (types: org.springframework.boot.web.server.servlet.ServletWebServerFactory; SearchStrategy: current) did not find any beans (OnBeanCondition)

   TomcatWebServerConfiguration matched:
      - @ConditionalOnWarDeployment the application is not deployed as a WAR file. (OnWarDeploymentCondition)

   TomcatWebServerConfiguration.TomcatWebSocketConfiguration matched:
      - @ConditionalOnClass found required class 'org.apache.tomcat.websocket.server.WsSci' (OnClassCondition)

   TransactionAutoConfiguration matched:
      - @ConditionalOnClass found required class 'org.springframework.transaction.PlatformTransactionManager' (OnClassCondition)

   TransactionAutoConfiguration.EnableTransactionManagementConfiguration matched:
      - @ConditionalOnBean (types: org.springframework.transaction.TransactionManager; SearchStrategy: all) found bean 'transactionManager'; @ConditionalOnMissingBean (types: org.springframework.transaction.annotation.AbstractTransactionManagementConfiguration; SearchStrategy: all) did not find any beans (OnBeanCondition)

   TransactionAutoConfiguration.EnableTransactionManagementConfiguration.CglibAutoProxyConfiguration matched:
      - @ConditionalOnBooleanProperty (spring.aop.proxy-target-class=true) matched (OnPropertyCondition)

   TransactionAutoConfiguration.TransactionTemplateConfiguration matched:
      - @ConditionalOnSingleCandidate (types: org.springframework.transaction.PlatformTransactionManager; SearchStrategy: all) found a single bean 'transactionManager' (OnBeanCondition)

   TransactionAutoConfiguration.TransactionTemplateConfiguration#transactionTemplate matched:
      - @ConditionalOnMissingBean (types: org.springframework.transaction.support.TransactionOperations; SearchStrategy: all) did not find any beans (OnBeanCondition)

   TransactionManagerCustomizationAutoConfiguration matched:
      - @ConditionalOnClass found required class 'org.springframework.transaction.PlatformTransactionManager' (OnClassCondition)

   TransactionManagerCustomizationAutoConfiguration#platformTransactionManagerCustomizers matched:
      - @ConditionalOnMissingBean (types: org.springframework.boot.transaction.autoconfigure.TransactionManagerCustomizers; SearchStrategy: all) did not find any beans (OnBeanCondition)

   UserDetailsServiceAutoConfiguration matched:
      - @ConditionalOnClass found required class 'org.springframework.security.authentication.AuthenticationManager' (OnClassCondition)
      - found 'session' scope (OnWebApplicationCondition)
      - AnyNestedCondition 1 matched 2 did not; NestedCondition on MissingAlternativeUserDetailsManagerOrUserPropertiesConfigured.PasswordConfigured @ConditionalOnProperty (spring.security.user.password) did not find property 'spring.security.user.password'; NestedCondition on MissingAlternativeUserDetailsManagerOrUserPropertiesConfigured.NameConfigured @ConditionalOnProperty (spring.security.user.name) did not find property 'spring.security.user.name'; NestedCondition on MissingAlternativeUserDetailsManagerOrUserPropertiesConfigured.MissingAlternative @ConditionalOnMissingClass did not find unwanted classes 'org.springframework.security.oauth2.client.registration.ClientRegistrationRepository', 'org.springframework.security.oauth2.server.resource.introspection.OpaqueTokenIntrospector', 'org.springframework.security.saml2.provider.service.registration.RelyingPartyRegistrationRepository' (MissingAlternativeUserDetailsManagerOrUserPropertiesConfigured)
      - @ConditionalOnMissingBean (types: org.springframework.security.authentication.AuthenticationManager,org.springframework.security.authentication.AuthenticationProvider,org.springframework.security.core.userdetails.UserDetailsService,org.springframework.security.authentication.AuthenticationManagerResolver,org.springframework.security.oauth2.jwt.JwtDecoder; SearchStrategy: all) did not find any beans (OnBeanCondition)

   ValidationAutoConfiguration matched:
      - @ConditionalOnClass found required class 'jakarta.validation.executable.ExecutableValidator' (OnClassCondition)
      - @ConditionalOnResource found location classpath:META-INF/services/jakarta.validation.spi.ValidationProvider (OnResourceCondition)

   ValidationAutoConfiguration#defaultValidator matched:
      - @ConditionalOnMissingBean (types: jakarta.validation.Validator; SearchStrategy: all) did not find any beans (OnBeanCondition)

   ValidationAutoConfiguration#methodValidationPostProcessor matched:
      - @ConditionalOnMissingBean (types: org.springframework.validation.beanvalidation.MethodValidationPostProcessor; SearchStrategy: current) did not find any beans (OnBeanCondition)

   WebMvcAutoConfiguration matched:
      - @ConditionalOnClass found required classes 'jakarta.servlet.Servlet', 'org.springframework.web.servlet.DispatcherServlet', 'org.springframework.web.servlet.config.annotation.WebMvcConfigurer' (OnClassCondition)
      - found 'session' scope (OnWebApplicationCondition)
      - @ConditionalOnMissingBean (types: org.springframework.web.servlet.config.annotation.WebMvcConfigurationSupport; SearchStrategy: all) did not find any beans (OnBeanCondition)

   WebMvcAutoConfiguration#formContentFilter matched:
      - @ConditionalOnBooleanProperty (spring.mvc.formcontent.filter.enabled=true) matched (OnPropertyCondition)
      - @ConditionalOnMissingBean (types: org.springframework.web.filter.FormContentFilter; SearchStrategy: all) did not find any beans (OnBeanCondition)

   WebMvcAutoConfiguration.EnableWebMvcConfiguration#flashMapManager matched:
      - @ConditionalOnMissingBean (names: flashMapManager; SearchStrategy: all) did not find any beans (OnBeanCondition)

   WebMvcAutoConfiguration.EnableWebMvcConfiguration#localeResolver matched:
      - @ConditionalOnMissingBean (names: localeResolver; SearchStrategy: all) did not find any beans (OnBeanCondition)

   WebMvcAutoConfiguration.EnableWebMvcConfiguration#viewNameTranslator matched:
      - @ConditionalOnMissingBean (names: viewNameTranslator; SearchStrategy: all) did not find any beans (OnBeanCondition)

   WebMvcAutoConfiguration.WebMvcAutoConfigurationAdapter#defaultViewResolver matched:
      - @ConditionalOnMissingBean (types: org.springframework.web.servlet.view.InternalResourceViewResolver; SearchStrategy: all) did not find any beans (OnBeanCondition)

   WebMvcAutoConfiguration.WebMvcAutoConfigurationAdapter#requestContextFilter matched:
      - @ConditionalOnMissingBean (types: org.springframework.web.context.request.RequestContextListener,org.springframework.web.filter.RequestContextFilter; SearchStrategy: all) did not find any beans (OnBeanCondition)

   WebMvcAutoConfiguration.WebMvcAutoConfigurationAdapter#viewResolver matched:
      - @ConditionalOnBean (types: org.springframework.web.servlet.ViewResolver; SearchStrategy: all) found beans 'defaultViewResolver', 'beanNameViewResolver', 'mvcViewResolver'; @ConditionalOnMissingBean (names: viewResolver types: org.springframework.web.servlet.view.ContentNegotiatingViewResolver; SearchStrategy: all) did not find any beans (OnBeanCondition)


Negative matches:
-----------------

   AopAutoConfiguration.AspectJAutoProxyingConfiguration.JdkDynamicAutoProxyConfiguration:
      Did not match:
         - @ConditionalOnBooleanProperty (spring.aop.proxy-target-class=false) did not find property 'spring.aop.proxy-target-class' (OnPropertyCondition)

   AopAutoConfiguration.ClassProxyingConfiguration:
      Did not match:
         - @ConditionalOnMissingClass found unwanted class 'org.aspectj.weaver.Advice' (OnClassCondition)

   DataJpaRepositoriesAutoConfiguration:
      Did not match:
         - @ConditionalOnMissingBean (types: org.springframework.data.jpa.repository.support.JpaRepositoryFactoryBean,org.springframework.data.jpa.repository.config.JpaRepositoryConfigExtension; SearchStrategy: all) found beans of type 'org.springframework.data.jpa.repository.support.JpaRepositoryFactoryBean' &classRoomRepository, &educationLevelRepository, &catalogSubjectSuggestionRepository, &tutorAvailabilityRepository, &processedEventRepository, &classScheduleRepository, &subjectCategoryRepository, &catalogSubjectRepository, &catalogCategoryRepository, &subjectGroupRepository, &subjectRequestRepository, &catalogLevelRepository, &tutorSubjectRepository, &tutorSubjectRegistrationRepository, &classChapterRepository, &subjectRepository, &programTypeRepository and found beans of type 'org.springframework.data.jpa.repository.config.JpaRepositoryConfigExtension' org.springframework.data.jpa.repository.config.JpaRepositoryConfigExtension#0 (OnBeanCondition)
      Matched:
         - @ConditionalOnClass found required class 'org.springframework.data.jpa.repository.JpaRepository' (OnClassCondition)
         - @ConditionalOnBooleanProperty (spring.data.jpa.repositories.enabled=true) matched (OnPropertyCondition)

   DataRepositoryMetricsAutoConfiguration:
      Did not match:
         - @ConditionalOnBean did not find required type 'io.micrometer.core.instrument.MeterRegistry' (OnBeanCondition)

   DataSourceAutoConfiguration.EmbeddedDatabaseConfiguration:
      Did not match:
         - EmbeddedDataSource spring.datasource.url is set (DataSourceAutoConfiguration.EmbeddedDatabaseCondition)

   DataSourceCheckpointRestoreConfiguration:
      Did not match:
         - @ConditionalOnClass did not find required class 'org.crac.Resource' (OnClassCondition)

   DataSourceConfiguration.Dbcp2:
      Did not match:
         - @ConditionalOnClass did not find required class 'org.apache.commons.dbcp2.BasicDataSource' (OnClassCondition)

   DataSourceConfiguration.Generic:
      Did not match:
         - @ConditionalOnProperty (spring.datasource.type) did not find property 'spring.datasource.type' (OnPropertyCondition)

   DataSourceConfiguration.OracleUcp:
      Did not match:
         - @ConditionalOnClass did not find required classes 'oracle.ucp.jdbc.PoolDataSourceImpl', 'oracle.jdbc.OracleConnection' (OnClassCondition)

   DataSourceConfiguration.Tomcat:
      Did not match:
         - @ConditionalOnClass did not find required class 'org.apache.tomcat.jdbc.pool.DataSource' (OnClassCondition)

   DataSourceHealthContributorAutoConfiguration:
      Did not match:
         - @ConditionalOnClass did not find required class 'org.springframework.boot.health.autoconfigure.contributor.ConditionalOnEnabledHealthIndicator' (OnClassCondition)

   DataSourceInitializationAutoConfiguration:
      Did not match:
         - SQL InitializationDatabase Initialization spring.sql.init.mode is NEVER (OnSqlInitializationCondition)
      Matched:
         - @ConditionalOnClass found required class 'org.springframework.jdbc.datasource.init.DatabasePopulator' (OnClassCondition)

   DataSourceJmxConfiguration:
      Did not match:
         - @ConditionalOnBooleanProperty (spring.jmx.enabled=true) did not find property 'spring.jmx.enabled' (OnPropertyCondition)

   DataSourcePoolMetadataProvidersConfiguration.CommonsDbcp2PoolDataSourceMetadataProviderConfiguration:
      Did not match:
         - @ConditionalOnClass did not find required class 'org.apache.commons.dbcp2.BasicDataSource' (OnClassCondition)

   DataSourcePoolMetadataProvidersConfiguration.OracleUcpPoolDataSourceMetadataProviderConfiguration:
      Did not match:
         - @ConditionalOnClass did not find required classes 'oracle.ucp.jdbc.PoolDataSource', 'oracle.jdbc.OracleConnection' (OnClassCondition)

   DataSourcePoolMetadataProvidersConfiguration.TomcatDataSourcePoolMetadataProviderConfiguration:
      Did not match:
         - @ConditionalOnClass did not find required class 'org.apache.tomcat.jdbc.pool.DataSource' (OnClassCondition)

   DataSourcePoolMetricsAutoConfiguration:
      Did not match:
         - @ConditionalOnClass did not find required class 'io.micrometer.core.instrument.MeterRegistry' (OnClassCondition)

   DataSourceTransactionManagerAutoConfiguration.JdbcTransactionManagerConfiguration#transactionManager:
      Did not match:
         - @ConditionalOnMissingBean (types: org.springframework.transaction.TransactionManager; SearchStrategy: all) found beans of type 'org.springframework.transaction.TransactionManager' transactionManager (OnBeanCondition)

   DispatcherServletAutoConfiguration.DispatcherServletConfiguration#multipartResolver:
      Did not match:
         - @ConditionalOnBean (types: org.springframework.web.multipart.MultipartResolver; SearchStrategy: all) did not find any beans of type org.springframework.web.multipart.MultipartResolver (OnBeanCondition)

   FlywayAutoConfiguration.FlywayConfiguration.OracleConfiguration:
      Did not match:
         - @ConditionalOnClass did not find required class 'org.flywaydb.database.oracle.OracleConfigurationExtension' (OnClassCondition)

   FlywayAutoConfiguration.FlywayConfiguration.SqlServerConfiguration:
      Did not match:
         - @ConditionalOnClass did not find required class 'org.flywaydb.database.sqlserver.SQLServerConfigurationExtension' (OnClassCondition)

   FlywayEndpointAutoConfiguration:
      Did not match:
         - @ConditionalOnClass did not find required class 'org.springframework.boot.actuate.autoconfigure.endpoint.condition.ConditionalOnAvailableEndpoint' (OnClassCondition)

   GsonHttpMessageConvertersConfiguration:
      Did not match:
         - @ConditionalOnClass did not find required class 'com.google.gson.Gson' (OnClassCondition)

   HibernateMetricsAutoConfiguration:
      Did not match:
         - @ConditionalOnClass did not find required class 'io.micrometer.core.instrument.MeterRegistry' (OnClassCondition)

   Jackson2HttpMessageConvertersConfiguration.MappingJackson2HttpMessageConverterConfiguration:
      Did not match:
         - AnyNestedCondition 0 matched 2 did not; NestedCondition on Jackson2HttpMessageConvertersConfiguration.PreferJackson2OrJacksonUnavailableCondition.JacksonUnavailable @ConditionalOnMissingBean (types: org.springframework.boot.http.converter.autoconfigure.JacksonHttpMessageConvertersConfiguration$JacksonJsonHttpMessageConvertersCustomizer; SearchStrategy: all) found beans of type 'org.springframework.boot.http.converter.autoconfigure.JacksonHttpMessageConvertersConfiguration$JacksonJsonHttpMessageConvertersCustomizer' jacksonJsonHttpMessageConvertersCustomizer; NestedCondition on Jackson2HttpMessageConvertersConfiguration.PreferJackson2OrJacksonUnavailableCondition.Jackson2Preferred @ConditionalOnProperty (spring.http.converters.preferred-json-mapper=jackson2) did not find property 'spring.http.converters.preferred-json-mapper' (Jackson2HttpMessageConvertersConfiguration.PreferJackson2OrJacksonUnavailableCondition)
      Matched:
         - @ConditionalOnClass found required class 'com.fasterxml.jackson.databind.ObjectMapper' (OnClassCondition)

   Jackson2HttpMessageConvertersConfiguration.MappingJackson2XmlHttpMessageConverterConfiguration:
      Did not match:
         - @ConditionalOnClass did not find required class 'com.fasterxml.jackson.dataformat.xml.XmlMapper' (OnClassCondition)

   JacksonAutoConfiguration.CborConfiguration:
      Did not match:
         - @ConditionalOnClass did not find required class 'tools.jackson.dataformat.cbor.CBORMapper' (OnClassCondition)

   JacksonAutoConfiguration.XmlConfiguration:
      Did not match:
         - @ConditionalOnClass did not find required class 'tools.jackson.dataformat.xml.XmlMapper' (OnClassCondition)

   JacksonHttpMessageConvertersConfiguration.JacksonXmlHttpMessageConverterConfiguration:
      Did not match:
         - @ConditionalOnClass did not find required class 'tools.jackson.dataformat.xml.XmlMapper' (OnClassCondition)

   JmxAutoConfiguration:
      Did not match:
         - @ConditionalOnBooleanProperty (spring.jmx.enabled=true) did not find property 'spring.jmx.enabled' (OnPropertyCondition)
      Matched:
         - @ConditionalOnClass found required class 'org.springframework.jmx.export.MBeanExporter' (OnClassCondition)

   JndiDataSourceAutoConfiguration:
      Did not match:
         - @ConditionalOnProperty (spring.datasource.jndi-name) did not find property 'spring.datasource.jndi-name' (OnPropertyCondition)
      Matched:
         - @ConditionalOnClass found required classes 'javax.sql.DataSource', 'org.springframework.jdbc.datasource.embedded.EmbeddedDatabaseType' (OnClassCondition)

   JndiJtaConfiguration:
      Did not match:
         - @ConditionalOnJndi JNDI environment is not available (OnJndiCondition)
      Matched:
         - @ConditionalOnClass found required class 'org.springframework.transaction.jta.JtaTransactionManager' (OnClassCondition)

   JsonbHttpMessageConvertersConfiguration:
      Did not match:
         - @ConditionalOnClass did not find required class 'jakarta.json.bind.Jsonb' (OnClassCondition)

   KotlinSerializationHttpMessageConvertersConfiguration:
      Did not match:
         - @ConditionalOnClass did not find required classes 'kotlinx.serialization.Serializable', 'kotlinx.serialization.json.Json' (OnClassCondition)

   LazyConnectionDataSourceConfiguration:
      Did not match:
         - @ConditionalOnProperty (spring.datasource.connection-fetch=lazy) did not find property 'spring.datasource.connection-fetch' (OnPropertyCondition)

   ManagementWebSecurityAutoConfiguration:
      Did not match:
         - @ConditionalOnClass did not find required class 'org.springframework.boot.actuate.autoconfigure.endpoint.web.WebEndpointAutoConfiguration' (OnClassCondition)

   MessageSourceAutoConfiguration:
      Did not match:
         - ResourceBundle did not find bundle with basename messages (MessageSourceAutoConfiguration.ResourceBundleCondition)

   ProjectInfoAutoConfiguration#buildProperties:
      Did not match:
         - @ConditionalOnResource did not find resource '${spring.info.build.location:classpath:META-INF/build-info.properties}' (OnResourceCondition)

   ProjectInfoAutoConfiguration#gitProperties:
      Did not match:
         - GitResource did not find git info at classpath:git.properties (ProjectInfoAutoConfiguration.GitResourceAvailableCondition)

   RSocketSecurityAutoConfiguration:
      Did not match:
         - @ConditionalOnClass did not find required class 'org.springframework.boot.rsocket.server.RSocketServerCustomizer' (OnClassCondition)

   RabbitAnnotationDrivenConfiguration#directRabbitListenerContainerFactory:
      Did not match:
         - @ConditionalOnProperty (spring.rabbitmq.listener.type=direct) did not find property 'spring.rabbitmq.listener.type' (OnPropertyCondition)

   RabbitAnnotationDrivenConfiguration#directRabbitListenerContainerFactoryConfigurerVirtualThreads:
      Did not match:
         - @ConditionalOnMissingBean (types: org.springframework.boot.amqp.autoconfigure.DirectRabbitListenerContainerFactoryConfigurer; SearchStrategy: all) found beans of type 'org.springframework.boot.amqp.autoconfigure.DirectRabbitListenerContainerFactoryConfigurer' directRabbitListenerContainerFactoryConfigurer (OnBeanCondition)

   RabbitAnnotationDrivenConfiguration#simpleRabbitListenerContainerFactoryConfigurerVirtualThreads:
      Did not match:
         - @ConditionalOnMissingBean (types: org.springframework.boot.amqp.autoconfigure.SimpleRabbitListenerContainerFactoryConfigurer; SearchStrategy: all) found beans of type 'org.springframework.boot.amqp.autoconfigure.SimpleRabbitListenerContainerFactoryConfigurer' simpleRabbitListenerContainerFactoryConfigurer (OnBeanCondition)

   RabbitAnnotationDrivenConfiguration.EnableRabbitConfiguration:
      Did not match:
         - @ConditionalOnMissingBean (names: org.springframework.amqp.rabbit.config.internalRabbitListenerAnnotationProcessor; SearchStrategy: all) found beans named org.springframework.amqp.rabbit.config.internalRabbitListenerAnnotationProcessor (OnBeanCondition)

   RabbitHealthContributorAutoConfiguration:
      Did not match:
         - @ConditionalOnClass did not find required class 'org.springframework.boot.amqp.health.RabbitHealthIndicator' (OnClassCondition)

   RabbitMetricsAutoConfiguration:
      Did not match:
         - @ConditionalOnClass did not find required class 'io.micrometer.core.instrument.MeterRegistry' (OnClassCondition)

   RabbitStreamConfiguration:
      Did not match:
         - @ConditionalOnClass did not find required class 'org.springframework.rabbit.stream.config.StreamRabbitListenerContainerFactory' (OnClassCondition)

   ReactiveManagementWebSecurityAutoConfiguration:
      Did not match:
         - @ConditionalOnClass did not find required class 'org.springframework.boot.actuate.autoconfigure.endpoint.web.WebEndpointAutoConfiguration' (OnClassCondition)

   ReactiveUserDetailsServiceAutoConfiguration:
      Did not match:
         - AnyNestedCondition 0 matched 2 did not; NestedCondition on ReactiveUserDetailsServiceAutoConfiguration.RSocketEnabledOrReactiveWebApplication.ReactiveWebApplicationCondition did not find reactive web application classes; NestedCondition on ReactiveUserDetailsServiceAutoConfiguration.RSocketEnabledOrReactiveWebApplication.RSocketSecurityEnabledCondition @ConditionalOnBean (types: org.springframework.messaging.rsocket.annotation.support.RSocketMessageHandler; SearchStrategy: all) did not find any beans of type org.springframework.messaging.rsocket.annotation.support.RSocketMessageHandler (ReactiveUserDetailsServiceAutoConfiguration.RSocketEnabledOrReactiveWebApplication)
      Matched:
         - @ConditionalOnClass found required class 'org.springframework.security.authentication.ReactiveAuthenticationManager' (OnClassCondition)
         - AnyNestedCondition 1 matched 2 did not; NestedCondition on MissingAlternativeUserDetailsManagerOrUserPropertiesConfigured.PasswordConfigured @ConditionalOnProperty (spring.security.user.password) did not find property 'spring.security.user.password'; NestedCondition on MissingAlternativeUserDetailsManagerOrUserPropertiesConfigured.NameConfigured @ConditionalOnProperty (spring.security.user.name) did not find property 'spring.security.user.name'; NestedCondition on MissingAlternativeUserDetailsManagerOrUserPropertiesConfigured.MissingAlternative @ConditionalOnMissingClass did not find unwanted classes 'org.springframework.security.oauth2.client.registration.ClientRegistrationRepository', 'org.springframework.security.oauth2.server.resource.introspection.OpaqueTokenIntrospector', 'org.springframework.security.saml2.provider.service.registration.RelyingPartyRegistrationRepository' (MissingAlternativeUserDetailsManagerOrUserPropertiesConfigured)

   ReactiveWebSecurityAutoConfiguration:
      Did not match:
         - @ConditionalOnClass did not find required class 'reactor.core.publisher.Flux' (OnClassCondition)

   SecurityAutoConfiguration.SecurityDataConfiguration:
      Did not match:
         - @ConditionalOnClass did not find required class 'org.springframework.security.data.repository.query.SecurityEvaluationContextExtension' (OnClassCondition)

   ServletHttpExchangesAutoConfiguration:
      Did not match:
         - @ConditionalOnBean did not find required type 'org.springframework.boot.actuate.web.exchanges.HttpExchangeRepository' (OnBeanCondition)

   ServletManagementContextAutoConfiguration:
      Did not match:
         - @ConditionalOnClass did not find required class 'org.springframework.boot.actuate.autoconfigure.endpoint.web.WebEndpointProperties' (OnClassCondition)

   ServletMappingsAutoConfiguration:
      Did not match:
         - @ConditionalOnClass did not find required class 'org.springframework.boot.actuate.autoconfigure.endpoint.condition.ConditionalOnAvailableEndpoint' (OnClassCondition)

   ServletWebSecurityAutoConfiguration.SecurityFilterChainConfiguration:
      Did not match:
         - AllNestedConditions 1 matched 1 did not; NestedCondition on DefaultWebSecurityCondition.Beans @ConditionalOnMissingBean (types: org.springframework.security.web.SecurityFilterChain; SearchStrategy: all) found beans of type 'org.springframework.security.web.SecurityFilterChain' securityFilterChain; NestedCondition on DefaultWebSecurityCondition.Classes @ConditionalOnClass found required classes 'org.springframework.security.web.SecurityFilterChain', 'org.springframework.security.config.annotation.web.builders.HttpSecurity' (DefaultWebSecurityCondition)

   ServletWebServerConfiguration#forwardedHeaderFilter:
      Did not match:
         - @ConditionalOnProperty (server.forward-headers-strategy=framework) did not find property 'server.forward-headers-strategy' (OnPropertyCondition)

   SpringApplicationAdminJmxAutoConfiguration:
      Did not match:
         - @ConditionalOnBooleanProperty (spring.application.admin.enabled=true) did not find property 'spring.application.admin.enabled' (OnPropertyCondition)

   TaskExecutorConfigurations.AsyncConfigurerWrapperConfiguration:
      Did not match:
         - @ConditionalOnBean (types: org.springframework.scheduling.annotation.AsyncConfigurer; SearchStrategy: all) did not find any beans of type org.springframework.scheduling.annotation.AsyncConfigurer (OnBeanCondition)

   TaskExecutorConfigurations.SimpleAsyncTaskExecutorBuilderConfiguration#simpleAsyncTaskExecutorBuilderVirtualThreads:
      Did not match:
         - @ConditionalOnMissingBean (types: org.springframework.boot.task.SimpleAsyncTaskExecutorBuilder; SearchStrategy: all) found beans of type 'org.springframework.boot.task.SimpleAsyncTaskExecutorBuilder' simpleAsyncTaskExecutorBuilder (OnBeanCondition)

   TaskExecutorConfigurations.TaskExecutorConfiguration#applicationTaskExecutorVirtualThreads:
      Did not match:
         - @ConditionalOnThreading did not find VIRTUAL (OnThreadingCondition)

   TaskExecutorConfigurations.TaskExecutorContextPropagationConfiguration:
      Did not match:
         - @ConditionalOnClass did not find required class 'io.micrometer.context.ContextSnapshot' (OnClassCondition)

   TaskSchedulingAutoConfiguration#scheduledBeanLazyInitializationExcludeFilter:
      Did not match:
         - @ConditionalOnBean (names: org.springframework.scheduling.config.internalScheduledAnnotationProcessor; SearchStrategy: all) did not find any beans named org.springframework.scheduling.config.internalScheduledAnnotationProcessor (OnBeanCondition)

   TaskSchedulingConfigurations.SimpleAsyncTaskSchedulerBuilderConfiguration#simpleAsyncTaskSchedulerBuilderVirtualThreads:
      Did not match:
         - @ConditionalOnMissingBean (types: org.springframework.boot.task.SimpleAsyncTaskSchedulerBuilder; SearchStrategy: all) found beans of type 'org.springframework.boot.task.SimpleAsyncTaskSchedulerBuilder' simpleAsyncTaskSchedulerBuilder (OnBeanCondition)

   TaskSchedulingConfigurations.TaskSchedulerConfiguration:
      Did not match:
         - @ConditionalOnBean (names: org.springframework.scheduling.config.internalScheduledAnnotationProcessor; SearchStrategy: all) did not find any beans named org.springframework.scheduling.config.internalScheduledAnnotationProcessor (OnBeanCondition)

   TomcatMetricsAutoConfiguration:
      Did not match:
         - @ConditionalOnClass did not find required class 'io.micrometer.core.instrument.binder.tomcat.TomcatMetrics' (OnClassCondition)

   TomcatReactiveManagementContextAutoConfiguration:
      Did not match:
         - @ConditionalOnClass did not find required class 'org.springframework.boot.actuate.autoconfigure.web.server.ManagementContextFactory' (OnClassCondition)

   TomcatReactiveWebServerAutoConfiguration:
      Did not match:
         - @ConditionalOnWebApplication did not find reactive web application classes (OnWebApplicationCondition)

   TomcatServletManagementContextAutoConfiguration:
      Did not match:
         - @ConditionalOnClass did not find required class 'org.springframework.boot.actuate.autoconfigure.web.server.ManagementContextFactory' (OnClassCondition)

   TomcatServletWebServerAutoConfiguration#tomcatForwardedHeaderFilterCustomizer:
      Did not match:
         - @ConditionalOnProperty (server.forward-headers-strategy=framework) did not find property 'server.forward-headers-strategy' (OnPropertyCondition)

   TomcatWebServerConfiguration#tomcatVirtualThreadsProtocolHandlerCustomizer:
      Did not match:
         - @ConditionalOnThreading did not find VIRTUAL (OnThreadingCondition)

   TransactionAutoConfiguration#transactionalOperator:
      Did not match:
         - @ConditionalOnSingleCandidate (types: org.springframework.transaction.ReactiveTransactionManager; SearchStrategy: all) did not find any beans (OnBeanCondition)

   TransactionAutoConfiguration.AspectJTransactionManagementConfiguration:
      Did not match:
         - @ConditionalOnBean (types: org.springframework.transaction.aspectj.AbstractTransactionAspect; SearchStrategy: all) did not find any beans of type org.springframework.transaction.aspectj.AbstractTransactionAspect (OnBeanCondition)

   TransactionAutoConfiguration.EnableTransactionManagementConfiguration.JdkDynamicAutoProxyConfiguration:
      Did not match:
         - @ConditionalOnBooleanProperty (spring.aop.proxy-target-class=false) did not find property 'spring.aop.proxy-target-class' (OnPropertyCondition)

   WebMvcAutoConfiguration#hiddenHttpMethodFilter:
      Did not match:
         - @ConditionalOnBooleanProperty (spring.mvc.hiddenmethod.filter.enabled=true) did not find property 'spring.mvc.hiddenmethod.filter.enabled' (OnPropertyCondition)

   WebMvcAutoConfiguration.ProblemDetailsErrorHandlingConfiguration:
      Did not match:
         - @ConditionalOnBooleanProperty (spring.mvc.problemdetails.enabled=true) did not find property 'spring.mvc.problemdetails.enabled' (OnPropertyCondition)

   WebMvcAutoConfiguration.ResourceChainCustomizerConfiguration:
      Did not match:
         - @ConditionalOnEnabledResourceChain did not find class org.webjars.WebJarVersionLocator (OnEnabledResourceChainCondition)

   WebMvcAutoConfiguration.WebMvcAutoConfigurationAdapter#beanNameViewResolver:
      Did not match:
         - @ConditionalOnMissingBean (types: org.springframework.web.servlet.view.BeanNameViewResolver; SearchStrategy: all) found beans of type 'org.springframework.web.servlet.view.BeanNameViewResolver' beanNameViewResolver (OnBeanCondition)

   WebMvcHealthEndpointExtensionAutoConfiguration:
      Did not match:
         - @ConditionalOnClass did not find required class 'org.springframework.boot.health.actuate.endpoint.HealthEndpoint' (OnClassCondition)

   WebMvcMappingsAutoConfiguration:
      Did not match:
         - @ConditionalOnClass did not find required class 'org.springframework.boot.actuate.autoconfigure.endpoint.condition.ConditionalOnAvailableEndpoint' (OnClassCondition)

   WebMvcObservationAutoConfiguration:
      Did not match:
         - @ConditionalOnClass did not find required class 'org.springframework.boot.micrometer.observation.autoconfigure.ObservationProperties' (OnClassCondition)

   XADataSourceAutoConfiguration:
      Did not match:
         - @ConditionalOnBean (types: org.springframework.boot.jdbc.XADataSourceWrapper; SearchStrategy: all) did not find any beans of type org.springframework.boot.jdbc.XADataSourceWrapper (OnBeanCondition)
      Matched:
         - @ConditionalOnClass found required classes 'javax.sql.DataSource', 'jakarta.transaction.TransactionManager', 'org.springframework.jdbc.datasource.embedded.EmbeddedDatabaseType' (OnClassCondition)


Exclusions:
-----------

    None


Unconditional classes:
----------------------

    org.springframework.boot.autoconfigure.context.ConfigurationPropertiesAutoConfiguration

    org.springframework.boot.autoconfigure.ssl.SslAutoConfiguration

    org.springframework.boot.autoconfigure.context.LifecycleAutoConfiguration

    org.springframework.boot.autoconfigure.context.PropertyPlaceholderAutoConfiguration

    org.springframework.boot.autoconfigure.availability.ApplicationAvailabilityAutoConfiguration

    org.springframework.boot.autoconfigure.info.ProjectInfoAutoConfiguration



2026-08-19T17:54:36.857+07:00  INFO 23724 --- [learning-service] [           main] i.f.l.LearningServiceApplication         : Started LearningServiceApplication in 5.202 seconds (process running for 5.505)
2026-08-19T17:54:36.857+07:00 DEBUG 23724 --- [learning-service] [           main] o.s.b.a.ApplicationAvailabilityBean      : Application availability state LivenessState changed to CORRECT
2026-08-19T17:54:36.859+07:00 DEBUG 23724 --- [learning-service] [           main] o.s.b.a.ApplicationAvailabilityBean      : Application availability state ReadinessState changed to ACCEPTING_TRAFFIC
2026-08-19T17:54:37.277+07:00  INFO 23724 --- [learning-service] [nio-8082-exec-1] o.a.c.c.C.[Tomcat].[localhost].[/]       : Initializing Spring DispatcherServlet 'dispatcherServlet'
2026-08-19T17:54:37.277+07:00  INFO 23724 --- [learning-service] [nio-8082-exec-1] o.s.web.servlet.DispatcherServlet        : Initializing Servlet 'dispatcherServlet'
2026-08-19T17:54:37.278+07:00 DEBUG 23724 --- [learning-service] [nio-8082-exec-1] o.s.web.servlet.DispatcherServlet        : Detected StandardServletMultipartResolver
2026-08-19T17:54:37.278+07:00 DEBUG 23724 --- [learning-service] [nio-8082-exec-1] o.s.web.servlet.DispatcherServlet        : Detected AcceptHeaderLocaleResolver
2026-08-19T17:54:37.280+07:00 DEBUG 23724 --- [learning-service] [nio-8082-exec-1] o.s.web.servlet.DispatcherServlet        : Detected org.springframework.web.servlet.view.DefaultRequestToViewNameTranslator@5d869991
2026-08-19T17:54:37.281+07:00 DEBUG 23724 --- [learning-service] [nio-8082-exec-1] o.s.web.servlet.DispatcherServlet        : Detected org.springframework.web.servlet.support.SessionFlashMapManager@77e28cae
2026-08-19T17:54:37.281+07:00 DEBUG 23724 --- [learning-service] [nio-8082-exec-1] o.s.web.servlet.DispatcherServlet        : enableLoggingRequestDetails='false': request parameters and headers will be masked to prevent unsafe logging of potentially sensitive data
2026-08-19T17:54:37.282+07:00  INFO 23724 --- [learning-service] [nio-8082-exec-1] o.s.web.servlet.DispatcherServlet        : Completed initialization in 4 ms
2026-08-19T17:54:37.295+07:00 DEBUG 23724 --- [learning-service] [nio-8082-exec-1] o.s.web.servlet.DispatcherServlet        : GET "/api/tutor-subjects/by-profile/2", parameters={}
2026-08-19T17:54:37.301+07:00 DEBUG 23724 --- [learning-service] [nio-8082-exec-1] s.w.s.m.m.a.RequestMappingHandlerMapping : Mapped to iuh.fit.learning_service.controller.TutorSubjectController#getTutorSubjects(Long)
2026-08-19T17:54:37.377+07:00 DEBUG 23724 --- [learning-service] [nio-8082-exec-1] org.hibernate.SQL                        : 
    select
        ts1_0.id,
        ts1_0.active,
        ts1_0.created_at,
        ts1_0.description,
        ts1_0.experience_years,
        ts1_0.one_to_one_hourly_rate,
        ts1_0.source_event_id,
        ts1_0.subject_id,
        ts1_0.tutor_profile_id,
        ts1_0.updated_at,
        ts1_0.user_id 
    from
        tutor_subjects ts1_0 
    where
        ts1_0.tutor_profile_id=? 
        and ts1_0.active=true 
    order by
        ts1_0.created_at
Hibernate: 
    select
        ts1_0.id,
        ts1_0.active,
        ts1_0.created_at,
        ts1_0.description,
        ts1_0.experience_years,
        ts1_0.one_to_one_hourly_rate,
        ts1_0.source_event_id,
        ts1_0.subject_id,
        ts1_0.tutor_profile_id,
        ts1_0.updated_at,
        ts1_0.user_id 
    from
        tutor_subjects ts1_0 
    where
        ts1_0.tutor_profile_id=? 
        and ts1_0.active=true 
    order by
        ts1_0.created_at
2026-08-19T17:54:37.396+07:00 DEBUG 23724 --- [learning-service] [nio-8082-exec-1] org.hibernate.SQL                        : 
    select
        tsr1_0.id,
        tsr1_0.category_id,
        tsr1_0.created_at,
        tsr1_0.description,
        tsr1_0.education_level_id,
        tsr1_0.experience_years,
        tsr1_0.program_type_id,
        tsr1_0.proposed_level_name,
        tsr1_0.proposed_level_type,
        tsr1_0.proposed_note,
        tsr1_0.proposed_subject_name,
        tsr1_0.reject_reason,
        tsr1_0.review_note,
        tsr1_0.reviewed_at,
        tsr1_0.reviewed_by_email,
        tsr1_0.status,
        tsr1_0.subject_id,
        tsr1_0.submitted_at,
        tsr1_0.tuition_max,
        tsr1_0.tuition_min,
        tsr1_0.tutor_email,
        tsr1_0.tutor_profile_id,
        tsr1_0.updated_at 
    from
        tutor_subject_registrations tsr1_0 
    where
        tsr1_0.tutor_profile_id=? 
        and tsr1_0.status=? 
    order by
        tsr1_0.created_at
Hibernate: 
    select
        tsr1_0.id,
        tsr1_0.category_id,
        tsr1_0.created_at,
        tsr1_0.description,
        tsr1_0.education_level_id,
        tsr1_0.experience_years,
        tsr1_0.program_type_id,
        tsr1_0.proposed_level_name,
        tsr1_0.proposed_level_type,
        tsr1_0.proposed_note,
        tsr1_0.proposed_subject_name,
        tsr1_0.reject_reason,
        tsr1_0.review_note,
        tsr1_0.reviewed_at,
        tsr1_0.reviewed_by_email,
        tsr1_0.status,
        tsr1_0.subject_id,
        tsr1_0.submitted_at,
        tsr1_0.tuition_max,
        tsr1_0.tuition_min,
        tsr1_0.tutor_email,
        tsr1_0.tutor_profile_id,
        tsr1_0.updated_at 
    from
        tutor_subject_registrations tsr1_0 
    where
        tsr1_0.tutor_profile_id=? 
        and tsr1_0.status=? 
    order by
        tsr1_0.created_at
2026-08-19T17:54:37.416+07:00 DEBUG 23724 --- [learning-service] [nio-8082-exec-1] org.hibernate.SQL                        : 
    select
        el1_0.id,
        el1_0.active,
        el1_0.code,
        el1_0.description,
        el1_0.name,
        el1_0.order_index 
    from
        education_levels el1_0 
    where
        el1_0.id=?
Hibernate: 
    select
        el1_0.id,
        el1_0.active,
        el1_0.code,
        el1_0.description,
        el1_0.name,
        el1_0.order_index 
    from
        education_levels el1_0 
    where
        el1_0.id=?
2026-08-19T17:54:37.420+07:00 DEBUG 23724 --- [learning-service] [nio-8082-exec-1] org.hibernate.SQL                        : 
    select
        cs1_0.id,
        cs1_0.active,
        cs1_0.category_id,
        cs1_0.code,
        cs1_0.created_at,
        cs1_0.description,
        cs1_0.name,
        cs1_0.order_index,
        cs1_0.updated_at 
    from
        catalog_subjects cs1_0 
    where
        cs1_0.id=?
Hibernate: 
    select
        cs1_0.id,
        cs1_0.active,
        cs1_0.category_id,
        cs1_0.code,
        cs1_0.created_at,
        cs1_0.description,
        cs1_0.name,
        cs1_0.order_index,
        cs1_0.updated_at 
    from
        catalog_subjects cs1_0 
    where
        cs1_0.id=?
2026-08-19T17:54:37.423+07:00 DEBUG 23724 --- [learning-service] [nio-8082-exec-1] org.hibernate.SQL                        : 
    select
        cc1_0.id,
        cc1_0.active,
        cc1_0.code,
        cc1_0.description,
        cc1_0.education_level_id,
        cc1_0.name,
        cc1_0.order_index,
        cc1_0.program_type_id 
    from
        catalog_categories cc1_0 
    where
        cc1_0.id=?
Hibernate: 
    select
        cc1_0.id,
        cc1_0.active,
        cc1_0.code,
        cc1_0.description,
        cc1_0.education_level_id,
        cc1_0.name,
        cc1_0.order_index,
        cc1_0.program_type_id 
    from
        catalog_categories cc1_0 
    where
        cc1_0.id=?
2026-08-19T17:54:37.426+07:00 DEBUG 23724 --- [learning-service] [nio-8082-exec-1] org.hibernate.SQL                        : 
    select
        cs1_0.id,
        cs1_0.active,
        cs1_0.category_id,
        cs1_0.code,
        cs1_0.created_at,
        cs1_0.description,
        cs1_0.name,
        cs1_0.order_index,
        cs1_0.updated_at 
    from
        catalog_subjects cs1_0 
    where
        cs1_0.id=?
Hibernate: 
    select
        cs1_0.id,
        cs1_0.active,
        cs1_0.category_id,
        cs1_0.code,
        cs1_0.created_at,
        cs1_0.description,
        cs1_0.name,
        cs1_0.order_index,
        cs1_0.updated_at 
    from
        catalog_subjects cs1_0 
    where
        cs1_0.id=?
2026-08-19T17:54:37.428+07:00 DEBUG 23724 --- [learning-service] [nio-8082-exec-1] org.hibernate.SQL                        : 
    select
        cc1_0.id,
        cc1_0.active,
        cc1_0.code,
        cc1_0.description,
        cc1_0.education_level_id,
        cc1_0.name,
        cc1_0.order_index,
        cc1_0.program_type_id 
    from
        catalog_categories cc1_0 
    where
        cc1_0.id=?
Hibernate: 
    select
        cc1_0.id,
        cc1_0.active,
        cc1_0.code,
        cc1_0.description,
        cc1_0.education_level_id,
        cc1_0.name,
        cc1_0.order_index,
        cc1_0.program_type_id 
    from
        catalog_categories cc1_0 
    where
        cc1_0.id=?
2026-08-19T17:54:37.439+07:00 DEBUG 23724 --- [learning-service] [nio-8082-exec-1] m.m.a.RequestResponseBodyMethodProcessor : Using 'application/json', given [*/*] and supported [application/json, application/*+json]
2026-08-19T17:54:37.442+07:00 DEBUG 23724 --- [learning-service] [nio-8082-exec-1] m.m.a.RequestResponseBodyMethodProcessor : Writing [[Response[tutorProfileId=2, subjectId=14, subjectName=Ti?ng Vi?t, subjectCategoryName=Ti?ng Vi?t, su (truncated)...]
2026-08-19T17:54:37.455+07:00 DEBUG 23724 --- [learning-service] [nio-8082-exec-1] o.s.web.servlet.DispatcherServlet        : Completed 200 OK
2026-08-19T17:54:43.891+07:00 DEBUG 23724 --- [learning-service] [nio-8082-exec-4] o.s.web.servlet.DispatcherServlet        : GET "/api/public/classes?tutorProfileId=2", parameters={masked}
2026-08-19T17:54:43.892+07:00 DEBUG 23724 --- [learning-service] [nio-8082-exec-4] s.w.s.m.m.a.RequestMappingHandlerMapping : Mapped to iuh.fit.learning_service.controller.PublicClassRoomController#getPublicClasses(Long, Long, Long, Long, Long, String, String, String, Long, BigDecimal, BigDecimal)
2026-08-19T17:54:43.905+07:00 DEBUG 23724 --- [learning-service] [nio-8082-exec-4] org.hibernate.SQL                        : 
    select
        cr1_0.id,
        cr1_0.address,
        cr1_0.created_at,
        cr1_0.description,
        cr1_0.duration_per_session_minutes,
        cr1_0.duration_unit,
        cr1_0.duration_value,
        cr1_0.end_date,
        cr1_0.join_key,
        cr1_0.join_mode,
        cr1_0.learning_mode,
        cr1_0.level_id,
        l1_0.id,
        l1_0.active,
        l1_0.code,
        l1_0.description,
        l1_0.name,
        l1_0.order_index,
        l1_0.subject_id,
        l1_0.level_type,
        cr1_0.max_students,
        cr1_0.meeting_link,
        cr1_0.name,
        cr1_0.price_per_session,
        cr1_0.reject_reason,
        cr1_0.sessions_per_week,
        cr1_0.start_date,
        cr1_0.status,
        cr1_0.syllabus_file_url,
        cr1_0.syllabus_mode,
        cr1_0.total_price,
        cr1_0.total_sessions,
        cr1_0.tutor_email,
        cr1_0.tutor_full_name,
        cr1_0.tutor_profile_id,
        cr1_0.tutor_subject_registration_id,
        tsr1_0.id,
        tsr1_0.category_id,
        tsr1_0.created_at,
        tsr1_0.description,
        tsr1_0.education_level_id,
        tsr1_0.experience_years,
        tsr1_0.program_type_id,
        tsr1_0.proposed_level_name,
        tsr1_0.proposed_level_type,
        tsr1_0.proposed_note,
        tsr1_0.proposed_subject_name,
        tsr1_0.reject_reason,
        tsr1_0.review_note,
        tsr1_0.reviewed_at,
        tsr1_0.reviewed_by_email,
        tsr1_0.status,
        s1_0.id,
        s1_0.active,
        s1_0.category_id,
        s1_0.code,
        s1_0.created_at,
        s1_0.description,
        s1_0.name,
        s1_0.order_index,
        s1_0.updated_at,
        tsr1_0.submitted_at,
        tsr1_0.tuition_max,
        tsr1_0.tuition_min,
        tsr1_0.tutor_email,
        tsr1_0.tutor_profile_id,
        tsr1_0.updated_at,
        cr1_0.updated_at 
    from
        class_rooms cr1_0 
    left join
        tutor_subject_registrations tsr1_0 
            on tsr1_0.id=cr1_0.tutor_subject_registration_id 
    left join
        catalog_subjects s1_0 
            on s1_0.id=tsr1_0.subject_id 
    left join
        catalog_levels l1_0 
            on l1_0.id=cr1_0.level_id 
    order by
        cr1_0.created_at desc
Hibernate: 
    select
        cr1_0.id,
        cr1_0.address,
        cr1_0.created_at,
        cr1_0.description,
        cr1_0.duration_per_session_minutes,
        cr1_0.duration_unit,
        cr1_0.duration_value,
        cr1_0.end_date,
        cr1_0.join_key,
        cr1_0.join_mode,
        cr1_0.learning_mode,
        cr1_0.level_id,
        l1_0.id,
        l1_0.active,
        l1_0.code,
        l1_0.description,
        l1_0.name,
        l1_0.order_index,
        l1_0.subject_id,
        l1_0.level_type,
        cr1_0.max_students,
        cr1_0.meeting_link,
        cr1_0.name,
        cr1_0.price_per_session,
        cr1_0.reject_reason,
        cr1_0.sessions_per_week,
        cr1_0.start_date,
        cr1_0.status,
        cr1_0.syllabus_file_url,
        cr1_0.syllabus_mode,
        cr1_0.total_price,
        cr1_0.total_sessions,
        cr1_0.tutor_email,
        cr1_0.tutor_full_name,
        cr1_0.tutor_profile_id,
        cr1_0.tutor_subject_registration_id,
        tsr1_0.id,
        tsr1_0.category_id,
        tsr1_0.created_at,
        tsr1_0.description,
        tsr1_0.education_level_id,
        tsr1_0.experience_years,
        tsr1_0.program_type_id,
        tsr1_0.proposed_level_name,
        tsr1_0.proposed_level_type,
        tsr1_0.proposed_note,
        tsr1_0.proposed_subject_name,
        tsr1_0.reject_reason,
        tsr1_0.review_note,
        tsr1_0.reviewed_at,
        tsr1_0.reviewed_by_email,
        tsr1_0.status,
        s1_0.id,
        s1_0.active,
        s1_0.category_id,
        s1_0.code,
        s1_0.created_at,
        s1_0.description,
        s1_0.name,
        s1_0.order_index,
        s1_0.updated_at,
        tsr1_0.submitted_at,
        tsr1_0.tuition_max,
        tsr1_0.tuition_min,
        tsr1_0.tutor_email,
        tsr1_0.tutor_profile_id,
        tsr1_0.updated_at,
        cr1_0.updated_at 
    from
        class_rooms cr1_0 
    left join
        tutor_subject_registrations tsr1_0 
            on tsr1_0.id=cr1_0.tutor_subject_registration_id 
    left join
        catalog_subjects s1_0 
            on s1_0.id=tsr1_0.subject_id 
    left join
        catalog_levels l1_0 
            on l1_0.id=cr1_0.level_id 
    order by
        cr1_0.created_at desc
2026-08-19T17:54:43.912+07:00 DEBUG 23724 --- [learning-service] [nio-8082-exec-4] org.hibernate.SQL                        : 
    select
        pt1_0.id,
        pt1_0.active,
        pt1_0.code,
        pt1_0.description,
        pt1_0.name,
        pt1_0.order_index 
    from
        program_types pt1_0 
    where
        pt1_0.id=?
Hibernate: 
    select
        pt1_0.id,
        pt1_0.active,
        pt1_0.code,
        pt1_0.description,
        pt1_0.name,
        pt1_0.order_index 
    from
        program_types pt1_0 
    where
        pt1_0.id=?
2026-08-19T17:54:43.915+07:00 DEBUG 23724 --- [learning-service] [nio-8082-exec-4] org.hibernate.SQL                        : 
    select
        el1_0.id,
        el1_0.active,
        el1_0.code,
        el1_0.description,
        el1_0.name,
        el1_0.order_index 
    from
        education_levels el1_0 
    where
        el1_0.id=?
Hibernate: 
    select
        el1_0.id,
        el1_0.active,
        el1_0.code,
        el1_0.description,
        el1_0.name,
        el1_0.order_index 
    from
        education_levels el1_0 
    where
        el1_0.id=?
2026-08-19T17:54:43.917+07:00 DEBUG 23724 --- [learning-service] [nio-8082-exec-4] org.hibernate.SQL                        : 
    select
        cc1_0.id,
        cc1_0.active,
        cc1_0.code,
        cc1_0.description,
        cc1_0.education_level_id,
        cc1_0.name,
        cc1_0.order_index,
        cc1_0.program_type_id 
    from
        catalog_categories cc1_0 
    where
        cc1_0.id=?
Hibernate: 
    select
        cc1_0.id,
        cc1_0.active,
        cc1_0.code,
        cc1_0.description,
        cc1_0.education_level_id,
        cc1_0.name,
        cc1_0.order_index,
        cc1_0.program_type_id 
    from
        catalog_categories cc1_0 
    where
        cc1_0.id=?
2026-08-19T17:54:43.924+07:00 DEBUG 23724 --- [learning-service] [nio-8082-exec-4] org.hibernate.SQL                        : 
    select
        s1_0.class_room_id,
        s1_0.id,
        s1_0.day_of_week,
        s1_0.end_time,
        s1_0.start_time 
    from
        class_schedules s1_0 
    where
        s1_0.class_room_id=? 
    order by
        s1_0.day_of_week,
        s1_0.start_time
Hibernate: 
    select
        s1_0.class_room_id,
        s1_0.id,
        s1_0.day_of_week,
        s1_0.end_time,
        s1_0.start_time 
    from
        class_schedules s1_0 
    where
        s1_0.class_room_id=? 
    order by
        s1_0.day_of_week,
        s1_0.start_time
2026-08-19T17:54:43.930+07:00 DEBUG 23724 --- [learning-service] [nio-8082-exec-4] org.hibernate.SQL                        : 
    select
        c1_0.class_room_id,
        c1_0.id,
        c1_0.description,
        c1_0.expected_sessions,
        c1_0.order_index,
        c1_0.title 
    from
        class_chapters c1_0 
    where
        c1_0.class_room_id=? 
    order by
        c1_0.order_index,
        c1_0.id
Hibernate: 
    select
        c1_0.class_room_id,
        c1_0.id,
        c1_0.description,
        c1_0.expected_sessions,
        c1_0.order_index,
        c1_0.title 
    from
        class_chapters c1_0 
    where
        c1_0.class_room_id=? 
    order by
        c1_0.order_index,
        c1_0.id
2026-08-19T17:54:43.935+07:00 DEBUG 23724 --- [learning-service] [nio-8082-exec-4] m.m.a.RequestResponseBodyMethodProcessor : Using 'application/json', given [*/*] and supported [application/json, application/*+json]
2026-08-19T17:54:43.948+07:00 DEBUG 23724 --- [learning-service] [nio-8082-exec-4] m.m.a.RequestResponseBodyMethodProcessor : Writing [[ClassRoomResponse[id=6, tutorSubjectRegistrationId=5, registration=RegistrationBrief[id=5, programT (truncated)...]
2026-08-19T17:54:43.958+07:00 DEBUG 23724 --- [learning-service] [nio-8082-exec-4] o.s.web.servlet.DispatcherServlet        : Completed 200 OK
2026-08-19T17:54:53.228+07:00 DEBUG 23724 --- [learning-service] [nio-8082-exec-6] o.s.web.servlet.DispatcherServlet        : GET "/api/tutor-subjects?tutorProfileIds=2", parameters={masked}
2026-08-19T17:54:53.229+07:00 DEBUG 23724 --- [learning-service] [nio-8082-exec-6] s.w.s.m.m.a.RequestMappingHandlerMapping : Mapped to iuh.fit.learning_service.controller.TutorSubjectController#getTutorSubjects(List)
2026-08-19T17:54:53.235+07:00 DEBUG 23724 --- [learning-service] [nio-8082-exec-6] org.hibernate.SQL                        : 
    select
        ts1_0.id,
        ts1_0.active,
        ts1_0.created_at,
        ts1_0.description,
        ts1_0.experience_years,
        ts1_0.one_to_one_hourly_rate,
        ts1_0.source_event_id,
        ts1_0.subject_id,
        ts1_0.tutor_profile_id,
        ts1_0.updated_at,
        ts1_0.user_id 
    from
        tutor_subjects ts1_0 
    where
        ts1_0.tutor_profile_id in (?) 
        and ts1_0.active=true 
    order by
        ts1_0.created_at
Hibernate: 
    select
        ts1_0.id,
        ts1_0.active,
        ts1_0.created_at,
        ts1_0.description,
        ts1_0.experience_years,
        ts1_0.one_to_one_hourly_rate,
        ts1_0.source_event_id,
        ts1_0.subject_id,
        ts1_0.tutor_profile_id,
        ts1_0.updated_at,
        ts1_0.user_id 
    from
        tutor_subjects ts1_0 
    where
        ts1_0.tutor_profile_id in (?) 
        and ts1_0.active=true 
    order by
        ts1_0.created_at
2026-08-19T17:54:53.242+07:00 DEBUG 23724 --- [learning-service] [nio-8082-exec-6] org.hibernate.SQL                        : 
    select
        tsr1_0.id,
        tsr1_0.category_id,
        tsr1_0.created_at,
        tsr1_0.description,
        tsr1_0.education_level_id,
        tsr1_0.experience_years,
        tsr1_0.program_type_id,
        tsr1_0.proposed_level_name,
        tsr1_0.proposed_level_type,
        tsr1_0.proposed_note,
        tsr1_0.proposed_subject_name,
        tsr1_0.reject_reason,
        tsr1_0.review_note,
        tsr1_0.reviewed_at,
        tsr1_0.reviewed_by_email,
        tsr1_0.status,
        tsr1_0.subject_id,
        tsr1_0.submitted_at,
        tsr1_0.tuition_max,
        tsr1_0.tuition_min,
        tsr1_0.tutor_email,
        tsr1_0.tutor_profile_id,
        tsr1_0.updated_at 
    from
        tutor_subject_registrations tsr1_0 
    where
        tsr1_0.tutor_profile_id in (?) 
        and tsr1_0.status=? 
    order by
        tsr1_0.created_at
Hibernate: 
    select
        tsr1_0.id,
        tsr1_0.category_id,
        tsr1_0.created_at,
        tsr1_0.description,
        tsr1_0.education_level_id,
        tsr1_0.experience_years,
        tsr1_0.program_type_id,
        tsr1_0.proposed_level_name,
        tsr1_0.proposed_level_type,
        tsr1_0.proposed_note,
        tsr1_0.proposed_subject_name,
        tsr1_0.reject_reason,
        tsr1_0.review_note,
        tsr1_0.reviewed_at,
        tsr1_0.reviewed_by_email,
        tsr1_0.status,
        tsr1_0.subject_id,
        tsr1_0.submitted_at,
        tsr1_0.tuition_max,
        tsr1_0.tuition_min,
        tsr1_0.tutor_email,
        tsr1_0.tutor_profile_id,
        tsr1_0.updated_at 
    from
        tutor_subject_registrations tsr1_0 
    where
        tsr1_0.tutor_profile_id in (?) 
        and tsr1_0.status=? 
    order by
        tsr1_0.created_at
2026-08-19T17:54:53.247+07:00 DEBUG 23724 --- [learning-service] [nio-8082-exec-6] org.hibernate.SQL                        : 
    select
        el1_0.id,
        el1_0.active,
        el1_0.code,
        el1_0.description,
        el1_0.name,
        el1_0.order_index 
    from
        education_levels el1_0 
    where
        el1_0.id=?
Hibernate: 
    select
        el1_0.id,
        el1_0.active,
        el1_0.code,
        el1_0.description,
        el1_0.name,
        el1_0.order_index 
    from
        education_levels el1_0 
    where
        el1_0.id=?
2026-08-19T17:54:53.250+07:00 DEBUG 23724 --- [learning-service] [nio-8082-exec-6] org.hibernate.SQL                        : 
    select
        cs1_0.id,
        cs1_0.active,
        cs1_0.category_id,
        cs1_0.code,
        cs1_0.created_at,
        cs1_0.description,
        cs1_0.name,
        cs1_0.order_index,
        cs1_0.updated_at 
    from
        catalog_subjects cs1_0 
    where
        cs1_0.id=?
Hibernate: 
    select
        cs1_0.id,
        cs1_0.active,
        cs1_0.category_id,
        cs1_0.code,
        cs1_0.created_at,
        cs1_0.description,
        cs1_0.name,
        cs1_0.order_index,
        cs1_0.updated_at 
    from
        catalog_subjects cs1_0 
    where
        cs1_0.id=?
2026-08-19T17:54:53.252+07:00 DEBUG 23724 --- [learning-service] [nio-8082-exec-6] org.hibernate.SQL                        : 
    select
        cc1_0.id,
        cc1_0.active,
        cc1_0.code,
        cc1_0.description,
        cc1_0.education_level_id,
        cc1_0.name,
        cc1_0.order_index,
        cc1_0.program_type_id 
    from
        catalog_categories cc1_0 
    where
        cc1_0.id=?
Hibernate: 
    select
        cc1_0.id,
        cc1_0.active,
        cc1_0.code,
        cc1_0.description,
        cc1_0.education_level_id,
        cc1_0.name,
        cc1_0.order_index,
        cc1_0.program_type_id 
    from
        catalog_categories cc1_0 
    where
        cc1_0.id=?
2026-08-19T17:54:53.256+07:00 DEBUG 23724 --- [learning-service] [nio-8082-exec-6] org.hibernate.SQL                        : 
    select
        cs1_0.id,
        cs1_0.active,
        cs1_0.category_id,
        cs1_0.code,
        cs1_0.created_at,
        cs1_0.description,
        cs1_0.name,
        cs1_0.order_index,
        cs1_0.updated_at 
    from
        catalog_subjects cs1_0 
    where
        cs1_0.id=?
Hibernate: 
    select
        cs1_0.id,
        cs1_0.active,
        cs1_0.category_id,
        cs1_0.code,
        cs1_0.created_at,
        cs1_0.description,
        cs1_0.name,
        cs1_0.order_index,
        cs1_0.updated_at 
    from
        catalog_subjects cs1_0 
    where
        cs1_0.id=?
2026-08-19T17:54:53.258+07:00 DEBUG 23724 --- [learning-service] [nio-8082-exec-6] org.hibernate.SQL                        : 
    select
        cc1_0.id,
        cc1_0.active,
        cc1_0.code,
        cc1_0.description,
        cc1_0.education_level_id,
        cc1_0.name,
        cc1_0.order_index,
        cc1_0.program_type_id 
    from
        catalog_categories cc1_0 
    where
        cc1_0.id=?
Hibernate: 
    select
        cc1_0.id,
        cc1_0.active,
        cc1_0.code,
        cc1_0.description,
        cc1_0.education_level_id,
        cc1_0.name,
        cc1_0.order_index,
        cc1_0.program_type_id 
    from
        catalog_categories cc1_0 
    where
        cc1_0.id=?
2026-08-19T17:54:53.262+07:00 DEBUG 23724 --- [learning-service] [nio-8082-exec-6] m.m.a.RequestResponseBodyMethodProcessor : Using 'application/json', given [*/*] and supported [application/json, application/*+json]
2026-08-19T17:54:53.263+07:00 DEBUG 23724 --- [learning-service] [nio-8082-exec-6] m.m.a.RequestResponseBodyMethodProcessor : Writing [[Response[tutorProfileId=2, subjectId=14, subjectName=Ti?ng Vi?t, subjectCategoryName=Ti?ng Vi?t, su (truncated)...]
2026-08-19T17:54:53.263+07:00 DEBUG 23724 --- [learning-service] [nio-8082-exec-6] o.s.web.servlet.DispatcherServlet        : Completed 200 OK
2026-08-19T17:54:53.560+07:00 DEBUG 23724 --- [learning-service] [nio-8082-exec-2] o.s.web.servlet.DispatcherServlet        : GET "/api/tutor-subjects?tutorProfileIds=2", parameters={masked}
2026-08-19T17:54:53.560+07:00 DEBUG 23724 --- [learning-service] [nio-8082-exec-2] s.w.s.m.m.a.RequestMappingHandlerMapping : Mapped to iuh.fit.learning_service.controller.TutorSubjectController#getTutorSubjects(List)
2026-08-19T17:54:53.562+07:00 DEBUG 23724 --- [learning-service] [nio-8082-exec-2] org.hibernate.SQL                        : 
    select
        ts1_0.id,
        ts1_0.active,
        ts1_0.created_at,
        ts1_0.description,
        ts1_0.experience_years,
        ts1_0.one_to_one_hourly_rate,
        ts1_0.source_event_id,
        ts1_0.subject_id,
        ts1_0.tutor_profile_id,
        ts1_0.updated_at,
        ts1_0.user_id 
    from
        tutor_subjects ts1_0 
    where
        ts1_0.tutor_profile_id in (?) 
        and ts1_0.active=true 
    order by
        ts1_0.created_at
Hibernate: 
    select
        ts1_0.id,
        ts1_0.active,
        ts1_0.created_at,
        ts1_0.description,
        ts1_0.experience_years,
        ts1_0.one_to_one_hourly_rate,
        ts1_0.source_event_id,
        ts1_0.subject_id,
        ts1_0.tutor_profile_id,
        ts1_0.updated_at,
        ts1_0.user_id 
    from
        tutor_subjects ts1_0 
    where
        ts1_0.tutor_profile_id in (?) 
        and ts1_0.active=true 
    order by
        ts1_0.created_at
2026-08-19T17:54:53.566+07:00 DEBUG 23724 --- [learning-service] [nio-8082-exec-2] org.hibernate.SQL                        : 
    select
        tsr1_0.id,
        tsr1_0.category_id,
        tsr1_0.created_at,
        tsr1_0.description,
        tsr1_0.education_level_id,
        tsr1_0.experience_years,
        tsr1_0.program_type_id,
        tsr1_0.proposed_level_name,
        tsr1_0.proposed_level_type,
        tsr1_0.proposed_note,
        tsr1_0.proposed_subject_name,
        tsr1_0.reject_reason,
        tsr1_0.review_note,
        tsr1_0.reviewed_at,
        tsr1_0.reviewed_by_email,
        tsr1_0.status,
        tsr1_0.subject_id,
        tsr1_0.submitted_at,
        tsr1_0.tuition_max,
        tsr1_0.tuition_min,
        tsr1_0.tutor_email,
        tsr1_0.tutor_profile_id,
        tsr1_0.updated_at 
    from
        tutor_subject_registrations tsr1_0 
    where
        tsr1_0.tutor_profile_id in (?) 
        and tsr1_0.status=? 
    order by
        tsr1_0.created_at
Hibernate: 
    select
        tsr1_0.id,
        tsr1_0.category_id,
        tsr1_0.created_at,
        tsr1_0.description,
        tsr1_0.education_level_id,
        tsr1_0.experience_years,
        tsr1_0.program_type_id,
        tsr1_0.proposed_level_name,
        tsr1_0.proposed_level_type,
        tsr1_0.proposed_note,
        tsr1_0.proposed_subject_name,
        tsr1_0.reject_reason,
        tsr1_0.review_note,
        tsr1_0.reviewed_at,
        tsr1_0.reviewed_by_email,
        tsr1_0.status,
        tsr1_0.subject_id,
        tsr1_0.submitted_at,
        tsr1_0.tuition_max,
        tsr1_0.tuition_min,
        tsr1_0.tutor_email,
        tsr1_0.tutor_profile_id,
        tsr1_0.updated_at 
    from
        tutor_subject_registrations tsr1_0 
    where
        tsr1_0.tutor_profile_id in (?) 
        and tsr1_0.status=? 
    order by
        tsr1_0.created_at
2026-08-19T17:54:53.569+07:00 DEBUG 23724 --- [learning-service] [nio-8082-exec-2] org.hibernate.SQL                        : 
    select
        el1_0.id,
        el1_0.active,
        el1_0.code,
        el1_0.description,
        el1_0.name,
        el1_0.order_index 
    from
        education_levels el1_0 
    where
        el1_0.id=?
Hibernate: 
    select
        el1_0.id,
        el1_0.active,
        el1_0.code,
        el1_0.description,
        el1_0.name,
        el1_0.order_index 
    from
        education_levels el1_0 
    where
        el1_0.id=?
2026-08-19T17:54:53.572+07:00 DEBUG 23724 --- [learning-service] [nio-8082-exec-2] org.hibernate.SQL                        : 
    select
        cs1_0.id,
        cs1_0.active,
        cs1_0.category_id,
        cs1_0.code,
        cs1_0.created_at,
        cs1_0.description,
        cs1_0.name,
        cs1_0.order_index,
        cs1_0.updated_at 
    from
        catalog_subjects cs1_0 
    where
        cs1_0.id=?
Hibernate: 
    select
        cs1_0.id,
        cs1_0.active,
        cs1_0.category_id,
        cs1_0.code,
        cs1_0.created_at,
        cs1_0.description,
        cs1_0.name,
        cs1_0.order_index,
        cs1_0.updated_at 
    from
        catalog_subjects cs1_0 
    where
        cs1_0.id=?
2026-08-19T17:54:53.573+07:00 DEBUG 23724 --- [learning-service] [nio-8082-exec-2] org.hibernate.SQL                        : 
    select
        cc1_0.id,
        cc1_0.active,
        cc1_0.code,
        cc1_0.description,
        cc1_0.education_level_id,
        cc1_0.name,
        cc1_0.order_index,
        cc1_0.program_type_id 
    from
        catalog_categories cc1_0 
    where
        cc1_0.id=?
Hibernate: 
    select
        cc1_0.id,
        cc1_0.active,
        cc1_0.code,
        cc1_0.description,
        cc1_0.education_level_id,
        cc1_0.name,
        cc1_0.order_index,
        cc1_0.program_type_id 
    from
        catalog_categories cc1_0 
    where
        cc1_0.id=?
2026-08-19T17:54:53.575+07:00 DEBUG 23724 --- [learning-service] [nio-8082-exec-2] org.hibernate.SQL                        : 
    select
        cs1_0.id,
        cs1_0.active,
        cs1_0.category_id,
        cs1_0.code,
        cs1_0.created_at,
        cs1_0.description,
        cs1_0.name,
        cs1_0.order_index,
        cs1_0.updated_at 
    from
        catalog_subjects cs1_0 
    where
        cs1_0.id=?
Hibernate: 
    select
        cs1_0.id,
        cs1_0.active,
        cs1_0.category_id,
        cs1_0.code,
        cs1_0.created_at,
        cs1_0.description,
        cs1_0.name,
        cs1_0.order_index,
        cs1_0.updated_at 
    from
        catalog_subjects cs1_0 
    where
        cs1_0.id=?
2026-08-19T17:54:53.578+07:00 DEBUG 23724 --- [learning-service] [nio-8082-exec-2] org.hibernate.SQL                        : 
    select
        cc1_0.id,
        cc1_0.active,
        cc1_0.code,
        cc1_0.description,
        cc1_0.education_level_id,
        cc1_0.name,
        cc1_0.order_index,
        cc1_0.program_type_id 
    from
        catalog_categories cc1_0 
    where
        cc1_0.id=?
Hibernate: 
    select
        cc1_0.id,
        cc1_0.active,
        cc1_0.code,
        cc1_0.description,
        cc1_0.education_level_id,
        cc1_0.name,
        cc1_0.order_index,
        cc1_0.program_type_id 
    from
        catalog_categories cc1_0 
    where
        cc1_0.id=?
2026-08-19T17:54:53.581+07:00 DEBUG 23724 --- [learning-service] [nio-8082-exec-2] m.m.a.RequestResponseBodyMethodProcessor : Using 'application/json', given [*/*] and supported [application/json, application/*+json]
2026-08-19T17:54:53.582+07:00 DEBUG 23724 --- [learning-service] [nio-8082-exec-2] m.m.a.RequestResponseBodyMethodProcessor : Writing [[Response[tutorProfileId=2, subjectId=14, subjectName=Ti?ng Vi?t, subjectCategoryName=Ti?ng Vi?t, su (truncated)...]
2026-08-19T17:54:53.582+07:00 DEBUG 23724 --- [learning-service] [nio-8082-exec-2] o.s.web.servlet.DispatcherServlet        : Completed 200 OK
2026-08-19T17:54:53.865+07:00 DEBUG 23724 --- [learning-service] [nio-8082-exec-3] o.s.web.servlet.DispatcherServlet        : GET "/api/tutor-subjects?tutorProfileIds=2", parameters={masked}
2026-08-19T17:54:53.866+07:00 DEBUG 23724 --- [learning-service] [nio-8082-exec-3] s.w.s.m.m.a.RequestMappingHandlerMapping : Mapped to iuh.fit.learning_service.controller.TutorSubjectController#getTutorSubjects(List)
2026-08-19T17:54:53.868+07:00 DEBUG 23724 --- [learning-service] [nio-8082-exec-3] org.hibernate.SQL                        : 
    select
        ts1_0.id,
        ts1_0.active,
        ts1_0.created_at,
        ts1_0.description,
        ts1_0.experience_years,
        ts1_0.one_to_one_hourly_rate,
        ts1_0.source_event_id,
        ts1_0.subject_id,
        ts1_0.tutor_profile_id,
        ts1_0.updated_at,
        ts1_0.user_id 
    from
        tutor_subjects ts1_0 
    where
        ts1_0.tutor_profile_id in (?) 
        and ts1_0.active=true 
    order by
        ts1_0.created_at
Hibernate: 
    select
        ts1_0.id,
        ts1_0.active,
        ts1_0.created_at,
        ts1_0.description,
        ts1_0.experience_years,
        ts1_0.one_to_one_hourly_rate,
        ts1_0.source_event_id,
        ts1_0.subject_id,
        ts1_0.tutor_profile_id,
        ts1_0.updated_at,
        ts1_0.user_id 
    from
        tutor_subjects ts1_0 
    where
        ts1_0.tutor_profile_id in (?) 
        and ts1_0.active=true 
    order by
        ts1_0.created_at
2026-08-19T17:54:53.872+07:00 DEBUG 23724 --- [learning-service] [nio-8082-exec-3] org.hibernate.SQL                        : 
    select
        tsr1_0.id,
        tsr1_0.category_id,
        tsr1_0.created_at,
        tsr1_0.description,
        tsr1_0.education_level_id,
        tsr1_0.experience_years,
        tsr1_0.program_type_id,
        tsr1_0.proposed_level_name,
        tsr1_0.proposed_level_type,
        tsr1_0.proposed_note,
        tsr1_0.proposed_subject_name,
        tsr1_0.reject_reason,
        tsr1_0.review_note,
        tsr1_0.reviewed_at,
        tsr1_0.reviewed_by_email,
        tsr1_0.status,
        tsr1_0.subject_id,
        tsr1_0.submitted_at,
        tsr1_0.tuition_max,
        tsr1_0.tuition_min,
        tsr1_0.tutor_email,
        tsr1_0.tutor_profile_id,
        tsr1_0.updated_at 
    from
        tutor_subject_registrations tsr1_0 
    where
        tsr1_0.tutor_profile_id in (?) 
        and tsr1_0.status=? 
    order by
        tsr1_0.created_at
Hibernate: 
    select
        tsr1_0.id,
        tsr1_0.category_id,
        tsr1_0.created_at,
        tsr1_0.description,
        tsr1_0.education_level_id,
        tsr1_0.experience_years,
        tsr1_0.program_type_id,
        tsr1_0.proposed_level_name,
        tsr1_0.proposed_level_type,
        tsr1_0.proposed_note,
        tsr1_0.proposed_subject_name,
        tsr1_0.reject_reason,
        tsr1_0.review_note,
        tsr1_0.reviewed_at,
        tsr1_0.reviewed_by_email,
        tsr1_0.status,
        tsr1_0.subject_id,
        tsr1_0.submitted_at,
        tsr1_0.tuition_max,
        tsr1_0.tuition_min,
        tsr1_0.tutor_email,
        tsr1_0.tutor_profile_id,
        tsr1_0.updated_at 
    from
        tutor_subject_registrations tsr1_0 
    where
        tsr1_0.tutor_profile_id in (?) 
        and tsr1_0.status=? 
    order by
        tsr1_0.created_at
2026-08-19T17:54:53.875+07:00 DEBUG 23724 --- [learning-service] [nio-8082-exec-3] org.hibernate.SQL                        : 
    select
        el1_0.id,
        el1_0.active,
        el1_0.code,
        el1_0.description,
        el1_0.name,
        el1_0.order_index 
    from
        education_levels el1_0 
    where
        el1_0.id=?
Hibernate: 
    select
        el1_0.id,
        el1_0.active,
        el1_0.code,
        el1_0.description,
        el1_0.name,
        el1_0.order_index 
    from
        education_levels el1_0 
    where
        el1_0.id=?
2026-08-19T17:54:53.877+07:00 DEBUG 23724 --- [learning-service] [nio-8082-exec-3] org.hibernate.SQL                        : 
    select
        cs1_0.id,
        cs1_0.active,
        cs1_0.category_id,
        cs1_0.code,
        cs1_0.created_at,
        cs1_0.description,
        cs1_0.name,
        cs1_0.order_index,
        cs1_0.updated_at 
    from
        catalog_subjects cs1_0 
    where
        cs1_0.id=?
Hibernate: 
    select
        cs1_0.id,
        cs1_0.active,
        cs1_0.category_id,
        cs1_0.code,
        cs1_0.created_at,
        cs1_0.description,
        cs1_0.name,
        cs1_0.order_index,
        cs1_0.updated_at 
    from
        catalog_subjects cs1_0 
    where
        cs1_0.id=?
2026-08-19T17:54:53.879+07:00 DEBUG 23724 --- [learning-service] [nio-8082-exec-3] org.hibernate.SQL                        : 
    select
        cc1_0.id,
        cc1_0.active,
        cc1_0.code,
        cc1_0.description,
        cc1_0.education_level_id,
        cc1_0.name,
        cc1_0.order_index,
        cc1_0.program_type_id 
    from
        catalog_categories cc1_0 
    where
        cc1_0.id=?
Hibernate: 
    select
        cc1_0.id,
        cc1_0.active,
        cc1_0.code,
        cc1_0.description,
        cc1_0.education_level_id,
        cc1_0.name,
        cc1_0.order_index,
        cc1_0.program_type_id 
    from
        catalog_categories cc1_0 
    where
        cc1_0.id=?
2026-08-19T17:54:53.881+07:00 DEBUG 23724 --- [learning-service] [nio-8082-exec-3] org.hibernate.SQL                        : 
    select
        cs1_0.id,
        cs1_0.active,
        cs1_0.category_id,
        cs1_0.code,
        cs1_0.created_at,
        cs1_0.description,
        cs1_0.name,
        cs1_0.order_index,
        cs1_0.updated_at 
    from
        catalog_subjects cs1_0 
    where
        cs1_0.id=?
Hibernate: 
    select
        cs1_0.id,
        cs1_0.active,
        cs1_0.category_id,
        cs1_0.code,
        cs1_0.created_at,
        cs1_0.description,
        cs1_0.name,
        cs1_0.order_index,
        cs1_0.updated_at 
    from
        catalog_subjects cs1_0 
    where
        cs1_0.id=?
2026-08-19T17:54:53.883+07:00 DEBUG 23724 --- [learning-service] [nio-8082-exec-3] org.hibernate.SQL                        : 
    select
        cc1_0.id,
        cc1_0.active,
        cc1_0.code,
        cc1_0.description,
        cc1_0.education_level_id,
        cc1_0.name,
        cc1_0.order_index,
        cc1_0.program_type_id 
    from
        catalog_categories cc1_0 
    where
        cc1_0.id=?
Hibernate: 
    select
        cc1_0.id,
        cc1_0.active,
        cc1_0.code,
        cc1_0.description,
        cc1_0.education_level_id,
        cc1_0.name,
        cc1_0.order_index,
        cc1_0.program_type_id 
    from
        catalog_categories cc1_0 
    where
        cc1_0.id=?
2026-08-19T17:54:53.885+07:00 DEBUG 23724 --- [learning-service] [nio-8082-exec-3] m.m.a.RequestResponseBodyMethodProcessor : Using 'application/json', given [*/*] and supported [application/json, application/*+json]
2026-08-19T17:54:53.886+07:00 DEBUG 23724 --- [learning-service] [nio-8082-exec-3] m.m.a.RequestResponseBodyMethodProcessor : Writing [[Response[tutorProfileId=2, subjectId=14, subjectName=Ti?ng Vi?t, subjectCategoryName=Ti?ng Vi?t, su (truncated)...]
2026-08-19T17:54:53.887+07:00 DEBUG 23724 --- [learning-service] [nio-8082-exec-3] o.s.web.servlet.DispatcherServlet        : Completed 200 OK
2026-08-19T17:57:00.134+07:00 DEBUG 23724 --- [learning-service] [nio-8082-exec-9] o.s.web.servlet.DispatcherServlet        : GET "/api/teaching-catalog/education-levels", parameters={}
2026-08-19T17:57:00.134+07:00 DEBUG 23724 --- [learning-service] [nio-8082-exec-8] o.s.web.servlet.DispatcherServlet        : GET "/api/teaching-catalog/program-types", parameters={}
2026-08-19T17:57:00.135+07:00 DEBUG 23724 --- [learning-service] [nio-8082-exec-9] s.w.s.m.m.a.RequestMappingHandlerMapping : Mapped to iuh.fit.learning_service.controller.TeachingCatalogController#educationLevels()
2026-08-19T17:57:00.136+07:00 DEBUG 23724 --- [learning-service] [nio-8082-exec-8] s.w.s.m.m.a.RequestMappingHandlerMapping : Mapped to iuh.fit.learning_service.controller.TeachingCatalogController#programTypes()
2026-08-19T17:57:00.146+07:00 DEBUG 23724 --- [learning-service] [nio-8082-exec-9] org.hibernate.SQL                        : 
    select
        el1_0.id,
        el1_0.active,
        el1_0.code,
        el1_0.description,
        el1_0.name,
        el1_0.order_index 
    from
        education_levels el1_0 
    where
        el1_0.active=true 
    order by
        el1_0.order_index,
        el1_0.name
Hibernate: 
    select
        el1_0.id,
        el1_0.active,
        el1_0.code,
        el1_0.description,
        el1_0.name,
        el1_0.order_index 
    from
        education_levels el1_0 
    where
        el1_0.active=true 
    order by
        el1_0.order_index,
        el1_0.name
2026-08-19T17:57:00.146+07:00 DEBUG 23724 --- [learning-service] [nio-8082-exec-8] org.hibernate.SQL                        : 
    select
        pt1_0.id,
        pt1_0.active,
        pt1_0.code,
        pt1_0.description,
        pt1_0.name,
        pt1_0.order_index 
    from
        program_types pt1_0 
    where
        pt1_0.active=true 
    order by
        pt1_0.order_index,
        pt1_0.name
Hibernate: 
    select
        pt1_0.id,
        pt1_0.active,
        pt1_0.code,
        pt1_0.description,
        pt1_0.name,
        pt1_0.order_index 
    from
        program_types pt1_0 
    where
        pt1_0.active=true 
    order by
        pt1_0.order_index,
        pt1_0.name
2026-08-19T17:57:00.155+07:00 DEBUG 23724 --- [learning-service] [nio-8082-exec-8] m.m.a.RequestResponseBodyMethodProcessor : Using 'application/json', given [*/*] and supported [application/json, application/*+json]
2026-08-19T17:57:00.155+07:00 DEBUG 23724 --- [learning-service] [nio-8082-exec-9] m.m.a.RequestResponseBodyMethodProcessor : Using 'application/json', given [*/*] and supported [application/json, application/*+json]
2026-08-19T17:57:00.156+07:00 DEBUG 23724 --- [learning-service] [nio-8082-exec-9] m.m.a.RequestResponseBodyMethodProcessor : Writing [[Option[id=1, code=PRIMARY, name=Ti?u h?c, description=L?p 1 ??n l?p 5], Option[id=2, code=SECONDARY (truncated)...]
2026-08-19T17:57:00.156+07:00 DEBUG 23724 --- [learning-service] [nio-8082-exec-8] m.m.a.RequestResponseBodyMethodProcessor : Writing [[Option[id=1, code=ACADEMIC, name=H?c thu?t / Theo c?p h?c, description=Ch??ng trình h?c chính quy t (truncated)...]
2026-08-19T17:57:00.158+07:00 DEBUG 23724 --- [learning-service] [nio-8082-exec-9] o.s.web.servlet.DispatcherServlet        : Completed 200 OK
2026-08-19T17:57:00.160+07:00 DEBUG 23724 --- [learning-service] [nio-8082-exec-8] o.s.web.servlet.DispatcherServlet        : Completed 200 OK
2026-08-19T17:57:00.175+07:00 DEBUG 23724 --- [learning-service] [nio-8082-exec-1] o.s.web.servlet.DispatcherServlet        : GET "/api/teaching-catalog/education-levels", parameters={}
2026-08-19T17:57:00.175+07:00 DEBUG 23724 --- [learning-service] [io-8082-exec-10] o.s.web.servlet.DispatcherServlet        : GET "/api/teaching-catalog/program-types", parameters={}
2026-08-19T17:57:00.176+07:00 DEBUG 23724 --- [learning-service] [nio-8082-exec-1] s.w.s.m.m.a.RequestMappingHandlerMapping : Mapped to iuh.fit.learning_service.controller.TeachingCatalogController#educationLevels()
2026-08-19T17:57:00.176+07:00 DEBUG 23724 --- [learning-service] [io-8082-exec-10] s.w.s.m.m.a.RequestMappingHandlerMapping : Mapped to iuh.fit.learning_service.controller.TeachingCatalogController#programTypes()
2026-08-19T17:57:00.178+07:00 DEBUG 23724 --- [learning-service] [io-8082-exec-10] org.hibernate.SQL                        : 
    select
        pt1_0.id,
        pt1_0.active,
        pt1_0.code,
        pt1_0.description,
        pt1_0.name,
        pt1_0.order_index 
    from
        program_types pt1_0 
    where
        pt1_0.active=true 
    order by
        pt1_0.order_index,
        pt1_0.name
Hibernate: 
    select
        pt1_0.id,
        pt1_0.active,
        pt1_0.code,
        pt1_0.description,
        pt1_0.name,
        pt1_0.order_index 
    from
        program_types pt1_0 
    where
        pt1_0.active=true 
    order by
        pt1_0.order_index,
        pt1_0.name
2026-08-19T17:57:00.178+07:00 DEBUG 23724 --- [learning-service] [nio-8082-exec-1] org.hibernate.SQL                        : 
    select
        el1_0.id,
        el1_0.active,
        el1_0.code,
        el1_0.description,
        el1_0.name,
        el1_0.order_index 
    from
        education_levels el1_0 
    where
        el1_0.active=true 
    order by
        el1_0.order_index,
        el1_0.name
Hibernate: 
    select
        el1_0.id,
        el1_0.active,
        el1_0.code,
        el1_0.description,
        el1_0.name,
        el1_0.order_index 
    from
        education_levels el1_0 
    where
        el1_0.active=true 
    order by
        el1_0.order_index,
        el1_0.name
2026-08-19T17:57:00.185+07:00 DEBUG 23724 --- [learning-service] [io-8082-exec-10] m.m.a.RequestResponseBodyMethodProcessor : Using 'application/json', given [*/*] and supported [application/json, application/*+json]
2026-08-19T17:57:00.185+07:00 DEBUG 23724 --- [learning-service] [nio-8082-exec-1] m.m.a.RequestResponseBodyMethodProcessor : Using 'application/json', given [*/*] and supported [application/json, application/*+json]
2026-08-19T17:57:00.185+07:00 DEBUG 23724 --- [learning-service] [io-8082-exec-10] m.m.a.RequestResponseBodyMethodProcessor : Writing [[Option[id=1, code=ACADEMIC, name=H?c thu?t / Theo c?p h?c, description=Ch??ng trình h?c chính quy t (truncated)...]
2026-08-19T17:57:00.186+07:00 DEBUG 23724 --- [learning-service] [nio-8082-exec-1] m.m.a.RequestResponseBodyMethodProcessor : Writing [[Option[id=1, code=PRIMARY, name=Ti?u h?c, description=L?p 1 ??n l?p 5], Option[id=2, code=SECONDARY (truncated)...]
2026-08-19T17:57:00.187+07:00 DEBUG 23724 --- [learning-service] [nio-8082-exec-1] o.s.web.servlet.DispatcherServlet        : Completed 200 OK
2026-08-19T17:57:00.187+07:00 DEBUG 23724 --- [learning-service] [io-8082-exec-10] o.s.web.servlet.DispatcherServlet        : Completed 200 OK
2026-08-19T17:57:00.201+07:00 DEBUG 23724 --- [learning-service] [nio-8082-exec-4] o.s.web.servlet.DispatcherServlet        : GET "/api/public/classes", parameters={}
2026-08-19T17:57:00.202+07:00 DEBUG 23724 --- [learning-service] [nio-8082-exec-4] s.w.s.m.m.a.RequestMappingHandlerMapping : Mapped to iuh.fit.learning_service.controller.PublicClassRoomController#getPublicClasses(Long, Long, Long, Long, Long, String, String, String, Long, BigDecimal, BigDecimal)
2026-08-19T17:57:00.204+07:00 DEBUG 23724 --- [learning-service] [nio-8082-exec-4] org.hibernate.SQL                        : 
    select
        cr1_0.id,
        cr1_0.address,
        cr1_0.created_at,
        cr1_0.description,
        cr1_0.duration_per_session_minutes,
        cr1_0.duration_unit,
        cr1_0.duration_value,
        cr1_0.end_date,
        cr1_0.join_key,
        cr1_0.join_mode,
        cr1_0.learning_mode,
        cr1_0.level_id,
        l1_0.id,
        l1_0.active,
        l1_0.code,
        l1_0.description,
        l1_0.name,
        l1_0.order_index,
        l1_0.subject_id,
        l1_0.level_type,
        cr1_0.max_students,
        cr1_0.meeting_link,
        cr1_0.name,
        cr1_0.price_per_session,
        cr1_0.reject_reason,
        cr1_0.sessions_per_week,
        cr1_0.start_date,
        cr1_0.status,
        cr1_0.syllabus_file_url,
        cr1_0.syllabus_mode,
        cr1_0.total_price,
        cr1_0.total_sessions,
        cr1_0.tutor_email,
        cr1_0.tutor_full_name,
        cr1_0.tutor_profile_id,
        cr1_0.tutor_subject_registration_id,
        tsr1_0.id,
        tsr1_0.category_id,
        tsr1_0.created_at,
        tsr1_0.description,
        tsr1_0.education_level_id,
        tsr1_0.experience_years,
        tsr1_0.program_type_id,
        tsr1_0.proposed_level_name,
        tsr1_0.proposed_level_type,
        tsr1_0.proposed_note,
        tsr1_0.proposed_subject_name,
        tsr1_0.reject_reason,
        tsr1_0.review_note,
        tsr1_0.reviewed_at,
        tsr1_0.reviewed_by_email,
        tsr1_0.status,
        s1_0.id,
        s1_0.active,
        s1_0.category_id,
        s1_0.code,
        s1_0.created_at,
        s1_0.description,
        s1_0.name,
        s1_0.order_index,
        s1_0.updated_at,
        tsr1_0.submitted_at,
        tsr1_0.tuition_max,
        tsr1_0.tuition_min,
        tsr1_0.tutor_email,
        tsr1_0.tutor_profile_id,
        tsr1_0.updated_at,
        cr1_0.updated_at 
    from
        class_rooms cr1_0 
    left join
        tutor_subject_registrations tsr1_0 
            on tsr1_0.id=cr1_0.tutor_subject_registration_id 
    left join
        catalog_subjects s1_0 
            on s1_0.id=tsr1_0.subject_id 
    left join
        catalog_levels l1_0 
            on l1_0.id=cr1_0.level_id 
    order by
        cr1_0.created_at desc
Hibernate: 
    select
        cr1_0.id,
        cr1_0.address,
        cr1_0.created_at,
        cr1_0.description,
        cr1_0.duration_per_session_minutes,
        cr1_0.duration_unit,
        cr1_0.duration_value,
        cr1_0.end_date,
        cr1_0.join_key,
        cr1_0.join_mode,
        cr1_0.learning_mode,
        cr1_0.level_id,
        l1_0.id,
        l1_0.active,
        l1_0.code,
        l1_0.description,
        l1_0.name,
        l1_0.order_index,
        l1_0.subject_id,
        l1_0.level_type,
        cr1_0.max_students,
        cr1_0.meeting_link,
        cr1_0.name,
        cr1_0.price_per_session,
        cr1_0.reject_reason,
        cr1_0.sessions_per_week,
        cr1_0.start_date,
        cr1_0.status,
        cr1_0.syllabus_file_url,
        cr1_0.syllabus_mode,
        cr1_0.total_price,
        cr1_0.total_sessions,
        cr1_0.tutor_email,
        cr1_0.tutor_full_name,
        cr1_0.tutor_profile_id,
        cr1_0.tutor_subject_registration_id,
        tsr1_0.id,
        tsr1_0.category_id,
        tsr1_0.created_at,
        tsr1_0.description,
        tsr1_0.education_level_id,
        tsr1_0.experience_years,
        tsr1_0.program_type_id,
        tsr1_0.proposed_level_name,
        tsr1_0.proposed_level_type,
        tsr1_0.proposed_note,
        tsr1_0.proposed_subject_name,
        tsr1_0.reject_reason,
        tsr1_0.review_note,
        tsr1_0.reviewed_at,
        tsr1_0.reviewed_by_email,
        tsr1_0.status,
        s1_0.id,
        s1_0.active,
        s1_0.category_id,
        s1_0.code,
        s1_0.created_at,
        s1_0.description,
        s1_0.name,
        s1_0.order_index,
        s1_0.updated_at,
        tsr1_0.submitted_at,
        tsr1_0.tuition_max,
        tsr1_0.tuition_min,
        tsr1_0.tutor_email,
        tsr1_0.tutor_profile_id,
        tsr1_0.updated_at,
        cr1_0.updated_at 
    from
        class_rooms cr1_0 
    left join
        tutor_subject_registrations tsr1_0 
            on tsr1_0.id=cr1_0.tutor_subject_registration_id 
    left join
        catalog_subjects s1_0 
            on s1_0.id=tsr1_0.subject_id 
    left join
        catalog_levels l1_0 
            on l1_0.id=cr1_0.level_id 
    order by
        cr1_0.created_at desc
2026-08-19T17:57:00.209+07:00 DEBUG 23724 --- [learning-service] [nio-8082-exec-4] org.hibernate.SQL                        : 
    select
        pt1_0.id,
        pt1_0.active,
        pt1_0.code,
        pt1_0.description,
        pt1_0.name,
        pt1_0.order_index 
    from
        program_types pt1_0 
    where
        pt1_0.id=?
Hibernate: 
    select
        pt1_0.id,
        pt1_0.active,
        pt1_0.code,
        pt1_0.description,
        pt1_0.name,
        pt1_0.order_index 
    from
        program_types pt1_0 
    where
        pt1_0.id=?
2026-08-19T17:57:00.213+07:00 DEBUG 23724 --- [learning-service] [nio-8082-exec-4] org.hibernate.SQL                        : 
    select
        el1_0.id,
        el1_0.active,
        el1_0.code,
        el1_0.description,
        el1_0.name,
        el1_0.order_index 
    from
        education_levels el1_0 
    where
        el1_0.id=?
Hibernate: 
    select
        el1_0.id,
        el1_0.active,
        el1_0.code,
        el1_0.description,
        el1_0.name,
        el1_0.order_index 
    from
        education_levels el1_0 
    where
        el1_0.id=?
2026-08-19T17:57:00.216+07:00 DEBUG 23724 --- [learning-service] [nio-8082-exec-4] org.hibernate.SQL                        : 
    select
        cc1_0.id,
        cc1_0.active,
        cc1_0.code,
        cc1_0.description,
        cc1_0.education_level_id,
        cc1_0.name,
        cc1_0.order_index,
        cc1_0.program_type_id 
    from
        catalog_categories cc1_0 
    where
        cc1_0.id=?
Hibernate: 
    select
        cc1_0.id,
        cc1_0.active,
        cc1_0.code,
        cc1_0.description,
        cc1_0.education_level_id,
        cc1_0.name,
        cc1_0.order_index,
        cc1_0.program_type_id 
    from
        catalog_categories cc1_0 
    where
        cc1_0.id=?
2026-08-19T17:57:00.219+07:00 DEBUG 23724 --- [learning-service] [nio-8082-exec-4] org.hibernate.SQL                        : 
    select
        s1_0.class_room_id,
        s1_0.id,
        s1_0.day_of_week,
        s1_0.end_time,
        s1_0.start_time 
    from
        class_schedules s1_0 
    where
        s1_0.class_room_id=? 
    order by
        s1_0.day_of_week,
        s1_0.start_time
Hibernate: 
    select
        s1_0.class_room_id,
        s1_0.id,
        s1_0.day_of_week,
        s1_0.end_time,
        s1_0.start_time 
    from
        class_schedules s1_0 
    where
        s1_0.class_room_id=? 
    order by
        s1_0.day_of_week,
        s1_0.start_time
2026-08-19T17:57:00.223+07:00 DEBUG 23724 --- [learning-service] [nio-8082-exec-4] org.hibernate.SQL                        : 
    select
        c1_0.class_room_id,
        c1_0.id,
        c1_0.description,
        c1_0.expected_sessions,
        c1_0.order_index,
        c1_0.title 
    from
        class_chapters c1_0 
    where
        c1_0.class_room_id=? 
    order by
        c1_0.order_index,
        c1_0.id
Hibernate: 
    select
        c1_0.class_room_id,
        c1_0.id,
        c1_0.description,
        c1_0.expected_sessions,
        c1_0.order_index,
        c1_0.title 
    from
        class_chapters c1_0 
    where
        c1_0.class_room_id=? 
    order by
        c1_0.order_index,
        c1_0.id
2026-08-19T17:57:00.230+07:00 DEBUG 23724 --- [learning-service] [nio-8082-exec-4] m.m.a.RequestResponseBodyMethodProcessor : Using 'application/json', given [*/*] and supported [application/json, application/*+json]
2026-08-19T17:57:00.231+07:00 DEBUG 23724 --- [learning-service] [nio-8082-exec-4] m.m.a.RequestResponseBodyMethodProcessor : Writing [[ClassRoomResponse[id=6, tutorSubjectRegistrationId=5, registration=RegistrationBrief[id=5, programT (truncated)...]
2026-08-19T17:57:00.233+07:00 DEBUG 23724 --- [learning-service] [nio-8082-exec-4] o.s.web.servlet.DispatcherServlet        : Completed 200 OK
2026-08-19T19:08:20.649+07:00  WARN 23724 --- [learning-service] [l-1:housekeeper] com.zaxxer.hikari.pool.HikariPool        : HikariPool-1 - Thread starvation or clock leap detected (housekeeper delta=1h11m17s202ms547µs200ns).
2026-08-19T19:08:24.758+07:00 DEBUG 23724 --- [learning-service] [nio-8082-exec-3] o.s.web.servlet.DispatcherServlet        : GET "/api/teaching-catalog/education-levels", parameters={}
2026-08-19T19:08:24.758+07:00 DEBUG 23724 --- [learning-service] [nio-8082-exec-5] o.s.web.servlet.DispatcherServlet        : GET "/api/teaching-catalog/program-types", parameters={}
2026-08-19T19:08:24.760+07:00 DEBUG 23724 --- [learning-service] [nio-8082-exec-5] s.w.s.m.m.a.RequestMappingHandlerMapping : Mapped to iuh.fit.learning_service.controller.TeachingCatalogController#programTypes()
2026-08-19T19:08:24.760+07:00 DEBUG 23724 --- [learning-service] [nio-8082-exec-3] s.w.s.m.m.a.RequestMappingHandlerMapping : Mapped to iuh.fit.learning_service.controller.TeachingCatalogController#educationLevels()
2026-08-19T19:08:24.766+07:00 DEBUG 23724 --- [learning-service] [nio-8082-exec-3] org.hibernate.SQL                        : 
    select
        el1_0.id,
        el1_0.active,
        el1_0.code,
        el1_0.description,
        el1_0.name,
        el1_0.order_index 
    from
        education_levels el1_0 
    where
        el1_0.active=true 
    order by
        el1_0.order_index,
        el1_0.name
Hibernate: 
    select
        el1_0.id,
        el1_0.active,
        el1_0.code,
        el1_0.description,
        el1_0.name,
        el1_0.order_index 
    from
        education_levels el1_0 
    where
        el1_0.active=true 
    order by
        el1_0.order_index,
        el1_0.name
2026-08-19T19:08:24.772+07:00 DEBUG 23724 --- [learning-service] [nio-8082-exec-5] org.hibernate.SQL                        : 
    select
        pt1_0.id,
        pt1_0.active,
        pt1_0.code,
        pt1_0.description,
        pt1_0.name,
        pt1_0.order_index 
    from
        program_types pt1_0 
    where
        pt1_0.active=true 
    order by
        pt1_0.order_index,
        pt1_0.name
Hibernate: 
    select
        pt1_0.id,
        pt1_0.active,
        pt1_0.code,
        pt1_0.description,
        pt1_0.name,
        pt1_0.order_index 
    from
        program_types pt1_0 
    where
        pt1_0.active=true 
    order by
        pt1_0.order_index,
        pt1_0.name
2026-08-19T19:08:24.784+07:00 DEBUG 23724 --- [learning-service] [nio-8082-exec-3] m.m.a.RequestResponseBodyMethodProcessor : Using 'application/json', given [*/*] and supported [application/json, application/*+json]
2026-08-19T19:08:24.785+07:00 DEBUG 23724 --- [learning-service] [nio-8082-exec-3] m.m.a.RequestResponseBodyMethodProcessor : Writing [[Option[id=1, code=PRIMARY, name=Ti?u h?c, description=L?p 1 ??n l?p 5], Option[id=2, code=SECONDARY (truncated)...]
2026-08-19T19:08:24.786+07:00 DEBUG 23724 --- [learning-service] [nio-8082-exec-3] o.s.web.servlet.DispatcherServlet        : Completed 200 OK
2026-08-19T19:08:24.790+07:00 DEBUG 23724 --- [learning-service] [nio-8082-exec-5] m.m.a.RequestResponseBodyMethodProcessor : Using 'application/json', given [*/*] and supported [application/json, application/*+json]
2026-08-19T19:08:24.791+07:00 DEBUG 23724 --- [learning-service] [nio-8082-exec-5] m.m.a.RequestResponseBodyMethodProcessor : Writing [[Option[id=1, code=ACADEMIC, name=H?c thu?t / Theo c?p h?c, description=Ch??ng trình h?c chính quy t (truncated)...]
2026-08-19T19:08:24.794+07:00 DEBUG 23724 --- [learning-service] [nio-8082-exec-5] o.s.web.servlet.DispatcherServlet        : Completed 200 OK
2026-08-19T19:08:24.809+07:00 DEBUG 23724 --- [learning-service] [nio-8082-exec-7] o.s.web.servlet.DispatcherServlet        : GET "/api/teaching-catalog/education-levels", parameters={}
2026-08-19T19:08:24.810+07:00 DEBUG 23724 --- [learning-service] [nio-8082-exec-7] s.w.s.m.m.a.RequestMappingHandlerMapping : Mapped to iuh.fit.learning_service.controller.TeachingCatalogController#educationLevels()
2026-08-19T19:08:24.813+07:00 DEBUG 23724 --- [learning-service] [nio-8082-exec-7] org.hibernate.SQL                        : 
    select
        el1_0.id,
        el1_0.active,
        el1_0.code,
        el1_0.description,
        el1_0.name,
        el1_0.order_index 
    from
        education_levels el1_0 
    where
        el1_0.active=true 
    order by
        el1_0.order_index,
        el1_0.name
Hibernate: 
    select
        el1_0.id,
        el1_0.active,
        el1_0.code,
        el1_0.description,
        el1_0.name,
        el1_0.order_index 
    from
        education_levels el1_0 
    where
        el1_0.active=true 
    order by
        el1_0.order_index,
        el1_0.name
2026-08-19T19:08:24.827+07:00 DEBUG 23724 --- [learning-service] [nio-8082-exec-7] m.m.a.RequestResponseBodyMethodProcessor : Using 'application/json', given [*/*] and supported [application/json, application/*+json]
2026-08-19T19:08:24.829+07:00 DEBUG 23724 --- [learning-service] [nio-8082-exec-7] m.m.a.RequestResponseBodyMethodProcessor : Writing [[Option[id=1, code=PRIMARY, name=Ti?u h?c, description=L?p 1 ??n l?p 5], Option[id=2, code=SECONDARY (truncated)...]
2026-08-19T19:08:24.831+07:00 DEBUG 23724 --- [learning-service] [nio-8082-exec-7] o.s.web.servlet.DispatcherServlet        : Completed 200 OK
2026-08-19T19:08:24.866+07:00 DEBUG 23724 --- [learning-service] [nio-8082-exec-9] o.s.web.servlet.DispatcherServlet        : GET "/api/teaching-catalog/program-types", parameters={}
2026-08-19T19:08:24.870+07:00 DEBUG 23724 --- [learning-service] [nio-8082-exec-9] s.w.s.m.m.a.RequestMappingHandlerMapping : Mapped to iuh.fit.learning_service.controller.TeachingCatalogController#programTypes()
2026-08-19T19:08:24.873+07:00 DEBUG 23724 --- [learning-service] [nio-8082-exec-9] org.hibernate.SQL                        : 
    select
        pt1_0.id,
        pt1_0.active,
        pt1_0.code,
        pt1_0.description,
        pt1_0.name,
        pt1_0.order_index 
    from
        program_types pt1_0 
    where
        pt1_0.active=true 
    order by
        pt1_0.order_index,
        pt1_0.name
Hibernate: 
    select
        pt1_0.id,
        pt1_0.active,
        pt1_0.code,
        pt1_0.description,
        pt1_0.name,
        pt1_0.order_index 
    from
        program_types pt1_0 
    where
        pt1_0.active=true 
    order by
        pt1_0.order_index,
        pt1_0.name
2026-08-19T19:08:24.889+07:00 DEBUG 23724 --- [learning-service] [nio-8082-exec-9] m.m.a.RequestResponseBodyMethodProcessor : Using 'application/json', given [*/*] and supported [application/json, application/*+json]
2026-08-19T19:08:24.890+07:00 DEBUG 23724 --- [learning-service] [nio-8082-exec-9] m.m.a.RequestResponseBodyMethodProcessor : Writing [[Option[id=1, code=ACADEMIC, name=H?c thu?t / Theo c?p h?c, description=Ch??ng trình h?c chính quy t (truncated)...]
2026-08-19T19:08:24.891+07:00 DEBUG 23724 --- [learning-service] [nio-8082-exec-9] o.s.web.servlet.DispatcherServlet        : Completed 200 OK
2026-08-19T19:08:25.031+07:00 DEBUG 23724 --- [learning-service] [nio-8082-exec-8] o.s.web.servlet.DispatcherServlet        : GET "/api/public/classes", parameters={}
2026-08-19T19:08:25.032+07:00 DEBUG 23724 --- [learning-service] [nio-8082-exec-8] s.w.s.m.m.a.RequestMappingHandlerMapping : Mapped to iuh.fit.learning_service.controller.PublicClassRoomController#getPublicClasses(Long, Long, Long, Long, Long, String, String, String, Long, BigDecimal, BigDecimal)
2026-08-19T19:08:25.033+07:00 DEBUG 23724 --- [learning-service] [nio-8082-exec-8] org.hibernate.SQL                        : 
    select
        cr1_0.id,
        cr1_0.address,
        cr1_0.created_at,
        cr1_0.description,
        cr1_0.duration_per_session_minutes,
        cr1_0.duration_unit,
        cr1_0.duration_value,
        cr1_0.end_date,
        cr1_0.join_key,
        cr1_0.join_mode,
        cr1_0.learning_mode,
        cr1_0.level_id,
        l1_0.id,
        l1_0.active,
        l1_0.code,
        l1_0.description,
        l1_0.name,
        l1_0.order_index,
        l1_0.subject_id,
        l1_0.level_type,
        cr1_0.max_students,
        cr1_0.meeting_link,
        cr1_0.name,
        cr1_0.price_per_session,
        cr1_0.reject_reason,
        cr1_0.sessions_per_week,
        cr1_0.start_date,
        cr1_0.status,
        cr1_0.syllabus_file_url,
        cr1_0.syllabus_mode,
        cr1_0.total_price,
        cr1_0.total_sessions,
        cr1_0.tutor_email,
        cr1_0.tutor_full_name,
        cr1_0.tutor_profile_id,
        cr1_0.tutor_subject_registration_id,
        tsr1_0.id,
        tsr1_0.category_id,
        tsr1_0.created_at,
        tsr1_0.description,
        tsr1_0.education_level_id,
        tsr1_0.experience_years,
        tsr1_0.program_type_id,
        tsr1_0.proposed_level_name,
        tsr1_0.proposed_level_type,
        tsr1_0.proposed_note,
        tsr1_0.proposed_subject_name,
        tsr1_0.reject_reason,
        tsr1_0.review_note,
        tsr1_0.reviewed_at,
        tsr1_0.reviewed_by_email,
        tsr1_0.status,
        s1_0.id,
        s1_0.active,
        s1_0.category_id,
        s1_0.code,
        s1_0.created_at,
        s1_0.description,
        s1_0.name,
        s1_0.order_index,
        s1_0.updated_at,
        tsr1_0.submitted_at,
        tsr1_0.tuition_max,
        tsr1_0.tuition_min,
        tsr1_0.tutor_email,
        tsr1_0.tutor_profile_id,
        tsr1_0.updated_at,
        cr1_0.updated_at 
    from
        class_rooms cr1_0 
    left join
        tutor_subject_registrations tsr1_0 
            on tsr1_0.id=cr1_0.tutor_subject_registration_id 
    left join
        catalog_subjects s1_0 
            on s1_0.id=tsr1_0.subject_id 
    left join
        catalog_levels l1_0 
            on l1_0.id=cr1_0.level_id 
    order by
        cr1_0.created_at desc
Hibernate: 
    select
        cr1_0.id,
        cr1_0.address,
        cr1_0.created_at,
        cr1_0.description,
        cr1_0.duration_per_session_minutes,
        cr1_0.duration_unit,
        cr1_0.duration_value,
        cr1_0.end_date,
        cr1_0.join_key,
        cr1_0.join_mode,
        cr1_0.learning_mode,
        cr1_0.level_id,
        l1_0.id,
        l1_0.active,
        l1_0.code,
        l1_0.description,
        l1_0.name,
        l1_0.order_index,
        l1_0.subject_id,
        l1_0.level_type,
        cr1_0.max_students,
        cr1_0.meeting_link,
        cr1_0.name,
        cr1_0.price_per_session,
        cr1_0.reject_reason,
        cr1_0.sessions_per_week,
        cr1_0.start_date,
        cr1_0.status,
        cr1_0.syllabus_file_url,
        cr1_0.syllabus_mode,
        cr1_0.total_price,
        cr1_0.total_sessions,
        cr1_0.tutor_email,
        cr1_0.tutor_full_name,
        cr1_0.tutor_profile_id,
        cr1_0.tutor_subject_registration_id,
        tsr1_0.id,
        tsr1_0.category_id,
        tsr1_0.created_at,
        tsr1_0.description,
        tsr1_0.education_level_id,
        tsr1_0.experience_years,
        tsr1_0.program_type_id,
        tsr1_0.proposed_level_name,
        tsr1_0.proposed_level_type,
        tsr1_0.proposed_note,
        tsr1_0.proposed_subject_name,
        tsr1_0.reject_reason,
        tsr1_0.review_note,
        tsr1_0.reviewed_at,
        tsr1_0.reviewed_by_email,
        tsr1_0.status,
        s1_0.id,
        s1_0.active,
        s1_0.category_id,
        s1_0.code,
        s1_0.created_at,
        s1_0.description,
        s1_0.name,
        s1_0.order_index,
        s1_0.updated_at,
        tsr1_0.submitted_at,
        tsr1_0.tuition_max,
        tsr1_0.tuition_min,
        tsr1_0.tutor_email,
        tsr1_0.tutor_profile_id,
        tsr1_0.updated_at,
        cr1_0.updated_at 
    from
        class_rooms cr1_0 
    left join
        tutor_subject_registrations tsr1_0 
            on tsr1_0.id=cr1_0.tutor_subject_registration_id 
    left join
        catalog_subjects s1_0 
            on s1_0.id=tsr1_0.subject_id 
    left join
        catalog_levels l1_0 
            on l1_0.id=cr1_0.level_id 
    order by
        cr1_0.created_at desc
2026-08-19T19:08:25.041+07:00 DEBUG 23724 --- [learning-service] [nio-8082-exec-8] org.hibernate.SQL                        : 
    select
        pt1_0.id,
        pt1_0.active,
        pt1_0.code,
        pt1_0.description,
        pt1_0.name,
        pt1_0.order_index 
    from
        program_types pt1_0 
    where
        pt1_0.id=?
Hibernate: 
    select
        pt1_0.id,
        pt1_0.active,
        pt1_0.code,
        pt1_0.description,
        pt1_0.name,
        pt1_0.order_index 
    from
        program_types pt1_0 
    where
        pt1_0.id=?
2026-08-19T19:08:25.044+07:00 DEBUG 23724 --- [learning-service] [nio-8082-exec-8] org.hibernate.SQL                        : 
    select
        el1_0.id,
        el1_0.active,
        el1_0.code,
        el1_0.description,
        el1_0.name,
        el1_0.order_index 
    from
        education_levels el1_0 
    where
        el1_0.id=?
Hibernate: 
    select
        el1_0.id,
        el1_0.active,
        el1_0.code,
        el1_0.description,
        el1_0.name,
        el1_0.order_index 
    from
        education_levels el1_0 
    where
        el1_0.id=?
2026-08-19T19:08:25.047+07:00 DEBUG 23724 --- [learning-service] [nio-8082-exec-8] org.hibernate.SQL                        : 
    select
        cc1_0.id,
        cc1_0.active,
        cc1_0.code,
        cc1_0.description,
        cc1_0.education_level_id,
        cc1_0.name,
        cc1_0.order_index,
        cc1_0.program_type_id 
    from
        catalog_categories cc1_0 
    where
        cc1_0.id=?
Hibernate: 
    select
        cc1_0.id,
        cc1_0.active,
        cc1_0.code,
        cc1_0.description,
        cc1_0.education_level_id,
        cc1_0.name,
        cc1_0.order_index,
        cc1_0.program_type_id 
    from
        catalog_categories cc1_0 
    where
        cc1_0.id=?
2026-08-19T19:08:25.051+07:00 DEBUG 23724 --- [learning-service] [nio-8082-exec-8] org.hibernate.SQL                        : 
    select
        s1_0.class_room_id,
        s1_0.id,
        s1_0.day_of_week,
        s1_0.end_time,
        s1_0.start_time 
    from
        class_schedules s1_0 
    where
        s1_0.class_room_id=? 
    order by
        s1_0.day_of_week,
        s1_0.start_time
Hibernate: 
    select
        s1_0.class_room_id,
        s1_0.id,
        s1_0.day_of_week,
        s1_0.end_time,
        s1_0.start_time 
    from
        class_schedules s1_0 
    where
        s1_0.class_room_id=? 
    order by
        s1_0.day_of_week,
        s1_0.start_time
2026-08-19T19:08:25.054+07:00 DEBUG 23724 --- [learning-service] [nio-8082-exec-8] org.hibernate.SQL                        : 
    select
        c1_0.class_room_id,
        c1_0.id,
        c1_0.description,
        c1_0.expected_sessions,
        c1_0.order_index,
        c1_0.title 
    from
        class_chapters c1_0 
    where
        c1_0.class_room_id=? 
    order by
        c1_0.order_index,
        c1_0.id
Hibernate: 
    select
        c1_0.class_room_id,
        c1_0.id,
        c1_0.description,
        c1_0.expected_sessions,
        c1_0.order_index,
        c1_0.title 
    from
        class_chapters c1_0 
    where
        c1_0.class_room_id=? 
    order by
        c1_0.order_index,
        c1_0.id
2026-08-19T19:08:25.060+07:00 DEBUG 23724 --- [learning-service] [nio-8082-exec-8] m.m.a.RequestResponseBodyMethodProcessor : Using 'application/json', given [*/*] and supported [application/json, application/*+json]
2026-08-19T19:08:25.062+07:00 DEBUG 23724 --- [learning-service] [nio-8082-exec-8] m.m.a.RequestResponseBodyMethodProcessor : Writing [[ClassRoomResponse[id=6, tutorSubjectRegistrationId=5, registration=RegistrationBrief[id=5, programT (truncated)...]
2026-08-19T19:08:25.063+07:00 DEBUG 23724 --- [learning-service] [nio-8082-exec-8] o.s.web.servlet.DispatcherServlet        : Completed 200 OK
2026-08-19T19:12:30.731+07:00 DEBUG 23724 --- [learning-service] [nio-8082-exec-4] o.s.web.servlet.DispatcherServlet        : GET "/api/tutor-subjects/by-profile/2", parameters={}
2026-08-19T19:12:30.732+07:00 DEBUG 23724 --- [learning-service] [nio-8082-exec-4] s.w.s.m.m.a.RequestMappingHandlerMapping : Mapped to iuh.fit.learning_service.controller.TutorSubjectController#getTutorSubjects(Long)
2026-08-19T19:12:30.737+07:00 DEBUG 23724 --- [learning-service] [nio-8082-exec-4] org.hibernate.SQL                        : 
    select
        ts1_0.id,
        ts1_0.active,
        ts1_0.created_at,
        ts1_0.description,
        ts1_0.experience_years,
        ts1_0.one_to_one_hourly_rate,
        ts1_0.source_event_id,
        ts1_0.subject_id,
        ts1_0.tutor_profile_id,
        ts1_0.updated_at,
        ts1_0.user_id 
    from
        tutor_subjects ts1_0 
    where
        ts1_0.tutor_profile_id=? 
        and ts1_0.active=true 
    order by
        ts1_0.created_at
Hibernate: 
    select
        ts1_0.id,
        ts1_0.active,
        ts1_0.created_at,
        ts1_0.description,
        ts1_0.experience_years,
        ts1_0.one_to_one_hourly_rate,
        ts1_0.source_event_id,
        ts1_0.subject_id,
        ts1_0.tutor_profile_id,
        ts1_0.updated_at,
        ts1_0.user_id 
    from
        tutor_subjects ts1_0 
    where
        ts1_0.tutor_profile_id=? 
        and ts1_0.active=true 
    order by
        ts1_0.created_at
2026-08-19T19:12:30.746+07:00 DEBUG 23724 --- [learning-service] [nio-8082-exec-4] org.hibernate.SQL                        : 
    select
        tsr1_0.id,
        tsr1_0.category_id,
        tsr1_0.created_at,
        tsr1_0.description,
        tsr1_0.education_level_id,
        tsr1_0.experience_years,
        tsr1_0.program_type_id,
        tsr1_0.proposed_level_name,
        tsr1_0.proposed_level_type,
        tsr1_0.proposed_note,
        tsr1_0.proposed_subject_name,
        tsr1_0.reject_reason,
        tsr1_0.review_note,
        tsr1_0.reviewed_at,
        tsr1_0.reviewed_by_email,
        tsr1_0.status,
        tsr1_0.subject_id,
        tsr1_0.submitted_at,
        tsr1_0.tuition_max,
        tsr1_0.tuition_min,
        tsr1_0.tutor_email,
        tsr1_0.tutor_profile_id,
        tsr1_0.updated_at 
    from
        tutor_subject_registrations tsr1_0 
    where
        tsr1_0.tutor_profile_id=? 
        and tsr1_0.status=? 
    order by
        tsr1_0.created_at
Hibernate: 
    select
        tsr1_0.id,
        tsr1_0.category_id,
        tsr1_0.created_at,
        tsr1_0.description,
        tsr1_0.education_level_id,
        tsr1_0.experience_years,
        tsr1_0.program_type_id,
        tsr1_0.proposed_level_name,
        tsr1_0.proposed_level_type,
        tsr1_0.proposed_note,
        tsr1_0.proposed_subject_name,
        tsr1_0.reject_reason,
        tsr1_0.review_note,
        tsr1_0.reviewed_at,
        tsr1_0.reviewed_by_email,
        tsr1_0.status,
        tsr1_0.subject_id,
        tsr1_0.submitted_at,
        tsr1_0.tuition_max,
        tsr1_0.tuition_min,
        tsr1_0.tutor_email,
        tsr1_0.tutor_profile_id,
        tsr1_0.updated_at 
    from
        tutor_subject_registrations tsr1_0 
    where
        tsr1_0.tutor_profile_id=? 
        and tsr1_0.status=? 
    order by
        tsr1_0.created_at
2026-08-19T19:12:30.754+07:00 DEBUG 23724 --- [learning-service] [nio-8082-exec-4] org.hibernate.SQL                        : 
    select
        el1_0.id,
        el1_0.active,
        el1_0.code,
        el1_0.description,
        el1_0.name,
        el1_0.order_index 
    from
        education_levels el1_0 
    where
        el1_0.id=?
Hibernate: 
    select
        el1_0.id,
        el1_0.active,
        el1_0.code,
        el1_0.description,
        el1_0.name,
        el1_0.order_index 
    from
        education_levels el1_0 
    where
        el1_0.id=?
2026-08-19T19:12:30.761+07:00 DEBUG 23724 --- [learning-service] [nio-8082-exec-4] org.hibernate.SQL                        : 
    select
        cs1_0.id,
        cs1_0.active,
        cs1_0.category_id,
        cs1_0.code,
        cs1_0.created_at,
        cs1_0.description,
        cs1_0.name,
        cs1_0.order_index,
        cs1_0.updated_at 
    from
        catalog_subjects cs1_0 
    where
        cs1_0.id=?
Hibernate: 
    select
        cs1_0.id,
        cs1_0.active,
        cs1_0.category_id,
        cs1_0.code,
        cs1_0.created_at,
        cs1_0.description,
        cs1_0.name,
        cs1_0.order_index,
        cs1_0.updated_at 
    from
        catalog_subjects cs1_0 
    where
        cs1_0.id=?
2026-08-19T19:12:30.767+07:00 DEBUG 23724 --- [learning-service] [nio-8082-exec-4] org.hibernate.SQL                        : 
    select
        cc1_0.id,
        cc1_0.active,
        cc1_0.code,
        cc1_0.description,
        cc1_0.education_level_id,
        cc1_0.name,
        cc1_0.order_index,
        cc1_0.program_type_id 
    from
        catalog_categories cc1_0 
    where
        cc1_0.id=?
Hibernate: 
    select
        cc1_0.id,
        cc1_0.active,
        cc1_0.code,
        cc1_0.description,
        cc1_0.education_level_id,
        cc1_0.name,
        cc1_0.order_index,
        cc1_0.program_type_id 
    from
        catalog_categories cc1_0 
    where
        cc1_0.id=?
2026-08-19T19:12:30.771+07:00 DEBUG 23724 --- [learning-service] [nio-8082-exec-4] org.hibernate.SQL                        : 
    select
        cs1_0.id,
        cs1_0.active,
        cs1_0.category_id,
        cs1_0.code,
        cs1_0.created_at,
        cs1_0.description,
        cs1_0.name,
        cs1_0.order_index,
        cs1_0.updated_at 
    from
        catalog_subjects cs1_0 
    where
        cs1_0.id=?
Hibernate: 
    select
        cs1_0.id,
        cs1_0.active,
        cs1_0.category_id,
        cs1_0.code,
        cs1_0.created_at,
        cs1_0.description,
        cs1_0.name,
        cs1_0.order_index,
        cs1_0.updated_at 
    from
        catalog_subjects cs1_0 
    where
        cs1_0.id=?
2026-08-19T19:12:30.775+07:00 DEBUG 23724 --- [learning-service] [nio-8082-exec-4] org.hibernate.SQL                        : 
    select
        cc1_0.id,
        cc1_0.active,
        cc1_0.code,
        cc1_0.description,
        cc1_0.education_level_id,
        cc1_0.name,
        cc1_0.order_index,
        cc1_0.program_type_id 
    from
        catalog_categories cc1_0 
    where
        cc1_0.id=?
Hibernate: 
    select
        cc1_0.id,
        cc1_0.active,
        cc1_0.code,
        cc1_0.description,
        cc1_0.education_level_id,
        cc1_0.name,
        cc1_0.order_index,
        cc1_0.program_type_id 
    from
        catalog_categories cc1_0 
    where
        cc1_0.id=?
2026-08-19T19:12:30.783+07:00 DEBUG 23724 --- [learning-service] [nio-8082-exec-4] m.m.a.RequestResponseBodyMethodProcessor : Using 'application/json', given [*/*] and supported [application/json, application/*+json]
2026-08-19T19:12:30.784+07:00 DEBUG 23724 --- [learning-service] [nio-8082-exec-4] m.m.a.RequestResponseBodyMethodProcessor : Writing [[Response[tutorProfileId=2, subjectId=14, subjectName=Ti?ng Vi?t, subjectCategoryName=Ti?ng Vi?t, su (truncated)...]
2026-08-19T19:12:30.785+07:00 DEBUG 23724 --- [learning-service] [nio-8082-exec-4] o.s.web.servlet.DispatcherServlet        : Completed 200 OK
2026-08-19T19:12:30.869+07:00 DEBUG 23724 --- [learning-service] [nio-8082-exec-6] o.s.web.servlet.DispatcherServlet        : GET "/api/public/classes?tutorProfileId=2", parameters={masked}
2026-08-19T19:12:30.869+07:00 DEBUG 23724 --- [learning-service] [nio-8082-exec-6] s.w.s.m.m.a.RequestMappingHandlerMapping : Mapped to iuh.fit.learning_service.controller.PublicClassRoomController#getPublicClasses(Long, Long, Long, Long, Long, String, String, String, Long, BigDecimal, BigDecimal)
2026-08-19T19:12:30.872+07:00 DEBUG 23724 --- [learning-service] [nio-8082-exec-6] org.hibernate.SQL                        : 
    select
        cr1_0.id,
        cr1_0.address,
        cr1_0.created_at,
        cr1_0.description,
        cr1_0.duration_per_session_minutes,
        cr1_0.duration_unit,
        cr1_0.duration_value,
        cr1_0.end_date,
        cr1_0.join_key,
        cr1_0.join_mode,
        cr1_0.learning_mode,
        cr1_0.level_id,
        l1_0.id,
        l1_0.active,
        l1_0.code,
        l1_0.description,
        l1_0.name,
        l1_0.order_index,
        l1_0.subject_id,
        l1_0.level_type,
        cr1_0.max_students,
        cr1_0.meeting_link,
        cr1_0.name,
        cr1_0.price_per_session,
        cr1_0.reject_reason,
        cr1_0.sessions_per_week,
        cr1_0.start_date,
        cr1_0.status,
        cr1_0.syllabus_file_url,
        cr1_0.syllabus_mode,
        cr1_0.total_price,
        cr1_0.total_sessions,
        cr1_0.tutor_email,
        cr1_0.tutor_full_name,
        cr1_0.tutor_profile_id,
        cr1_0.tutor_subject_registration_id,
        tsr1_0.id,
        tsr1_0.category_id,
        tsr1_0.created_at,
        tsr1_0.description,
        tsr1_0.education_level_id,
        tsr1_0.experience_years,
        tsr1_0.program_type_id,
        tsr1_0.proposed_level_name,
        tsr1_0.proposed_level_type,
        tsr1_0.proposed_note,
        tsr1_0.proposed_subject_name,
        tsr1_0.reject_reason,
        tsr1_0.review_note,
        tsr1_0.reviewed_at,
        tsr1_0.reviewed_by_email,
        tsr1_0.status,
        s1_0.id,
        s1_0.active,
        s1_0.category_id,
        s1_0.code,
        s1_0.created_at,
        s1_0.description,
        s1_0.name,
        s1_0.order_index,
        s1_0.updated_at,
        tsr1_0.submitted_at,
        tsr1_0.tuition_max,
        tsr1_0.tuition_min,
        tsr1_0.tutor_email,
        tsr1_0.tutor_profile_id,
        tsr1_0.updated_at,
        cr1_0.updated_at 
    from
        class_rooms cr1_0 
    left join
        tutor_subject_registrations tsr1_0 
            on tsr1_0.id=cr1_0.tutor_subject_registration_id 
    left join
        catalog_subjects s1_0 
            on s1_0.id=tsr1_0.subject_id 
    left join
        catalog_levels l1_0 
            on l1_0.id=cr1_0.level_id 
    order by
        cr1_0.created_at desc
Hibernate: 
    select
        cr1_0.id,
        cr1_0.address,
        cr1_0.created_at,
        cr1_0.description,
        cr1_0.duration_per_session_minutes,
        cr1_0.duration_unit,
        cr1_0.duration_value,
        cr1_0.end_date,
        cr1_0.join_key,
        cr1_0.join_mode,
        cr1_0.learning_mode,
        cr1_0.level_id,
        l1_0.id,
        l1_0.active,
        l1_0.code,
        l1_0.description,
        l1_0.name,
        l1_0.order_index,
        l1_0.subject_id,
        l1_0.level_type,
        cr1_0.max_students,
        cr1_0.meeting_link,
        cr1_0.name,
        cr1_0.price_per_session,
        cr1_0.reject_reason,
        cr1_0.sessions_per_week,
        cr1_0.start_date,
        cr1_0.status,
        cr1_0.syllabus_file_url,
        cr1_0.syllabus_mode,
        cr1_0.total_price,
        cr1_0.total_sessions,
        cr1_0.tutor_email,
        cr1_0.tutor_full_name,
        cr1_0.tutor_profile_id,
        cr1_0.tutor_subject_registration_id,
        tsr1_0.id,
        tsr1_0.category_id,
        tsr1_0.created_at,
        tsr1_0.description,
        tsr1_0.education_level_id,
        tsr1_0.experience_years,
        tsr1_0.program_type_id,
        tsr1_0.proposed_level_name,
        tsr1_0.proposed_level_type,
        tsr1_0.proposed_note,
        tsr1_0.proposed_subject_name,
        tsr1_0.reject_reason,
        tsr1_0.review_note,
        tsr1_0.reviewed_at,
        tsr1_0.reviewed_by_email,
        tsr1_0.status,
        s1_0.id,
        s1_0.active,
        s1_0.category_id,
        s1_0.code,
        s1_0.created_at,
        s1_0.description,
        s1_0.name,
        s1_0.order_index,
        s1_0.updated_at,
        tsr1_0.submitted_at,
        tsr1_0.tuition_max,
        tsr1_0.tuition_min,
        tsr1_0.tutor_email,
        tsr1_0.tutor_profile_id,
        tsr1_0.updated_at,
        cr1_0.updated_at 
    from
        class_rooms cr1_0 
    left join
        tutor_subject_registrations tsr1_0 
            on tsr1_0.id=cr1_0.tutor_subject_registration_id 
    left join
        catalog_subjects s1_0 
            on s1_0.id=tsr1_0.subject_id 
    left join
        catalog_levels l1_0 
            on l1_0.id=cr1_0.level_id 
    order by
        cr1_0.created_at desc
2026-08-19T19:12:30.882+07:00 DEBUG 23724 --- [learning-service] [nio-8082-exec-6] org.hibernate.SQL                        : 
    select
        pt1_0.id,
        pt1_0.active,
        pt1_0.code,
        pt1_0.description,
        pt1_0.name,
        pt1_0.order_index 
    from
        program_types pt1_0 
    where
        pt1_0.id=?
Hibernate: 
    select
        pt1_0.id,
        pt1_0.active,
        pt1_0.code,
        pt1_0.description,
        pt1_0.name,
        pt1_0.order_index 
    from
        program_types pt1_0 
    where
        pt1_0.id=?
2026-08-19T19:12:30.888+07:00 DEBUG 23724 --- [learning-service] [nio-8082-exec-6] org.hibernate.SQL                        : 
    select
        el1_0.id,
        el1_0.active,
        el1_0.code,
        el1_0.description,
        el1_0.name,
        el1_0.order_index 
    from
        education_levels el1_0 
    where
        el1_0.id=?
Hibernate: 
    select
        el1_0.id,
        el1_0.active,
        el1_0.code,
        el1_0.description,
        el1_0.name,
        el1_0.order_index 
    from
        education_levels el1_0 
    where
        el1_0.id=?
2026-08-19T19:12:30.894+07:00 DEBUG 23724 --- [learning-service] [nio-8082-exec-6] org.hibernate.SQL                        : 
    select
        cc1_0.id,
        cc1_0.active,
        cc1_0.code,
        cc1_0.description,
        cc1_0.education_level_id,
        cc1_0.name,
        cc1_0.order_index,
        cc1_0.program_type_id 
    from
        catalog_categories cc1_0 
    where
        cc1_0.id=?
Hibernate: 
    select
        cc1_0.id,
        cc1_0.active,
        cc1_0.code,
        cc1_0.description,
        cc1_0.education_level_id,
        cc1_0.name,
        cc1_0.order_index,
        cc1_0.program_type_id 
    from
        catalog_categories cc1_0 
    where
        cc1_0.id=?
2026-08-19T19:12:30.900+07:00 DEBUG 23724 --- [learning-service] [nio-8082-exec-6] org.hibernate.SQL                        : 
    select
        s1_0.class_room_id,
        s1_0.id,
        s1_0.day_of_week,
        s1_0.end_time,
        s1_0.start_time 
    from
        class_schedules s1_0 
    where
        s1_0.class_room_id=? 
    order by
        s1_0.day_of_week,
        s1_0.start_time
Hibernate: 
    select
        s1_0.class_room_id,
        s1_0.id,
        s1_0.day_of_week,
        s1_0.end_time,
        s1_0.start_time 
    from
        class_schedules s1_0 
    where
        s1_0.class_room_id=? 
    order by
        s1_0.day_of_week,
        s1_0.start_time
2026-08-19T19:12:30.906+07:00 DEBUG 23724 --- [learning-service] [nio-8082-exec-6] org.hibernate.SQL                        : 
    select
        c1_0.class_room_id,
        c1_0.id,
        c1_0.description,
        c1_0.expected_sessions,
        c1_0.order_index,
        c1_0.title 
    from
        class_chapters c1_0 
    where
        c1_0.class_room_id=? 
    order by
        c1_0.order_index,
        c1_0.id
Hibernate: 
    select
        c1_0.class_room_id,
        c1_0.id,
        c1_0.description,
        c1_0.expected_sessions,
        c1_0.order_index,
        c1_0.title 
    from
        class_chapters c1_0 
    where
        c1_0.class_room_id=? 
    order by
        c1_0.order_index,
        c1_0.id
2026-08-19T19:12:30.915+07:00 DEBUG 23724 --- [learning-service] [nio-8082-exec-6] m.m.a.RequestResponseBodyMethodProcessor : Using 'application/json', given [*/*] and supported [application/json, application/*+json]
2026-08-19T19:12:30.917+07:00 DEBUG 23724 --- [learning-service] [nio-8082-exec-6] m.m.a.RequestResponseBodyMethodProcessor : Writing [[ClassRoomResponse[id=6, tutorSubjectRegistrationId=5, registration=RegistrationBrief[id=5, programT (truncated)...]
2026-08-19T19:12:30.919+07:00 DEBUG 23724 --- [learning-service] [nio-8082-exec-6] o.s.web.servlet.DispatcherServlet        : Completed 200 OK
[INFO] ------------------------------------------------------------------------
[INFO] BUILD FAILURE
[INFO] ------------------------------------------------------------------------
[INFO] Total time:  01:18 h
[INFO] Finished at: 2026-08-19T19:12:40+07:00
[INFO] ------------------------------------------------------------------------
[ERROR] Failed to execute goal org.springframework.boot:spring-boot-maven-plugin:4.1.0:run (default-cli) on project learning-service: Process terminated with exit code: -1 -> [Help 1]
[ERROR] 
[ERROR] To see the full stack trace of the errors, re-run Maven with the -e switch.
[ERROR] Re-run Maven using the -X switch to enable full debug logging.
[ERROR] 
[ERROR] For more information about the errors and possible solutions, please read the following articles:
[ERROR] [Help 1] http://cwiki.apache.org/confluence/display/MAVEN/MojoExecutionException
