Starting Contract Service with Sepolia operator enabled.
Expired confirmed proposals will be discovered and finalized automatically after startup.
[INFO] Scanning for projects...
[INFO] 
[INFO] ----------------------< iuh.fit:contract-service >----------------------
[INFO] Building contract-service 0.0.1-SNAPSHOT
[INFO]   from pom.xml
[INFO] --------------------------------[ jar ]---------------------------------
[INFO] 
[INFO] >>> spring-boot:4.1.0:run (default-cli) > test-compile @ contract-service >>>
[INFO] 
[INFO] --- resources:3.5.0:resources (default-resources) @ contract-service ---
[INFO] Copying 10 resources from src\main\resources to target\classes
[INFO] Copying 1 resource from ..\..\docs\contract to target\classes\contract-templates
[INFO] 
[INFO] --- compiler:3.15.0:compile (default-compile) @ contract-service ---
[INFO] Nothing to compile - all classes are up to date.
[INFO] 
[INFO] --- resources:3.5.0:testResources (default-testResources) @ contract-service ---
[INFO] Copying 1 resource from src\test\resources to target\test-classes
[INFO] 
[INFO] --- compiler:3.15.0:testCompile (default-testCompile) @ contract-service ---
[INFO] Nothing to compile - all classes are up to date.
[INFO] 
[INFO] <<< spring-boot:4.1.0:run (default-cli) < test-compile @ contract-service <<<
[INFO] 
[INFO] 
[INFO] --- spring-boot:4.1.0:run (default-cli) @ contract-service ---
[INFO] Attaching agents: []

  .   ____          _            __ _ _
 /\\ / ___'_ __ _ _(_)_ __  __ _ \ \ \ \
( ( )\___ | '_ | '_| | '_ \/ _` | \ \ \ \
 \\/  ___)| |_)| | | | | || (_| |  ) ) ) )
  '  |____| .__|_| |_|_| |_\__, | / / / /
 =========|_|==============|___/=/_/_/_/

 :: Spring Boot ::                (v4.1.0)

2026-09-11T16:13:15.224+07:00  INFO 7844 --- [contract-service] [           main] i.f.c.ContractServiceApplication         : Starting ContractServiceApplication using Java 23.0.1 with PID 7844 (D:\KL\khoaluan\KLTN_Edu\backend\contract-service\target\classes started by Nitro in D:\KL\khoaluan\KLTN_Edu\backend\contract-service)
2026-09-11T16:13:15.227+07:00  INFO 7844 --- [contract-service] [           main] i.f.c.ContractServiceApplication         : No active profile set, falling back to 1 default profile: "default"
2026-09-11T16:13:15.227+07:00 DEBUG 7844 --- [contract-service] [           main] o.s.boot.SpringApplication               : Loading source class iuh.fit.contract_service.ContractServiceApplication
2026-09-11T16:13:15.285+07:00 DEBUG 7844 --- [contract-service] [           main] ConfigServletWebServerApplicationContext : Refreshing org.springframework.boot.web.server.servlet.context.AnnotationConfigServletWebServerApplicationContext@63f8276e
2026-09-11T16:13:15.594+07:00 DEBUG 7844 --- [contract-service] [           main] ySourcesPropertyResolver$DefaultResolver : Found key 'DB_URL' in PropertySource 'systemEnvironment' with value of type String
2026-09-11T16:13:15.822+07:00  INFO 7844 --- [contract-service] [           main] .s.d.r.c.RepositoryConfigurationDelegate : Bootstrapping Spring Data JPA repositories in DEFAULT mode.
2026-09-11T16:13:15.833+07:00 DEBUG 7844 --- [contract-service] [           main] o.s.b.a.AutoConfigurationPackages        : @EnableAutoConfiguration was declared on a class in the package 'iuh.fit.contract_service'. Automatic @Repository and @Entity scanning is enabled.
2026-09-11T16:13:15.875+07:00  INFO 7844 --- [contract-service] [           main] .s.d.r.c.RepositoryConfigurationDelegate : Finished Spring Data repository scanning in 47 ms. Found 11 JPA repository interfaces.
2026-09-11T16:13:16.373+07:00 DEBUG 7844 --- [contract-service] [           main] o.s.b.t.s.TomcatServletWebServerFactory  : Code archive: C:\Users\Nitro\.m2\repository\org\springframework\boot\spring-boot-web-server\4.1.0\spring-boot-web-server-4.1.0.jar
2026-09-11T16:13:16.374+07:00 DEBUG 7844 --- [contract-service] [           main] o.s.b.t.s.TomcatServletWebServerFactory  : Code archive: C:\Users\Nitro\.m2\repository\org\springframework\boot\spring-boot-web-server\4.1.0\spring-boot-web-server-4.1.0.jar
2026-09-11T16:13:16.374+07:00 DEBUG 7844 --- [contract-service] [           main] o.s.b.t.s.TomcatServletWebServerFactory  : None of the document roots [src/main/webapp, public, static] point to a directory and will be ignored.
2026-09-11T16:13:16.396+07:00  INFO 7844 --- [contract-service] [           main] o.s.boot.tomcat.TomcatWebServer          : Tomcat initialized with port 8083 (http)
2026-09-11T16:13:16.408+07:00  INFO 7844 --- [contract-service] [           main] o.apache.catalina.core.StandardService   : Starting service [Tomcat]
2026-09-11T16:13:16.409+07:00  INFO 7844 --- [contract-service] [           main] o.apache.catalina.core.StandardEngine    : Starting Servlet engine: [Apache Tomcat/11.0.22]
2026-09-11T16:13:16.457+07:00 DEBUG 7844 --- [contract-service] [           main] b.w.c.s.WebApplicationContextInitializer : Published root WebApplicationContext as ServletContext attribute with name [org.springframework.web.context.WebApplicationContext.ROOT]
2026-09-11T16:13:16.458+07:00  INFO 7844 --- [contract-service] [           main] b.w.c.s.WebApplicationContextInitializer : Root WebApplicationContext: initialization completed in 1173 ms
2026-09-11T16:13:16.487+07:00 DEBUG 7844 --- [contract-service] [           main] o.s.b.w.s.ServletContextInitializerBeans : Mapping filters: springSecurityFilterChain urls=[/*] order=-100, characterEncodingFilter urls=[/*] order=-2147483648, formContentFilter urls=[/*] order=-9900, requestContextFilter urls=[/*] order=-105, cookieJwtAuthenticationFilter urls=[/*] order=2147483647
2026-09-11T16:13:16.488+07:00 DEBUG 7844 --- [contract-service] [           main] o.s.b.w.s.ServletContextInitializerBeans : Mapping servlets: dispatcherServlet urls=[/]
2026-09-11T16:13:16.501+07:00 DEBUG 7844 --- [contract-service] [           main] o.s.b.s.f.OrderedRequestContextFilter    : Filter 'requestContextFilter' configured for use
2026-09-11T16:13:16.503+07:00 DEBUG 7844 --- [contract-service] [           main] o.s.b.s.f.OrderedCharacterEncodingFilter : Filter 'characterEncodingFilter' configured for use
2026-09-11T16:13:16.503+07:00 DEBUG 7844 --- [contract-service] [           main] .DelegatingFilterProxyRegistrationBean$1 : Filter 'springSecurityFilterChain' configured for use
2026-09-11T16:13:16.504+07:00 DEBUG 7844 --- [contract-service] [           main] o.s.b.s.filter.OrderedFormContentFilter  : Filter 'formContentFilter' configured for use
2026-09-11T16:13:16.667+07:00  INFO 7844 --- [contract-service] [           main] com.zaxxer.hikari.HikariDataSource       : HikariPool-1 - Starting...
2026-09-11T16:13:16.795+07:00  INFO 7844 --- [contract-service] [           main] com.zaxxer.hikari.pool.HikariPool        : HikariPool-1 - Added connection org.postgresql.jdbc.PgConnection@2cee5365
2026-09-11T16:13:16.796+07:00  INFO 7844 --- [contract-service] [           main] com.zaxxer.hikari.HikariDataSource       : HikariPool-1 - Start completed.
2026-09-11T16:13:16.814+07:00  INFO 7844 --- [contract-service] [           main] org.flywaydb.core.FlywayExecutor         : Database: jdbc:postgresql://localhost:5434/kltn_db (PostgreSQL 16.15)
2026-09-11T16:13:16.888+07:00  INFO 7844 --- [contract-service] [           main] o.f.core.internal.command.DbValidate     : Successfully validated 9 migrations (execution time 00:00.031s)
2026-09-11T16:13:16.924+07:00  INFO 7844 --- [contract-service] [           main] o.f.core.internal.command.DbMigrate      : Current version of schema "public": 8
2026-09-11T16:13:16.927+07:00  INFO 7844 --- [contract-service] [           main] o.f.core.internal.command.DbMigrate      : Schema "public" is up to date. No migration necessary.
2026-09-11T16:13:17.009+07:00  INFO 7844 --- [contract-service] [           main] org.hibernate.orm.jpa                    : HHH008540: Processing PersistenceUnitInfo [name: default]
2026-09-11T16:13:17.047+07:00  INFO 7844 --- [contract-service] [           main] org.hibernate.orm.core                   : HHH000001: Hibernate ORM core version 7.4.1.Final
2026-09-11T16:13:17.379+07:00  INFO 7844 --- [contract-service] [           main] o.s.o.j.p.SpringPersistenceUnitInfo      : No LoadTimeWeaver setup: ignoring JPA class transformer
2026-09-11T16:13:17.447+07:00  INFO 7844 --- [contract-service] [           main] org.hibernate.orm.connections.pooling    : HHH10001005: Database info:
	Database JDBC URL [jdbc:postgresql://localhost:5434/kltn_db]
	Database driver: PostgreSQL JDBC Driver
	Database dialect: PostgreSQLDialect
	Database version: 16.15
	Default catalog/schema: kltn_db/public
	Autocommit mode: undefined/unknown
	Isolation level: READ_COMMITTED [default READ_COMMITTED]
	JDBC fetch size: none
	Pool: DataSourceConnectionProvider
	Minimum pool size: undefined/unknown
	Maximum pool size: undefined/unknown
2026-09-11T16:13:18.444+07:00  INFO 7844 --- [contract-service] [           main] org.hibernate.orm.core                   : HHH000489: No JTA platform available (set 'hibernate.transaction.jta.platform' to enable JTA platform integration)
2026-09-11T16:13:18.492+07:00  INFO 7844 --- [contract-service] [           main] j.LocalContainerEntityManagerFactoryBean : Initialized JPA EntityManagerFactory for persistence unit 'default'
2026-09-11T16:13:18.560+07:00  INFO 7844 --- [contract-service] [           main] o.s.d.j.r.query.QueryEnhancerFactories   : Hibernate is in classpath; If applicable, HQL parser will be used.
2026-09-11T16:13:20.084+07:00  WARN 7844 --- [contract-service] [           main] .s.a.UserDetailsServiceAutoConfiguration : 

Using generated security password: 7561ef9c-43c2-400c-90d2-0ecd7828618f

This generated password is for development use only. Your security configuration must be updated before running your application in production.

2026-09-11T16:13:20.092+07:00  INFO 7844 --- [contract-service] [           main] r$InitializeUserDetailsManagerConfigurer : Global AuthenticationManager configured with UserDetailsService bean with name inMemoryUserDetailsManager
2026-09-11T16:13:20.292+07:00 DEBUG 7844 --- [contract-service] [           main] s.w.s.m.m.a.RequestMappingHandlerMapping : 29 mappings in 'requestMappingHandlerMapping'
2026-09-11T16:13:20.316+07:00 DEBUG 7844 --- [contract-service] [           main] o.s.w.s.handler.SimpleUrlHandlerMapping  : Patterns [/webjars/**, /**] in 'resourceHandlerMapping'
2026-09-11T16:13:20.336+07:00 DEBUG 7844 --- [contract-service] [           main] s.w.s.m.m.a.RequestMappingHandlerAdapter : ControllerAdvice beans: 0 @ModelAttribute, 0 @InitBinder, 2 RequestBodyAdvice, 1 ResponseBodyAdvice
2026-09-11T16:13:20.371+07:00 DEBUG 7844 --- [contract-service] [           main] .m.m.a.ExceptionHandlerExceptionResolver : ControllerAdvice beans: 0 @ExceptionHandler, 1 ResponseBodyAdvice
2026-09-11T16:13:20.461+07:00  INFO 7844 --- [contract-service] [           main] o.s.boot.tomcat.TomcatWebServer          : Tomcat started on port 8083 (http) with context path '/'
2026-09-11T16:13:20.466+07:00 DEBUG 7844 --- [contract-service] [           main] .s.b.a.l.ConditionEvaluationReportLogger : 


============================
CONDITIONS EVALUATION REPORT
============================


Positive matches:
-----------------

   AopAutoConfiguration matched:
      - @ConditionalOnBooleanProperty (spring.aop.auto=true) matched (OnPropertyCondition)

   AopAutoConfiguration.AspectJAutoProxyingConfiguration matched:
      - @ConditionalOnClass found required class 'org.aspectj.weaver.Advice' (OnClassCondition)

   AopAutoConfiguration.AspectJAutoProxyingConfiguration.CglibAutoProxyConfiguration matched:
      - @ConditionalOnBooleanProperty (spring.aop.proxy-target-class=true) matched (OnPropertyCondition)

   ApplicationAvailabilityAutoConfiguration#applicationAvailability matched:
      - @ConditionalOnMissingBean (types: org.springframework.boot.availability.ApplicationAvailability; SearchStrategy: all) did not find any beans (OnBeanCondition)

   BlockchainReadConfiguration matched:
      - @ConditionalOnProperty (blockchain.enabled=true) matched (OnPropertyCondition)

   BlockchainWriteConfiguration matched:
      - @ConditionalOnProperty (blockchain.operator.enabled=true) matched (OnPropertyCondition)

   DataJpaRepositoriesAutoConfiguration matched:
      - @ConditionalOnClass found required class 'org.springframework.data.jpa.repository.JpaRepository' (OnClassCondition)
      - @ConditionalOnBooleanProperty (spring.data.jpa.repositories.enabled=true) matched (OnPropertyCondition)
      - @ConditionalOnBean (types: javax.sql.DataSource; SearchStrategy: all) found bean 'dataSource'; @ConditionalOnMissingBean (types: org.springframework.data.jpa.repository.support.JpaRepositoryFactoryBean,org.springframework.data.jpa.repository.config.JpaRepositoryConfigExtension; SearchStrategy: all) did not find any beans (OnBeanCondition)

   DataSourceAutoConfiguration matched:
      - @ConditionalOnClass found required classes 'javax.sql.DataSource', 'org.springframework.jdbc.datasource.embedded.EmbeddedDatabaseType' (OnClassCondition)
      - @ConditionalOnMissingBean (types: io.r2dbc.spi.ConnectionFactory; SearchStrategy: all) did not find any beans (OnBeanCondition)

   DataSourceAutoConfiguration.PooledDataSourceConfiguration matched:
      - AnyNestedCondition 1 matched 1 did not; NestedCondition on DataSourceAutoConfiguration.PooledDataSourceCondition.PooledDataSourceAvailable PooledDataSource found supported DataSource; NestedCondition on DataSourceAutoConfiguration.PooledDataSourceCondition.ExplicitType @ConditionalOnProperty (spring.datasource.type) did not find property 'spring.datasource.type' (DataSourceAutoConfiguration.PooledDataSourceCondition)
      - @ConditionalOnMissingBean (types: javax.sql.DataSource,javax.sql.XADataSource; SearchStrategy: all) did not find any beans (OnBeanCondition)

   DataSourceAutoConfiguration.PooledDataSourceConfiguration#jdbcConnectionDetails matched:
      - @ConditionalOnMissingBean (types: org.springframework.boot.jdbc.autoconfigure.JdbcConnectionDetails; SearchStrategy: all) did not find any beans (OnBeanCondition)

   DataSourceConfiguration.Hikari matched:
      - @ConditionalOnClass found required class 'com.zaxxer.hikari.HikariDataSource' (OnClassCondition)
      - @ConditionalOnProperty (spring.datasource.type=com.zaxxer.hikari.HikariDataSource) matched (OnPropertyCondition)
      - @ConditionalOnMissingBean (types: javax.sql.DataSource; SearchStrategy: all) did not find any beans (OnBeanCondition)

   DataSourcePoolMetadataProvidersConfiguration.HikariPoolDataSourceMetadataProviderConfiguration matched:
      - @ConditionalOnClass found required class 'com.zaxxer.hikari.HikariDataSource' (OnClassCondition)

   DataSourceTransactionManagerAutoConfiguration matched:
      - @ConditionalOnClass found required classes 'javax.sql.DataSource', 'org.springframework.jdbc.core.JdbcTemplate', 'org.springframework.transaction.TransactionManager' (OnClassCondition)

   DataSourceTransactionManagerAutoConfiguration.JdbcTransactionManagerConfiguration matched:
      - @ConditionalOnSingleCandidate (types: javax.sql.DataSource; SearchStrategy: all) found a single bean 'dataSource' (OnBeanCondition)

   DataWebAutoConfiguration matched:
      - @ConditionalOnClass found required classes 'org.springframework.data.web.PageableHandlerMethodArgumentResolver', 'org.springframework.web.servlet.config.annotation.WebMvcConfigurer' (OnClassCondition)
      - found 'session' scope (OnWebApplicationCondition)
      - @ConditionalOnMissingBean (types: org.springframework.data.web.PageableHandlerMethodArgumentResolver; SearchStrategy: all) did not find any beans (OnBeanCondition)

   DataWebAutoConfiguration#pageableCustomizer matched:
      - @ConditionalOnMissingBean (types: org.springframework.data.web.config.PageableHandlerMethodArgumentResolverCustomizer; SearchStrategy: all) did not find any beans (OnBeanCondition)

   DataWebAutoConfiguration#sortCustomizer matched:
      - @ConditionalOnMissingBean (types: org.springframework.data.web.config.SortHandlerMethodArgumentResolverCustomizer; SearchStrategy: all) did not find any beans (OnBeanCondition)

   DataWebAutoConfiguration#springDataWebSettings matched:
      - @ConditionalOnMissingBean (types: org.springframework.data.web.config.SpringDataWebSettings; SearchStrategy: all) did not find any beans (OnBeanCondition)

   DefaultTaskSchedulerConfiguration matched:
      - @ConditionalOnMissingBean (names: taskScheduler; SearchStrategy: all) did not find any beans (OnBeanCondition)

   DefaultTaskSchedulerConfiguration#taskScheduler matched:
      - @ConditionalOnBean (types: org.springframework.boot.task.ThreadPoolTaskSchedulerBuilder; SearchStrategy: all) found bean 'threadPoolTaskSchedulerBuilder' (OnBeanCondition)
      - @ConditionalOnThreading found PLATFORM (OnThreadingCondition)

   DispatcherServletAutoConfiguration matched:
      - @ConditionalOnClass found required class 'org.springframework.web.servlet.DispatcherServlet' (OnClassCondition)
      - found 'session' scope (OnWebApplicationCondition)

   DispatcherServletAutoConfiguration.DispatcherServletConfiguration matched:
      - @ConditionalOnClass found required class 'jakarta.servlet.ServletRegistration' (OnClassCondition)
      - Default DispatcherServlet did not find dispatcher servlet beans (DispatcherServletAutoConfiguration.DefaultDispatcherServletCondition)

   DispatcherServletAutoConfiguration.DispatcherServletRegistrationConfiguration matched:
      - @ConditionalOnClass found required class 'jakarta.servlet.ServletRegistration' (OnClassCondition)
      - DispatcherServlet Registration did not find servlet registration bean (DispatcherServletAutoConfiguration.DispatcherServletRegistrationCondition)

   DispatcherServletAutoConfiguration.DispatcherServletRegistrationConfiguration#dispatcherServletRegistration matched:
      - @ConditionalOnBean (names: dispatcherServlet types: org.springframework.web.servlet.DispatcherServlet; SearchStrategy: all) found bean 'dispatcherServlet' (OnBeanCondition)

   ErrorMvcAutoConfiguration matched:
      - @ConditionalOnClass found required classes 'jakarta.servlet.Servlet', 'org.springframework.web.servlet.DispatcherServlet' (OnClassCondition)
      - found 'session' scope (OnWebApplicationCondition)

   ErrorMvcAutoConfiguration#basicErrorController matched:
      - @ConditionalOnMissingBean (types: org.springframework.boot.webmvc.error.ErrorController; SearchStrategy: current) did not find any beans (OnBeanCondition)

   ErrorMvcAutoConfiguration#errorAttributes matched:
      - @ConditionalOnMissingBean (types: org.springframework.boot.webmvc.error.ErrorAttributes; SearchStrategy: current) did not find any beans (OnBeanCondition)

   ErrorMvcAutoConfiguration.DefaultErrorViewResolverConfiguration#conventionErrorViewResolver matched:
      - @ConditionalOnBean (types: org.springframework.web.servlet.DispatcherServlet; SearchStrategy: all) found bean 'dispatcherServlet'; @ConditionalOnMissingBean (types: org.springframework.boot.webmvc.autoconfigure.error.ErrorViewResolver; SearchStrategy: all) did not find any beans (OnBeanCondition)

   ErrorMvcAutoConfiguration.WhitelabelErrorViewConfiguration matched:
      - @ConditionalOnBooleanProperty (spring.web.error.whitelabel.enabled=true) matched (OnPropertyCondition)
      - ErrorTemplate Missing did not find error template view (ErrorMvcAutoConfiguration.ErrorTemplateMissingCondition)

   ErrorMvcAutoConfiguration.WhitelabelErrorViewConfiguration#beanNameViewResolver matched:
      - @ConditionalOnMissingBean (types: org.springframework.web.servlet.view.BeanNameViewResolver; SearchStrategy: all) did not find any beans (OnBeanCondition)

   ErrorMvcAutoConfiguration.WhitelabelErrorViewConfiguration#defaultErrorView matched:
      - @ConditionalOnMissingBean (names: error; SearchStrategy: all) did not find any beans (OnBeanCondition)

   FlywayAutoConfiguration matched:
      - @ConditionalOnClass found required class 'org.flywaydb.core.Flyway' (OnClassCondition)
      - @ConditionalOnBooleanProperty (spring.flyway.enabled=true) matched (OnPropertyCondition)
      - AnyNestedCondition 2 matched 1 did not; NestedCondition on FlywayAutoConfiguration.FlywayDataSourceCondition.FlywayUrlCondition @ConditionalOnProperty (spring.flyway.url) did not find property 'spring.flyway.url'; NestedCondition on FlywayAutoConfiguration.FlywayDataSourceCondition.JdbcConnectionDetailsCondition @ConditionalOnBean (types: org.springframework.boot.jdbc.autoconfigure.JdbcConnectionDetails; SearchStrategy: all) found bean 'jdbcConnectionDetails'; NestedCondition on FlywayAutoConfiguration.FlywayDataSourceCondition.DataSourceBeanCondition @ConditionalOnBean (types: javax.sql.DataSource; SearchStrategy: all) found bean 'dataSource' (FlywayAutoConfiguration.FlywayDataSourceCondition)

   FlywayAutoConfiguration.FlywayConfiguration matched:
      - @ConditionalOnClass found required class 'org.springframework.jdbc.support.JdbcUtils' (OnClassCondition)
      - @ConditionalOnMissingBean (types: org.flywaydb.core.Flyway; SearchStrategy: all) did not find any beans (OnBeanCondition)

   FlywayAutoConfiguration.FlywayConfiguration#flywayConnectionDetails matched:
      - @ConditionalOnMissingBean (types: org.springframework.boot.flyway.autoconfigure.FlywayConnectionDetails; SearchStrategy: all) did not find any beans (OnBeanCondition)

   FlywayAutoConfiguration.FlywayConfiguration#flywayInitializer matched:
      - @ConditionalOnMissingBean (types: org.springframework.boot.flyway.autoconfigure.FlywayMigrationInitializer; SearchStrategy: all) did not find any beans (OnBeanCondition)

   FlywayAutoConfiguration.FlywayConfiguration.PostgresqlConfiguration matched:
      - @ConditionalOnClass found required class 'org.flywaydb.database.postgresql.PostgreSQLConfigurationExtension' (OnClassCondition)

   HibernateJpaAutoConfiguration matched:
      - @ConditionalOnClass found required classes 'org.springframework.orm.jpa.LocalContainerEntityManagerFactoryBean', 'jakarta.persistence.EntityManager', 'org.hibernate.engine.spi.SessionImplementor' (OnClassCondition)

   HibernateJpaConfiguration matched:
      - @ConditionalOnSingleCandidate (types: javax.sql.DataSource; SearchStrategy: all) found a single bean 'dataSource' (OnBeanCondition)

   HttpEncodingAutoConfiguration matched:
      - @ConditionalOnClass found required class 'org.springframework.web.filter.CharacterEncodingFilter' (OnClassCondition)
      - found 'session' scope (OnWebApplicationCondition)
      - @ConditionalOnBooleanProperty (spring.servlet.encoding.enabled=true) matched (OnPropertyCondition)

   HttpEncodingAutoConfiguration#characterEncodingFilter matched:
      - @ConditionalOnMissingBean (types: org.springframework.web.filter.CharacterEncodingFilter; SearchStrategy: all) did not find any beans (OnBeanCondition)

   HttpMessageConvertersAutoConfiguration matched:
      - @ConditionalOnClass found required class 'org.springframework.http.converter.HttpMessageConverter' (OnClassCondition)
      - NoneNestedConditions 0 matched 1 did not; NestedCondition on HttpMessageConvertersAutoConfiguration.NotReactiveWebApplicationCondition.ReactiveWebApplication did not find reactive web application classes (HttpMessageConvertersAutoConfiguration.NotReactiveWebApplicationCondition)

   HttpMessageConvertersAutoConfiguration.StringHttpMessageConverterConfiguration#stringHttpMessageConvertersCustomizer matched:
      - @ConditionalOnMissingBean (types: org.springframework.http.converter.StringHttpMessageConverter; SearchStrategy: all) did not find any beans (OnBeanCondition)

   JacksonAutoConfiguration matched:
      - @ConditionalOnClass found required class 'tools.jackson.databind.json.JsonMapper' (OnClassCondition)

   JacksonAutoConfiguration#jacksonJsonMapper matched:
      - @ConditionalOnMissingBean (types: tools.jackson.databind.json.JsonMapper; SearchStrategy: all) did not find any beans (OnBeanCondition)

   JacksonAutoConfiguration#jsonFactory matched:
      - @ConditionalOnMissingBean (types: tools.jackson.core.json.JsonFactory; SearchStrategy: all) did not find any beans (OnBeanCondition)

   JacksonAutoConfiguration#jsonMapperBuilder matched:
      - @ConditionalOnMissingBean (types: tools.jackson.databind.json.JsonMapper$Builder; SearchStrategy: all) did not find any beans (OnBeanCondition)

   JacksonAutoConfiguration.JsonProblemDetailsConfiguration matched:
      - @ConditionalOnClass found required class 'org.springframework.http.ProblemDetail' (OnClassCondition)

   JacksonHttpMessageConvertersConfiguration.JacksonJsonHttpMessageConverterConfiguration matched:
      - @ConditionalOnClass found required class 'tools.jackson.databind.json.JsonMapper' (OnClassCondition)
      - @ConditionalOnProperty (spring.http.converters.preferred-json-mapper=jackson) matched (OnPropertyCondition)
      - @ConditionalOnBean (types: tools.jackson.databind.json.JsonMapper; SearchStrategy: all) found bean 'jacksonJsonMapper' (OnBeanCondition)

   JacksonHttpMessageConvertersConfiguration.JacksonJsonHttpMessageConverterConfiguration#jacksonJsonHttpMessageConvertersCustomizer matched:
      - @ConditionalOnMissingBean (types: org.springframework.http.converter.json.JacksonJsonHttpMessageConverter ignored: org.springframework.hateoas.server.mvc.TypeConstrainedJacksonJsonHttpMessageConverter,org.springframework.data.rest.webmvc.alps.AlpsJacksonJsonHttpMessageConverter; SearchStrategy: all) did not find any beans (OnBeanCondition)

   JdbcClientAutoConfiguration matched:
      - @ConditionalOnSingleCandidate (types: org.springframework.jdbc.core.namedparam.NamedParameterJdbcTemplate; SearchStrategy: all) found a single bean 'namedParameterJdbcTemplate'; @ConditionalOnMissingBean (types: org.springframework.jdbc.core.simple.JdbcClient; SearchStrategy: all) did not find any beans (OnBeanCondition)

   JdbcTemplateAutoConfiguration matched:
      - @ConditionalOnClass found required classes 'javax.sql.DataSource', 'org.springframework.jdbc.core.JdbcTemplate' (OnClassCondition)
      - @ConditionalOnSingleCandidate (types: javax.sql.DataSource; SearchStrategy: all) found a single bean 'dataSource' (OnBeanCondition)

   JdbcTemplateConfiguration matched:
      - @ConditionalOnMissingBean (types: org.springframework.jdbc.core.JdbcOperations; SearchStrategy: all) did not find any beans (OnBeanCondition)

   JpaBaseConfiguration#entityManagerFactory matched:
      - @ConditionalOnMissingBean (types: org.springframework.orm.jpa.LocalContainerEntityManagerFactoryBean,jakarta.persistence.EntityManagerFactory; SearchStrategy: all) did not find any beans (OnBeanCondition)

   JpaBaseConfiguration#entityManagerFactoryBuilder matched:
      - @ConditionalOnMissingBean (types: org.springframework.boot.jpa.EntityManagerFactoryBuilder; SearchStrategy: all) did not find any beans (OnBeanCondition)

   JpaBaseConfiguration#jpaVendorAdapter matched:
      - @ConditionalOnMissingBean (types: org.springframework.orm.jpa.JpaVendorAdapter; SearchStrategy: all) did not find any beans (OnBeanCondition)

   JpaBaseConfiguration#transactionManager matched:
      - @ConditionalOnMissingBean (types: org.springframework.transaction.TransactionManager; SearchStrategy: all) did not find any beans (OnBeanCondition)

   JpaBaseConfiguration.PersistenceManagedTypesConfiguration matched:
      - @ConditionalOnMissingBean (types: org.springframework.orm.jpa.LocalContainerEntityManagerFactoryBean,jakarta.persistence.EntityManagerFactory; SearchStrategy: all) did not find any beans (OnBeanCondition)

   JpaBaseConfiguration.PersistenceManagedTypesConfiguration#persistenceManagedTypes matched:
      - @ConditionalOnMissingBean (types: org.springframework.orm.jpa.persistenceunit.PersistenceManagedTypes; SearchStrategy: all) did not find any beans (OnBeanCondition)

   JtaAutoConfiguration matched:
      - @ConditionalOnClass found required class 'jakarta.transaction.Transaction' (OnClassCondition)
      - @ConditionalOnBooleanProperty (spring.jta.enabled=true) matched (OnPropertyCondition)

   LifecycleAutoConfiguration#defaultLifecycleProcessor matched:
      - @ConditionalOnMissingBean (names: lifecycleProcessor; SearchStrategy: current) did not find any beans (OnBeanCondition)

   LocalContractArtifactStorage matched:
      - @ConditionalOnProperty (contract.storage.provider=local) matched (OnPropertyCondition)

   MultipartAutoConfiguration matched:
      - @ConditionalOnClass found required classes 'jakarta.servlet.Servlet', 'org.springframework.web.multipart.support.StandardServletMultipartResolver', 'jakarta.servlet.MultipartConfigElement' (OnClassCondition)
      - found 'session' scope (OnWebApplicationCondition)
      - @ConditionalOnBooleanProperty (spring.servlet.multipart.enabled=true) matched (OnPropertyCondition)

   MultipartAutoConfiguration#multipartConfigElement matched:
      - @ConditionalOnMissingBean (types: jakarta.servlet.MultipartConfigElement; SearchStrategy: all) did not find any beans (OnBeanCondition)

   MultipartAutoConfiguration#multipartResolver matched:
      - @ConditionalOnMissingBean (types: org.springframework.web.multipart.MultipartResolver; SearchStrategy: all) did not find any beans (OnBeanCondition)

   NamedParameterJdbcTemplateConfiguration matched:
      - @ConditionalOnSingleCandidate (types: org.springframework.jdbc.core.JdbcTemplate; SearchStrategy: all) found a single bean 'jdbcTemplate'; @ConditionalOnMissingBean (types: org.springframework.jdbc.core.namedparam.NamedParameterJdbcOperations; SearchStrategy: all) did not find any beans (OnBeanCondition)

   PersistenceExceptionTranslationAutoConfiguration matched:
      - @ConditionalOnClass found required class 'org.springframework.dao.annotation.PersistenceExceptionTranslationPostProcessor' (OnClassCondition)

   PersistenceExceptionTranslationAutoConfiguration#persistenceExceptionTranslationPostProcessor matched:
      - @ConditionalOnBooleanProperty (spring.persistence.exceptiontranslation.enabled=true) matched (OnPropertyCondition)
      - @ConditionalOnMissingBean (types: org.springframework.dao.annotation.PersistenceExceptionTranslationPostProcessor; SearchStrategy: all) did not find any beans (OnBeanCondition)

   PropertyPlaceholderAutoConfiguration#propertySourcesPlaceholderConfigurer matched:
      - @ConditionalOnMissingBean (types: org.springframework.context.support.PropertySourcesPlaceholderConfigurer; SearchStrategy: current) did not find any beans (OnBeanCondition)

   SecurityAutoConfiguration matched:
      - @ConditionalOnClass found required class 'org.springframework.security.authentication.DefaultAuthenticationEventPublisher' (OnClassCondition)

   SecurityAutoConfiguration#authenticationEventPublisher matched:
      - @ConditionalOnMissingBean (types: org.springframework.security.authentication.AuthenticationEventPublisher; SearchStrategy: all) did not find any beans (OnBeanCondition)

   SecurityFilterAutoConfiguration matched:
      - @ConditionalOnClass found required classes 'org.springframework.security.web.context.AbstractSecurityWebApplicationInitializer', 'org.springframework.security.config.http.SessionCreationPolicy' (OnClassCondition)
      - found 'session' scope (OnWebApplicationCondition)

   SecurityFilterAutoConfiguration#securityFilterChainRegistration matched:
      - @ConditionalOnBean (names: springSecurityFilterChain; SearchStrategy: all) found bean 'springSecurityFilterChain' (OnBeanCondition)

   ServletWebSecurityAutoConfiguration matched:
      - @ConditionalOnClass found required class 'org.springframework.security.config.annotation.web.configuration.EnableWebSecurity' (OnClassCondition)
      - found 'session' scope (OnWebApplicationCondition)

   ServletWebSecurityAutoConfiguration.EnableWebSecurityConfiguration matched:
      - @ConditionalOnClass found required class 'org.springframework.security.config.annotation.web.configuration.EnableWebSecurity' (OnClassCondition)
      - @ConditionalOnMissingBean (names: springSecurityFilterChain; SearchStrategy: all) did not find any beans (OnBeanCondition)

   ServletWebSecurityAutoConfiguration.PathPatternRequestMatcherBuilderConfiguration matched:
      - @ConditionalOnClass found required class 'org.springframework.boot.webmvc.autoconfigure.DispatcherServletPath' (OnClassCondition)
      - @ConditionalOnBean (types: org.springframework.boot.webmvc.autoconfigure.DispatcherServletPath; SearchStrategy: all) found bean 'dispatcherServletRegistration' (OnBeanCondition)

   ServletWebSecurityAutoConfiguration.PathPatternRequestMatcherBuilderConfiguration#pathPatternRequestMatcherBuilder matched:
      - @ConditionalOnMissingBean (types: org.springframework.security.web.servlet.util.matcher.PathPatternRequestMatcher$Builder; SearchStrategy: all) did not find any beans (OnBeanCondition)

   SessionFinalizationScheduler matched:
      - @ConditionalOnProperty (blockchain.operator.enabled=true) matched (OnPropertyCondition)

   SslAutoConfiguration#sslBundleRegistry matched:
      - @ConditionalOnMissingBean (types: org.springframework.boot.ssl.SslBundleRegistry,org.springframework.boot.ssl.SslBundles; SearchStrategy: all) did not find any beans (OnBeanCondition)

   TaskExecutionAutoConfiguration matched:
      - @ConditionalOnClass found required class 'org.springframework.scheduling.concurrent.ThreadPoolTaskExecutor' (OnClassCondition)

   TaskExecutorConfigurations.AsyncConfigurerConfiguration matched:
      - @ConditionalOnMissingBean (types: org.springframework.scheduling.annotation.AsyncConfigurer; SearchStrategy: all) did not find any beans (OnBeanCondition)

   TaskExecutorConfigurations.SimpleAsyncTaskExecutorBuilderConfiguration#simpleAsyncTaskExecutorBuilder matched:
      - @ConditionalOnMissingBean (types: org.springframework.boot.task.SimpleAsyncTaskExecutorBuilder; SearchStrategy: all) did not find any beans (OnBeanCondition)
      - @ConditionalOnThreading found PLATFORM (OnThreadingCondition)

   TaskExecutorConfigurations.TaskExecutorConfiguration matched:
      - AnyNestedCondition 1 matched 1 did not; NestedCondition on TaskExecutorConfigurations.OnExecutorCondition.ModelCondition @ConditionalOnProperty (spring.task.execution.mode=force) did not find property 'spring.task.execution.mode'; NestedCondition on TaskExecutorConfigurations.OnExecutorCondition.ExecutorBeanCondition @ConditionalOnMissingBean (types: java.util.concurrent.Executor; SearchStrategy: all) did not find any beans (TaskExecutorConfigurations.OnExecutorCondition)

   TaskExecutorConfigurations.TaskExecutorConfiguration#applicationTaskExecutor matched:
      - @ConditionalOnThreading found PLATFORM (OnThreadingCondition)

   TaskExecutorConfigurations.ThreadPoolTaskExecutorBuilderConfiguration#threadPoolTaskExecutorBuilder matched:
      - @ConditionalOnMissingBean (types: org.springframework.boot.task.ThreadPoolTaskExecutorBuilder; SearchStrategy: all) did not find any beans (OnBeanCondition)

   TaskSchedulingAutoConfiguration matched:
      - @ConditionalOnClass found required class 'org.springframework.scheduling.concurrent.ThreadPoolTaskScheduler' (OnClassCondition)

   TaskSchedulingAutoConfiguration#scheduledBeanLazyInitializationExcludeFilter matched:
      - @ConditionalOnBean (names: org.springframework.scheduling.config.internalScheduledAnnotationProcessor; SearchStrategy: all) found bean 'org.springframework.scheduling.config.internalScheduledAnnotationProcessor' (OnBeanCondition)

   TaskSchedulingConfigurations.SimpleAsyncTaskSchedulerBuilderConfiguration#simpleAsyncTaskSchedulerBuilder matched:
      - @ConditionalOnMissingBean (types: org.springframework.boot.task.SimpleAsyncTaskSchedulerBuilder; SearchStrategy: all) did not find any beans (OnBeanCondition)
      - @ConditionalOnThreading found PLATFORM (OnThreadingCondition)

   TaskSchedulingConfigurations.TaskSchedulerConfiguration matched:
      - @ConditionalOnBean (names: org.springframework.scheduling.config.internalScheduledAnnotationProcessor; SearchStrategy: all) found bean 'org.springframework.scheduling.config.internalScheduledAnnotationProcessor'; @ConditionalOnMissingBean (types: org.springframework.scheduling.TaskScheduler,java.util.concurrent.ScheduledExecutorService; SearchStrategy: all) did not find any beans (OnBeanCondition)

   TaskSchedulingConfigurations.ThreadPoolTaskSchedulerBuilderConfiguration#threadPoolTaskSchedulerBuilder matched:
      - @ConditionalOnMissingBean (types: org.springframework.boot.task.ThreadPoolTaskSchedulerBuilder; SearchStrategy: all) did not find any beans (OnBeanCondition)

   TomcatServletWebServerAutoConfiguration matched:
      - @ConditionalOnClass found required classes 'jakarta.servlet.ServletRequest', 'org.apache.catalina.startup.Tomcat', 'org.apache.coyote.UpgradeProtocol', 'org.springframework.boot.tomcat.servlet.TomcatServletWebServerFactory' (OnClassCondition)
      - found 'session' scope (OnWebApplicationCondition)

   TomcatServletWebServerAutoConfiguration#tomcatServletWebServerFactory matched:
      - @ConditionalOnMissingBean (types: org.springframework.boot.web.server.servlet.ServletWebServerFactory; SearchStrategy: current) did not find any beans (OnBeanCondition)

   TomcatWebServerConfiguration matched:
      - @ConditionalOnWarDeployment the application is not deployed as a WAR file. (OnWarDeploymentCondition)

   TomcatWebServerConfiguration.TomcatWebSocketConfiguration matched:
      - @ConditionalOnClass found required class 'org.apache.tomcat.websocket.server.WsSci' (OnClassCondition)

   TransactionAutoConfiguration matched:
      - @ConditionalOnClass found required class 'org.springframework.transaction.PlatformTransactionManager' (OnClassCondition)

   TransactionAutoConfiguration.EnableTransactionManagementConfiguration matched:
      - @ConditionalOnBean (types: org.springframework.transaction.TransactionManager; SearchStrategy: all) found bean 'transactionManager'; @ConditionalOnMissingBean (types: org.springframework.transaction.annotation.AbstractTransactionManagementConfiguration; SearchStrategy: all) did not find any beans (OnBeanCondition)

   TransactionAutoConfiguration.EnableTransactionManagementConfiguration.CglibAutoProxyConfiguration matched:
      - @ConditionalOnBooleanProperty (spring.aop.proxy-target-class=true) matched (OnPropertyCondition)

   TransactionAutoConfiguration.TransactionTemplateConfiguration matched:
      - @ConditionalOnSingleCandidate (types: org.springframework.transaction.PlatformTransactionManager; SearchStrategy: all) found a single bean 'transactionManager' (OnBeanCondition)

   TransactionAutoConfiguration.TransactionTemplateConfiguration#transactionTemplate matched:
      - @ConditionalOnMissingBean (types: org.springframework.transaction.support.TransactionOperations; SearchStrategy: all) did not find any beans (OnBeanCondition)

   TransactionManagerCustomizationAutoConfiguration matched:
      - @ConditionalOnClass found required class 'org.springframework.transaction.PlatformTransactionManager' (OnClassCondition)

   TransactionManagerCustomizationAutoConfiguration#platformTransactionManagerCustomizers matched:
      - @ConditionalOnMissingBean (types: org.springframework.boot.transaction.autoconfigure.TransactionManagerCustomizers; SearchStrategy: all) did not find any beans (OnBeanCondition)

   UserDetailsServiceAutoConfiguration matched:
      - @ConditionalOnClass found required class 'org.springframework.security.authentication.AuthenticationManager' (OnClassCondition)
      - found 'session' scope (OnWebApplicationCondition)
      - AnyNestedCondition 1 matched 2 did not; NestedCondition on MissingAlternativeUserDetailsManagerOrUserPropertiesConfigured.PasswordConfigured @ConditionalOnProperty (spring.security.user.password) did not find property 'spring.security.user.password'; NestedCondition on MissingAlternativeUserDetailsManagerOrUserPropertiesConfigured.NameConfigured @ConditionalOnProperty (spring.security.user.name) did not find property 'spring.security.user.name'; NestedCondition on MissingAlternativeUserDetailsManagerOrUserPropertiesConfigured.MissingAlternative @ConditionalOnMissingClass did not find unwanted classes 'org.springframework.security.oauth2.client.registration.ClientRegistrationRepository', 'org.springframework.security.oauth2.server.resource.introspection.OpaqueTokenIntrospector', 'org.springframework.security.saml2.provider.service.registration.RelyingPartyRegistrationRepository' (MissingAlternativeUserDetailsManagerOrUserPropertiesConfigured)
      - @ConditionalOnMissingBean (types: org.springframework.security.authentication.AuthenticationManager,org.springframework.security.authentication.AuthenticationProvider,org.springframework.security.core.userdetails.UserDetailsService,org.springframework.security.authentication.AuthenticationManagerResolver,org.springframework.security.oauth2.jwt.JwtDecoder; SearchStrategy: all) did not find any beans (OnBeanCondition)

   ValidationAutoConfiguration matched:
      - @ConditionalOnClass found required class 'jakarta.validation.executable.ExecutableValidator' (OnClassCondition)
      - @ConditionalOnResource found location classpath:META-INF/services/jakarta.validation.spi.ValidationProvider (OnResourceCondition)

   ValidationAutoConfiguration#defaultValidator matched:
      - @ConditionalOnMissingBean (types: jakarta.validation.Validator; SearchStrategy: all) did not find any beans (OnBeanCondition)

   ValidationAutoConfiguration#methodValidationPostProcessor matched:
      - @ConditionalOnMissingBean (types: org.springframework.validation.beanvalidation.MethodValidationPostProcessor; SearchStrategy: current) did not find any beans (OnBeanCondition)

   WebMvcAutoConfiguration matched:
      - @ConditionalOnClass found required classes 'jakarta.servlet.Servlet', 'org.springframework.web.servlet.DispatcherServlet', 'org.springframework.web.servlet.config.annotation.WebMvcConfigurer' (OnClassCondition)
      - found 'session' scope (OnWebApplicationCondition)
      - @ConditionalOnMissingBean (types: org.springframework.web.servlet.config.annotation.WebMvcConfigurationSupport; SearchStrategy: all) did not find any beans (OnBeanCondition)

   WebMvcAutoConfiguration#formContentFilter matched:
      - @ConditionalOnBooleanProperty (spring.mvc.formcontent.filter.enabled=true) matched (OnPropertyCondition)
      - @ConditionalOnMissingBean (types: org.springframework.web.filter.FormContentFilter; SearchStrategy: all) did not find any beans (OnBeanCondition)

   WebMvcAutoConfiguration.EnableWebMvcConfiguration#flashMapManager matched:
      - @ConditionalOnMissingBean (names: flashMapManager; SearchStrategy: all) did not find any beans (OnBeanCondition)

   WebMvcAutoConfiguration.EnableWebMvcConfiguration#localeResolver matched:
      - @ConditionalOnMissingBean (names: localeResolver; SearchStrategy: all) did not find any beans (OnBeanCondition)

   WebMvcAutoConfiguration.EnableWebMvcConfiguration#viewNameTranslator matched:
      - @ConditionalOnMissingBean (names: viewNameTranslator; SearchStrategy: all) did not find any beans (OnBeanCondition)

   WebMvcAutoConfiguration.WebMvcAutoConfigurationAdapter#defaultViewResolver matched:
      - @ConditionalOnMissingBean (types: org.springframework.web.servlet.view.InternalResourceViewResolver; SearchStrategy: all) did not find any beans (OnBeanCondition)

   WebMvcAutoConfiguration.WebMvcAutoConfigurationAdapter#requestContextFilter matched:
      - @ConditionalOnMissingBean (types: org.springframework.web.context.request.RequestContextListener,org.springframework.web.filter.RequestContextFilter; SearchStrategy: all) did not find any beans (OnBeanCondition)

   WebMvcAutoConfiguration.WebMvcAutoConfigurationAdapter#viewResolver matched:
      - @ConditionalOnBean (types: org.springframework.web.servlet.ViewResolver; SearchStrategy: all) found beans 'defaultViewResolver', 'beanNameViewResolver', 'mvcViewResolver'; @ConditionalOnMissingBean (names: viewResolver types: org.springframework.web.servlet.view.ContentNegotiatingViewResolver; SearchStrategy: all) did not find any beans (OnBeanCondition)


Negative matches:
-----------------

   AopAutoConfiguration.AspectJAutoProxyingConfiguration.JdkDynamicAutoProxyConfiguration:
      Did not match:
         - @ConditionalOnBooleanProperty (spring.aop.proxy-target-class=false) did not find property 'spring.aop.proxy-target-class' (OnPropertyCondition)

   AopAutoConfiguration.ClassProxyingConfiguration:
      Did not match:
         - @ConditionalOnMissingClass found unwanted class 'org.aspectj.weaver.Advice' (OnClassCondition)

   DataJpaRepositoriesAutoConfiguration#entityManagerFactoryBootstrapExecutorCustomizer:
      Did not match:
         - @ConditionalOnProperty (spring.data.jpa.repositories.bootstrap-mode=deferred) did not find property 'spring.data.jpa.repositories.bootstrap-mode' (OnPropertyCondition)

   DataRepositoryMetricsAutoConfiguration:
      Did not match:
         - @ConditionalOnBean did not find required type 'io.micrometer.core.instrument.MeterRegistry' (OnBeanCondition)

   DataSourceAutoConfiguration.EmbeddedDatabaseConfiguration:
      Did not match:
         - EmbeddedDataSource spring.datasource.url is set (DataSourceAutoConfiguration.EmbeddedDatabaseCondition)

   DataSourceCheckpointRestoreConfiguration:
      Did not match:
         - @ConditionalOnClass did not find required class 'org.crac.Resource' (OnClassCondition)

   DataSourceConfiguration.Dbcp2:
      Did not match:
         - @ConditionalOnClass did not find required class 'org.apache.commons.dbcp2.BasicDataSource' (OnClassCondition)

   DataSourceConfiguration.Generic:
      Did not match:
         - @ConditionalOnProperty (spring.datasource.type) did not find property 'spring.datasource.type' (OnPropertyCondition)

   DataSourceConfiguration.OracleUcp:
      Did not match:
         - @ConditionalOnClass did not find required classes 'oracle.ucp.jdbc.PoolDataSourceImpl', 'oracle.jdbc.OracleConnection' (OnClassCondition)

   DataSourceConfiguration.Tomcat:
      Did not match:
         - @ConditionalOnClass did not find required class 'org.apache.tomcat.jdbc.pool.DataSource' (OnClassCondition)

   DataSourceHealthContributorAutoConfiguration:
      Did not match:
         - @ConditionalOnClass did not find required class 'org.springframework.boot.health.autoconfigure.contributor.ConditionalOnEnabledHealthIndicator' (OnClassCondition)

   DataSourceInitializationAutoConfiguration:
      Did not match:
         - SQL InitializationDatabase Initialization spring.sql.init.mode is NEVER (OnSqlInitializationCondition)
      Matched:
         - @ConditionalOnClass found required class 'org.springframework.jdbc.datasource.init.DatabasePopulator' (OnClassCondition)

   DataSourceJmxConfiguration:
      Did not match:
         - @ConditionalOnBooleanProperty (spring.jmx.enabled=true) did not find property 'spring.jmx.enabled' (OnPropertyCondition)

   DataSourcePoolMetadataProvidersConfiguration.CommonsDbcp2PoolDataSourceMetadataProviderConfiguration:
      Did not match:
         - @ConditionalOnClass did not find required class 'org.apache.commons.dbcp2.BasicDataSource' (OnClassCondition)

   DataSourcePoolMetadataProvidersConfiguration.OracleUcpPoolDataSourceMetadataProviderConfiguration:
      Did not match:
         - @ConditionalOnClass did not find required classes 'oracle.ucp.jdbc.PoolDataSource', 'oracle.jdbc.OracleConnection' (OnClassCondition)

   DataSourcePoolMetadataProvidersConfiguration.TomcatDataSourcePoolMetadataProviderConfiguration:
      Did not match:
         - @ConditionalOnClass did not find required class 'org.apache.tomcat.jdbc.pool.DataSource' (OnClassCondition)

   DataSourcePoolMetricsAutoConfiguration:
      Did not match:
         - @ConditionalOnClass did not find required class 'io.micrometer.core.instrument.MeterRegistry' (OnClassCondition)

   DataSourceTransactionManagerAutoConfiguration.JdbcTransactionManagerConfiguration#transactionManager:
      Did not match:
         - @ConditionalOnMissingBean (types: org.springframework.transaction.TransactionManager; SearchStrategy: all) found beans of type 'org.springframework.transaction.TransactionManager' transactionManager (OnBeanCondition)

   DefaultTaskSchedulerConfiguration#taskSchedulerVirtualThreads:
      Did not match:
         - @ConditionalOnThreading did not find VIRTUAL (OnThreadingCondition)
      Matched:
         - @ConditionalOnBean (types: org.springframework.boot.task.SimpleAsyncTaskSchedulerBuilder; SearchStrategy: all) found bean 'simpleAsyncTaskSchedulerBuilder' (OnBeanCondition)

   DispatcherServletAutoConfiguration.DispatcherServletConfiguration#multipartResolver:
      Did not match:
         - @ConditionalOnBean (types: org.springframework.web.multipart.MultipartResolver; SearchStrategy: all) did not find any beans of type org.springframework.web.multipart.MultipartResolver (OnBeanCondition)

   FlywayAutoConfiguration.FlywayConfiguration.OracleConfiguration:
      Did not match:
         - @ConditionalOnClass did not find required class 'org.flywaydb.database.oracle.OracleConfigurationExtension' (OnClassCondition)

   FlywayAutoConfiguration.FlywayConfiguration.SqlServerConfiguration:
      Did not match:
         - @ConditionalOnClass did not find required class 'org.flywaydb.database.sqlserver.SQLServerConfigurationExtension' (OnClassCondition)

   FlywayEndpointAutoConfiguration:
      Did not match:
         - @ConditionalOnClass did not find required class 'org.springframework.boot.actuate.autoconfigure.endpoint.condition.ConditionalOnAvailableEndpoint' (OnClassCondition)

   GsonHttpMessageConvertersConfiguration:
      Did not match:
         - @ConditionalOnClass did not find required class 'com.google.gson.Gson' (OnClassCondition)

   HibernateMetricsAutoConfiguration:
      Did not match:
         - @ConditionalOnClass did not find required class 'io.micrometer.core.instrument.MeterRegistry' (OnClassCondition)

   Jackson2HttpMessageConvertersConfiguration.MappingJackson2HttpMessageConverterConfiguration:
      Did not match:
         - AnyNestedCondition 0 matched 2 did not; NestedCondition on Jackson2HttpMessageConvertersConfiguration.PreferJackson2OrJacksonUnavailableCondition.JacksonUnavailable @ConditionalOnMissingBean (types: org.springframework.boot.http.converter.autoconfigure.JacksonHttpMessageConvertersConfiguration$JacksonJsonHttpMessageConvertersCustomizer; SearchStrategy: all) found beans of type 'org.springframework.boot.http.converter.autoconfigure.JacksonHttpMessageConvertersConfiguration$JacksonJsonHttpMessageConvertersCustomizer' jacksonJsonHttpMessageConvertersCustomizer; NestedCondition on Jackson2HttpMessageConvertersConfiguration.PreferJackson2OrJacksonUnavailableCondition.Jackson2Preferred @ConditionalOnProperty (spring.http.converters.preferred-json-mapper=jackson2) did not find property 'spring.http.converters.preferred-json-mapper' (Jackson2HttpMessageConvertersConfiguration.PreferJackson2OrJacksonUnavailableCondition)
      Matched:
         - @ConditionalOnClass found required class 'com.fasterxml.jackson.databind.ObjectMapper' (OnClassCondition)

   Jackson2HttpMessageConvertersConfiguration.MappingJackson2XmlHttpMessageConverterConfiguration:
      Did not match:
         - @ConditionalOnClass did not find required class 'com.fasterxml.jackson.dataformat.xml.XmlMapper' (OnClassCondition)

   JacksonAutoConfiguration.CborConfiguration:
      Did not match:
         - @ConditionalOnClass did not find required class 'tools.jackson.dataformat.cbor.CBORMapper' (OnClassCondition)

   JacksonAutoConfiguration.XmlConfiguration:
      Did not match:
         - @ConditionalOnClass did not find required class 'tools.jackson.dataformat.xml.XmlMapper' (OnClassCondition)

   JacksonHttpMessageConvertersConfiguration.JacksonXmlHttpMessageConverterConfiguration:
      Did not match:
         - @ConditionalOnClass did not find required class 'tools.jackson.dataformat.xml.XmlMapper' (OnClassCondition)

   JmxAutoConfiguration:
      Did not match:
         - @ConditionalOnBooleanProperty (spring.jmx.enabled=true) did not find property 'spring.jmx.enabled' (OnPropertyCondition)
      Matched:
         - @ConditionalOnClass found required class 'org.springframework.jmx.export.MBeanExporter' (OnClassCondition)

   JndiDataSourceAutoConfiguration:
      Did not match:
         - @ConditionalOnProperty (spring.datasource.jndi-name) did not find property 'spring.datasource.jndi-name' (OnPropertyCondition)
      Matched:
         - @ConditionalOnClass found required classes 'javax.sql.DataSource', 'org.springframework.jdbc.datasource.embedded.EmbeddedDatabaseType' (OnClassCondition)

   JndiJtaConfiguration:
      Did not match:
         - @ConditionalOnJndi JNDI environment is not available (OnJndiCondition)
      Matched:
         - @ConditionalOnClass found required class 'org.springframework.transaction.jta.JtaTransactionManager' (OnClassCondition)

   JpaBaseConfiguration.JpaWebConfiguration:
      Did not match:
         - @ConditionalOnBooleanProperty (spring.jpa.open-in-view=true) found different value in property 'spring.jpa.open-in-view' (OnPropertyCondition)
      Matched:
         - @ConditionalOnClass found required class 'org.springframework.web.servlet.config.annotation.WebMvcConfigurer' (OnClassCondition)
         - found 'session' scope (OnWebApplicationCondition)

   JsonbHttpMessageConvertersConfiguration:
      Did not match:
         - @ConditionalOnClass did not find required class 'jakarta.json.bind.Jsonb' (OnClassCondition)

   KotlinSerializationHttpMessageConvertersConfiguration:
      Did not match:
         - @ConditionalOnClass did not find required classes 'kotlinx.serialization.Serializable', 'kotlinx.serialization.json.Json' (OnClassCondition)

   LazyConnectionDataSourceConfiguration:
      Did not match:
         - @ConditionalOnProperty (spring.datasource.connection-fetch=lazy) did not find property 'spring.datasource.connection-fetch' (OnPropertyCondition)

   ManagementWebSecurityAutoConfiguration:
      Did not match:
         - @ConditionalOnClass did not find required class 'org.springframework.boot.actuate.autoconfigure.endpoint.web.WebEndpointAutoConfiguration' (OnClassCondition)

   MessageSourceAutoConfiguration:
      Did not match:
         - ResourceBundle did not find bundle with basename messages (MessageSourceAutoConfiguration.ResourceBundleCondition)

   ProjectInfoAutoConfiguration#buildProperties:
      Did not match:
         - @ConditionalOnResource did not find resource '${spring.info.build.location:classpath:META-INF/build-info.properties}' (OnResourceCondition)

   ProjectInfoAutoConfiguration#gitProperties:
      Did not match:
         - GitResource did not find git info at classpath:git.properties (ProjectInfoAutoConfiguration.GitResourceAvailableCondition)

   RSocketSecurityAutoConfiguration:
      Did not match:
         - @ConditionalOnClass did not find required class 'org.springframework.boot.rsocket.server.RSocketServerCustomizer' (OnClassCondition)

   ReactiveManagementWebSecurityAutoConfiguration:
      Did not match:
         - @ConditionalOnClass did not find required class 'org.springframework.boot.actuate.autoconfigure.endpoint.web.WebEndpointAutoConfiguration' (OnClassCondition)

   ReactiveUserDetailsServiceAutoConfiguration:
      Did not match:
         - AnyNestedCondition 0 matched 2 did not; NestedCondition on ReactiveUserDetailsServiceAutoConfiguration.RSocketEnabledOrReactiveWebApplication.ReactiveWebApplicationCondition did not find reactive web application classes; NestedCondition on ReactiveUserDetailsServiceAutoConfiguration.RSocketEnabledOrReactiveWebApplication.RSocketSecurityEnabledCondition @ConditionalOnBean (types: org.springframework.messaging.rsocket.annotation.support.RSocketMessageHandler; SearchStrategy: all) did not find any beans of type org.springframework.messaging.rsocket.annotation.support.RSocketMessageHandler (ReactiveUserDetailsServiceAutoConfiguration.RSocketEnabledOrReactiveWebApplication)
      Matched:
         - @ConditionalOnClass found required class 'org.springframework.security.authentication.ReactiveAuthenticationManager' (OnClassCondition)
         - AnyNestedCondition 1 matched 2 did not; NestedCondition on MissingAlternativeUserDetailsManagerOrUserPropertiesConfigured.PasswordConfigured @ConditionalOnProperty (spring.security.user.password) did not find property 'spring.security.user.password'; NestedCondition on MissingAlternativeUserDetailsManagerOrUserPropertiesConfigured.NameConfigured @ConditionalOnProperty (spring.security.user.name) did not find property 'spring.security.user.name'; NestedCondition on MissingAlternativeUserDetailsManagerOrUserPropertiesConfigured.MissingAlternative @ConditionalOnMissingClass did not find unwanted classes 'org.springframework.security.oauth2.client.registration.ClientRegistrationRepository', 'org.springframework.security.oauth2.server.resource.introspection.OpaqueTokenIntrospector', 'org.springframework.security.saml2.provider.service.registration.RelyingPartyRegistrationRepository' (MissingAlternativeUserDetailsManagerOrUserPropertiesConfigured)

   ReactiveWebSecurityAutoConfiguration:
      Did not match:
         - @ConditionalOnClass did not find required class 'reactor.core.publisher.Flux' (OnClassCondition)

   S3ContractArtifactStorage:
      Did not match:
         - @ConditionalOnProperty (contract.storage.provider=s3) found different value in property 'provider' (OnPropertyCondition)

   SecurityAutoConfiguration.SecurityDataConfiguration:
      Did not match:
         - @ConditionalOnClass did not find required class 'org.springframework.security.data.repository.query.SecurityEvaluationContextExtension' (OnClassCondition)

   ServletHttpExchangesAutoConfiguration:
      Did not match:
         - @ConditionalOnBean did not find required type 'org.springframework.boot.actuate.web.exchanges.HttpExchangeRepository' (OnBeanCondition)

   ServletManagementContextAutoConfiguration:
      Did not match:
         - @ConditionalOnClass did not find required class 'org.springframework.boot.actuate.autoconfigure.endpoint.web.WebEndpointProperties' (OnClassCondition)

   ServletMappingsAutoConfiguration:
      Did not match:
         - @ConditionalOnClass did not find required class 'org.springframework.boot.actuate.autoconfigure.endpoint.condition.ConditionalOnAvailableEndpoint' (OnClassCondition)

   ServletWebSecurityAutoConfiguration.SecurityFilterChainConfiguration:
      Did not match:
         - AllNestedConditions 1 matched 1 did not; NestedCondition on DefaultWebSecurityCondition.Beans @ConditionalOnMissingBean (types: org.springframework.security.web.SecurityFilterChain; SearchStrategy: all) found beans of type 'org.springframework.security.web.SecurityFilterChain' securityFilterChain; NestedCondition on DefaultWebSecurityCondition.Classes @ConditionalOnClass found required classes 'org.springframework.security.web.SecurityFilterChain', 'org.springframework.security.config.annotation.web.builders.HttpSecurity' (DefaultWebSecurityCondition)

   ServletWebServerConfiguration#forwardedHeaderFilter:
      Did not match:
         - @ConditionalOnProperty (server.forward-headers-strategy=framework) did not find property 'server.forward-headers-strategy' (OnPropertyCondition)

   SpringApplicationAdminJmxAutoConfiguration:
      Did not match:
         - @ConditionalOnBooleanProperty (spring.application.admin.enabled=true) did not find property 'spring.application.admin.enabled' (OnPropertyCondition)

   TaskExecutorConfigurations.AsyncConfigurerWrapperConfiguration:
      Did not match:
         - @ConditionalOnBean (types: org.springframework.scheduling.annotation.AsyncConfigurer; SearchStrategy: all) did not find any beans of type org.springframework.scheduling.annotation.AsyncConfigurer (OnBeanCondition)

   TaskExecutorConfigurations.SimpleAsyncTaskExecutorBuilderConfiguration#simpleAsyncTaskExecutorBuilderVirtualThreads:
      Did not match:
         - @ConditionalOnMissingBean (types: org.springframework.boot.task.SimpleAsyncTaskExecutorBuilder; SearchStrategy: all) found beans of type 'org.springframework.boot.task.SimpleAsyncTaskExecutorBuilder' simpleAsyncTaskExecutorBuilder (OnBeanCondition)

   TaskExecutorConfigurations.TaskExecutorConfiguration#applicationTaskExecutorVirtualThreads:
      Did not match:
         - @ConditionalOnThreading did not find VIRTUAL (OnThreadingCondition)

   TaskExecutorConfigurations.TaskExecutorContextPropagationConfiguration:
      Did not match:
         - @ConditionalOnClass did not find required class 'io.micrometer.context.ContextSnapshot' (OnClassCondition)

   TaskSchedulingConfigurations.SimpleAsyncTaskSchedulerBuilderConfiguration#simpleAsyncTaskSchedulerBuilderVirtualThreads:
      Did not match:
         - @ConditionalOnMissingBean (types: org.springframework.boot.task.SimpleAsyncTaskSchedulerBuilder; SearchStrategy: all) found beans of type 'org.springframework.boot.task.SimpleAsyncTaskSchedulerBuilder' simpleAsyncTaskSchedulerBuilder (OnBeanCondition)

   TomcatMetricsAutoConfiguration:
      Did not match:
         - @ConditionalOnClass did not find required class 'io.micrometer.core.instrument.binder.tomcat.TomcatMetrics' (OnClassCondition)

   TomcatReactiveManagementContextAutoConfiguration:
      Did not match:
         - @ConditionalOnClass did not find required class 'org.springframework.boot.actuate.autoconfigure.web.server.ManagementContextFactory' (OnClassCondition)

   TomcatReactiveWebServerAutoConfiguration:
      Did not match:
         - @ConditionalOnWebApplication did not find reactive web application classes (OnWebApplicationCondition)

   TomcatServletManagementContextAutoConfiguration:
      Did not match:
         - @ConditionalOnClass did not find required class 'org.springframework.boot.actuate.autoconfigure.web.server.ManagementContextFactory' (OnClassCondition)

   TomcatServletWebServerAutoConfiguration#tomcatForwardedHeaderFilterCustomizer:
      Did not match:
         - @ConditionalOnProperty (server.forward-headers-strategy=framework) did not find property 'server.forward-headers-strategy' (OnPropertyCondition)

   TomcatWebServerConfiguration#tomcatVirtualThreadsProtocolHandlerCustomizer:
      Did not match:
         - @ConditionalOnThreading did not find VIRTUAL (OnThreadingCondition)

   TransactionAutoConfiguration#transactionalOperator:
      Did not match:
         - @ConditionalOnSingleCandidate (types: org.springframework.transaction.ReactiveTransactionManager; SearchStrategy: all) did not find any beans (OnBeanCondition)

   TransactionAutoConfiguration.AspectJTransactionManagementConfiguration:
      Did not match:
         - @ConditionalOnBean (types: org.springframework.transaction.aspectj.AbstractTransactionAspect; SearchStrategy: all) did not find any beans of type org.springframework.transaction.aspectj.AbstractTransactionAspect (OnBeanCondition)

   TransactionAutoConfiguration.EnableTransactionManagementConfiguration.JdkDynamicAutoProxyConfiguration:
      Did not match:
         - @ConditionalOnBooleanProperty (spring.aop.proxy-target-class=false) did not find property 'spring.aop.proxy-target-class' (OnPropertyCondition)

   WebMvcAutoConfiguration#hiddenHttpMethodFilter:
      Did not match:
         - @ConditionalOnBooleanProperty (spring.mvc.hiddenmethod.filter.enabled=true) did not find property 'spring.mvc.hiddenmethod.filter.enabled' (OnPropertyCondition)

   WebMvcAutoConfiguration.ProblemDetailsErrorHandlingConfiguration:
      Did not match:
         - @ConditionalOnBooleanProperty (spring.mvc.problemdetails.enabled=true) did not find property 'spring.mvc.problemdetails.enabled' (OnPropertyCondition)

   WebMvcAutoConfiguration.ResourceChainCustomizerConfiguration:
      Did not match:
         - @ConditionalOnEnabledResourceChain did not find class org.webjars.WebJarVersionLocator (OnEnabledResourceChainCondition)

   WebMvcAutoConfiguration.WebMvcAutoConfigurationAdapter#beanNameViewResolver:
      Did not match:
         - @ConditionalOnMissingBean (types: org.springframework.web.servlet.view.BeanNameViewResolver; SearchStrategy: all) found beans of type 'org.springframework.web.servlet.view.BeanNameViewResolver' beanNameViewResolver (OnBeanCondition)

   WebMvcHealthEndpointExtensionAutoConfiguration:
      Did not match:
         - @ConditionalOnClass did not find required class 'org.springframework.boot.health.actuate.endpoint.HealthEndpoint' (OnClassCondition)

   WebMvcMappingsAutoConfiguration:
      Did not match:
         - @ConditionalOnClass did not find required class 'org.springframework.boot.actuate.autoconfigure.endpoint.condition.ConditionalOnAvailableEndpoint' (OnClassCondition)

   WebMvcObservationAutoConfiguration:
      Did not match:
         - @ConditionalOnClass did not find required class 'org.springframework.boot.micrometer.observation.autoconfigure.ObservationProperties' (OnClassCondition)

   XADataSourceAutoConfiguration:
      Did not match:
         - @ConditionalOnBean (types: org.springframework.boot.jdbc.XADataSourceWrapper; SearchStrategy: all) did not find any beans of type org.springframework.boot.jdbc.XADataSourceWrapper (OnBeanCondition)
      Matched:
         - @ConditionalOnClass found required classes 'javax.sql.DataSource', 'jakarta.transaction.TransactionManager', 'org.springframework.jdbc.datasource.embedded.EmbeddedDatabaseType' (OnClassCondition)


Exclusions:
-----------

    None


Unconditional classes:
----------------------

    org.springframework.boot.autoconfigure.context.ConfigurationPropertiesAutoConfiguration

    org.springframework.boot.autoconfigure.ssl.SslAutoConfiguration

    org.springframework.boot.autoconfigure.context.LifecycleAutoConfiguration

    org.springframework.boot.autoconfigure.context.PropertyPlaceholderAutoConfiguration

    org.springframework.boot.autoconfigure.availability.ApplicationAvailabilityAutoConfiguration

    org.springframework.boot.autoconfigure.info.ProjectInfoAutoConfiguration



2026-09-11T16:13:20.476+07:00  INFO 7844 --- [contract-service] [           main] i.f.c.ContractServiceApplication         : Started ContractServiceApplication in 5.637 seconds (process running for 6.081)
2026-09-11T16:13:20.478+07:00 DEBUG 7844 --- [contract-service] [           main] o.s.b.a.ApplicationAvailabilityBean      : Application availability state LivenessState changed to CORRECT
2026-09-11T16:13:20.784+07:00  INFO 7844 --- [contract-service] [nio-8083-exec-1] o.a.c.c.C.[Tomcat].[localhost].[/]       : Initializing Spring DispatcherServlet 'dispatcherServlet'
2026-09-11T16:13:20.784+07:00  INFO 7844 --- [contract-service] [nio-8083-exec-1] o.s.web.servlet.DispatcherServlet        : Initializing Servlet 'dispatcherServlet'
2026-09-11T16:13:20.785+07:00 DEBUG 7844 --- [contract-service] [nio-8083-exec-1] o.s.web.servlet.DispatcherServlet        : Detected StandardServletMultipartResolver
2026-09-11T16:13:20.785+07:00 DEBUG 7844 --- [contract-service] [nio-8083-exec-1] o.s.web.servlet.DispatcherServlet        : Detected AcceptHeaderLocaleResolver
2026-09-11T16:13:20.786+07:00 DEBUG 7844 --- [contract-service] [nio-8083-exec-1] o.s.web.servlet.DispatcherServlet        : Detected org.springframework.web.servlet.view.DefaultRequestToViewNameTranslator@720bacd7
2026-09-11T16:13:20.786+07:00 DEBUG 7844 --- [contract-service] [nio-8083-exec-1] o.s.web.servlet.DispatcherServlet        : Detected org.springframework.web.servlet.support.SessionFlashMapManager@5de13824
2026-09-11T16:13:20.787+07:00 DEBUG 7844 --- [contract-service] [nio-8083-exec-1] o.s.web.servlet.DispatcherServlet        : enableLoggingRequestDetails='false': request parameters and headers will be masked to prevent unsafe logging of potentially sensitive data
2026-09-11T16:13:20.787+07:00  INFO 7844 --- [contract-service] [nio-8083-exec-1] o.s.web.servlet.DispatcherServlet        : Completed initialization in 3 ms
2026-09-11T16:13:23.424+07:00  INFO 7844 --- [contract-service] [           main] i.f.c.c.BlockchainReadConfiguration      : Validated read-only blockchain configuration: chainId=11155111, escrow=0x984bEc42561BBC9f63BEE4BA1469872cD369d3b3, token=0x1c7D4B196Cb0C7B01d743Fbc6116a902379C7238, decimals=6, platform=0x10dd719b6a13e9d275990d706c2640ab6f1ca28e
2026-09-11T16:13:23.425+07:00  INFO 7844 --- [contract-service] [           main] i.f.c.c.BlockchainWriteConfiguration     : Blockchain write runtime enabled for chainId=11155111 operator=0x10dd719B6a13e9d275990d706C2640ab6F1CA28e dispatchBatch=5 receiptBatch=50 confirmations=1 staleTimeoutMs=1800000
2026-09-11T16:13:23.426+07:00 DEBUG 7844 --- [contract-service] [           main] o.s.b.a.ApplicationAvailabilityBean      : Application availability state ReadinessState changed to ACCEPTING_TRAFFIC
2026-09-11T16:13:25.909+07:00 DEBUG 7844 --- [contract-service] [   scheduling-1] org.hibernate.SQL                        : select bec1_0.id,bec1_0.chain_id,bec1_0.contract_address,bec1_0.last_confirmed_block,bec1_0.last_confirmed_block_hash,bec1_0.updated_at,bec1_0.version from blockchain_event_cursor bec1_0 where bec1_0.chain_id=? and lower(bec1_0.contract_address)=lower(?) for no key update of bec1_0
2026-09-11T16:13:26.721+07:00 DEBUG 7844 --- [contract-service] [   scheduling-1] org.hibernate.SQL                        : update blockchain_event_cursor set chain_id=?,contract_address=?,last_confirmed_block=?,last_confirmed_block_hash=?,updated_at=?,version=? where id=? and version=?
2026-09-11T16:13:26.735+07:00 DEBUG 7844 --- [contract-service] [   scheduling-1] org.hibernate.SQL                        : select bt1_0.id,bt1_0.action,bt1_0.agreement_id,bt1_0.attempt_count,bt1_0.block_hash,bt1_0.block_number,bt1_0.calldata,bt1_0.calldata_hash,bt1_0.chain_id,bt1_0.created_at,bt1_0.dispatch_started_at,bt1_0.error_message,bt1_0.from_address,bt1_0.idempotency_key,bt1_0.next_attempt_at,bt1_0.nonce,bt1_0.receipt_status,bt1_0.settlement_id,bt1_0.signed_raw_transaction,bt1_0.status,bt1_0.to_address,bt1_0.transaction_hash,bt1_0.updated_at,bt1_0.version from blockchain_transaction bt1_0 where bt1_0.status='CREATED' and (bt1_0.next_attempt_at is null or bt1_0.next_attempt_at<=?) order by bt1_0.created_at fetch first ? rows only for no key update of bt1_0
2026-09-11T16:13:27.539+07:00 DEBUG 7844 --- [contract-service] [   scheduling-1] org.hibernate.SQL                        : select bt1_0.id,bt1_0.action,bt1_0.agreement_id,bt1_0.attempt_count,bt1_0.block_hash,bt1_0.block_number,bt1_0.calldata,bt1_0.calldata_hash,bt1_0.chain_id,bt1_0.created_at,bt1_0.dispatch_started_at,bt1_0.error_message,bt1_0.from_address,bt1_0.idempotency_key,bt1_0.next_attempt_at,bt1_0.nonce,bt1_0.receipt_status,bt1_0.settlement_id,bt1_0.signed_raw_transaction,bt1_0.status,bt1_0.to_address,bt1_0.transaction_hash,bt1_0.updated_at,bt1_0.version from blockchain_transaction bt1_0 where bt1_0.status in (?,?) order by bt1_0.updated_at fetch first ? rows only
2026-09-11T16:13:30.480+07:00 DEBUG 7844 --- [contract-service] [   scheduling-1] org.hibernate.SQL                        : select ca1_0.id,ca1_0.chain_id,ca1_0.class_name,ca1_0.classroom_id,ca1_0.classroom_reviewer_email,ca1_0.contract_version,ca1_0.created_at,ca1_0.escrow_contract_address,ca1_0.onchain_agreement_id,ca1_0.payment_deadline,ca1_0.platform_wallet,ca1_0.price_per_session_usdc_units,ca1_0.status,ca1_0.student_email,ca1_0.student_id,ca1_0.student_name,ca1_0.student_phone,ca1_0.student_wallet,ca1_0.terms_hash,ca1_0.terms_json,ca1_0.token_address,ca1_0.token_decimals,ca1_0.token_symbol,ca1_0.total_amount_usdc_units,ca1_0.total_price_vnd,ca1_0.total_sessions,ca1_0.tutor_email,ca1_0.tutor_id,ca1_0.tutor_name,ca1_0.tutor_phone,ca1_0.tutor_wallet,ca1_0.updated_at,ca1_0.version,ca1_0.vnd_per_usdc from contract_agreement ca1_0 where ca1_0.status=?
2026-09-11T16:13:30.490+07:00 DEBUG 7844 --- [contract-service] [   scheduling-1] org.hibernate.SQL                        : select ca1_0.id,ca1_0.chain_id,ca1_0.class_name,ca1_0.classroom_id,ca1_0.classroom_reviewer_email,ca1_0.contract_version,ca1_0.created_at,ca1_0.escrow_contract_address,ca1_0.onchain_agreement_id,ca1_0.payment_deadline,ca1_0.platform_wallet,ca1_0.price_per_session_usdc_units,ca1_0.status,ca1_0.student_email,ca1_0.student_id,ca1_0.student_name,ca1_0.student_phone,ca1_0.student_wallet,ca1_0.terms_hash,ca1_0.terms_json,ca1_0.token_address,ca1_0.token_decimals,ca1_0.token_symbol,ca1_0.total_amount_usdc_units,ca1_0.total_price_vnd,ca1_0.total_sessions,ca1_0.tutor_email,ca1_0.tutor_id,ca1_0.tutor_name,ca1_0.tutor_phone,ca1_0.tutor_wallet,ca1_0.updated_at,ca1_0.version,ca1_0.vnd_per_usdc from contract_agreement ca1_0 where ca1_0.status=? and ca1_0.payment_deadline<?
2026-09-11T16:13:32.299+07:00 DEBUG 7844 --- [contract-service] [   scheduling-1] org.hibernate.SQL                        : select bec1_0.id,bec1_0.chain_id,bec1_0.contract_address,bec1_0.last_confirmed_block,bec1_0.last_confirmed_block_hash,bec1_0.updated_at,bec1_0.version from blockchain_event_cursor bec1_0 where bec1_0.chain_id=? and lower(bec1_0.contract_address)=lower(?) for no key update of bec1_0
2026-09-11T16:13:32.506+07:00 DEBUG 7844 --- [contract-service] [   scheduling-1] org.hibernate.SQL                        : select bt1_0.id,bt1_0.action,bt1_0.agreement_id,bt1_0.attempt_count,bt1_0.block_hash,bt1_0.block_number,bt1_0.calldata,bt1_0.calldata_hash,bt1_0.chain_id,bt1_0.created_at,bt1_0.dispatch_started_at,bt1_0.error_message,bt1_0.from_address,bt1_0.idempotency_key,bt1_0.next_attempt_at,bt1_0.nonce,bt1_0.receipt_status,bt1_0.settlement_id,bt1_0.signed_raw_transaction,bt1_0.status,bt1_0.to_address,bt1_0.transaction_hash,bt1_0.updated_at,bt1_0.version from blockchain_transaction bt1_0 where bt1_0.status='CREATED' and (bt1_0.next_attempt_at is null or bt1_0.next_attempt_at<=?) order by bt1_0.created_at fetch first ? rows only for no key update of bt1_0
2026-09-11T16:13:32.561+07:00 DEBUG 7844 --- [contract-service] [   scheduling-1] org.hibernate.SQL                        : select bt1_0.id,bt1_0.action,bt1_0.agreement_id,bt1_0.attempt_count,bt1_0.block_hash,bt1_0.block_number,bt1_0.calldata,bt1_0.calldata_hash,bt1_0.chain_id,bt1_0.created_at,bt1_0.dispatch_started_at,bt1_0.error_message,bt1_0.from_address,bt1_0.idempotency_key,bt1_0.next_attempt_at,bt1_0.nonce,bt1_0.receipt_status,bt1_0.settlement_id,bt1_0.signed_raw_transaction,bt1_0.status,bt1_0.to_address,bt1_0.transaction_hash,bt1_0.updated_at,bt1_0.version from blockchain_transaction bt1_0 where bt1_0.status in (?,?) order by bt1_0.updated_at fetch first ? rows only
2026-09-11T16:13:38.017+07:00 DEBUG 7844 --- [contract-service] [   scheduling-1] org.hibernate.SQL                        : select bec1_0.id,bec1_0.chain_id,bec1_0.contract_address,bec1_0.last_confirmed_block,bec1_0.last_confirmed_block_hash,bec1_0.updated_at,bec1_0.version from blockchain_event_cursor bec1_0 where bec1_0.chain_id=? and lower(bec1_0.contract_address)=lower(?) for no key update of bec1_0
2026-09-11T16:13:39.205+07:00 DEBUG 7844 --- [contract-service] [   scheduling-1] org.hibernate.SQL                        : update blockchain_event_cursor set chain_id=?,contract_address=?,last_confirmed_block=?,last_confirmed_block_hash=?,updated_at=?,version=? where id=? and version=?
2026-09-11T16:13:39.209+07:00 DEBUG 7844 --- [contract-service] [   scheduling-1] org.hibernate.SQL                        : select bt1_0.id,bt1_0.action,bt1_0.agreement_id,bt1_0.attempt_count,bt1_0.block_hash,bt1_0.block_number,bt1_0.calldata,bt1_0.calldata_hash,bt1_0.chain_id,bt1_0.created_at,bt1_0.dispatch_started_at,bt1_0.error_message,bt1_0.from_address,bt1_0.idempotency_key,bt1_0.next_attempt_at,bt1_0.nonce,bt1_0.receipt_status,bt1_0.settlement_id,bt1_0.signed_raw_transaction,bt1_0.status,bt1_0.to_address,bt1_0.transaction_hash,bt1_0.updated_at,bt1_0.version from blockchain_transaction bt1_0 where bt1_0.status='CREATED' and (bt1_0.next_attempt_at is null or bt1_0.next_attempt_at<=?) order by bt1_0.created_at fetch first ? rows only for no key update of bt1_0
2026-09-11T16:13:39.212+07:00 DEBUG 7844 --- [contract-service] [   scheduling-1] org.hibernate.SQL                        : select bt1_0.id,bt1_0.action,bt1_0.agreement_id,bt1_0.attempt_count,bt1_0.block_hash,bt1_0.block_number,bt1_0.calldata,bt1_0.calldata_hash,bt1_0.chain_id,bt1_0.created_at,bt1_0.dispatch_started_at,bt1_0.error_message,bt1_0.from_address,bt1_0.idempotency_key,bt1_0.next_attempt_at,bt1_0.nonce,bt1_0.receipt_status,bt1_0.settlement_id,bt1_0.signed_raw_transaction,bt1_0.status,bt1_0.to_address,bt1_0.transaction_hash,bt1_0.updated_at,bt1_0.version from blockchain_transaction bt1_0 where bt1_0.status in (?,?) order by bt1_0.updated_at fetch first ? rows only
2026-09-11T16:13:44.734+07:00 DEBUG 7844 --- [contract-service] [   scheduling-1] org.hibernate.SQL                        : select bec1_0.id,bec1_0.chain_id,bec1_0.contract_address,bec1_0.last_confirmed_block,bec1_0.last_confirmed_block_hash,bec1_0.updated_at,bec1_0.version from blockchain_event_cursor bec1_0 where bec1_0.chain_id=? and lower(bec1_0.contract_address)=lower(?) for no key update of bec1_0
2026-09-11T16:13:44.972+07:00 DEBUG 7844 --- [contract-service] [   scheduling-1] org.hibernate.SQL                        : select bt1_0.id,bt1_0.action,bt1_0.agreement_id,bt1_0.attempt_count,bt1_0.block_hash,bt1_0.block_number,bt1_0.calldata,bt1_0.calldata_hash,bt1_0.chain_id,bt1_0.created_at,bt1_0.dispatch_started_at,bt1_0.error_message,bt1_0.from_address,bt1_0.idempotency_key,bt1_0.next_attempt_at,bt1_0.nonce,bt1_0.receipt_status,bt1_0.settlement_id,bt1_0.signed_raw_transaction,bt1_0.status,bt1_0.to_address,bt1_0.transaction_hash,bt1_0.updated_at,bt1_0.version from blockchain_transaction bt1_0 where bt1_0.status='CREATED' and (bt1_0.next_attempt_at is null or bt1_0.next_attempt_at<=?) order by bt1_0.created_at fetch first ? rows only for no key update of bt1_0
2026-09-11T16:13:44.978+07:00 DEBUG 7844 --- [contract-service] [   scheduling-1] org.hibernate.SQL                        : select bt1_0.id,bt1_0.action,bt1_0.agreement_id,bt1_0.attempt_count,bt1_0.block_hash,bt1_0.block_number,bt1_0.calldata,bt1_0.calldata_hash,bt1_0.chain_id,bt1_0.created_at,bt1_0.dispatch_started_at,bt1_0.error_message,bt1_0.from_address,bt1_0.idempotency_key,bt1_0.next_attempt_at,bt1_0.nonce,bt1_0.receipt_status,bt1_0.settlement_id,bt1_0.signed_raw_transaction,bt1_0.status,bt1_0.to_address,bt1_0.transaction_hash,bt1_0.updated_at,bt1_0.version from blockchain_transaction bt1_0 where bt1_0.status in (?,?) order by bt1_0.updated_at fetch first ? rows only
2026-09-11T16:13:50.357+07:00 DEBUG 7844 --- [contract-service] [   scheduling-1] org.hibernate.SQL                        : select bec1_0.id,bec1_0.chain_id,bec1_0.contract_address,bec1_0.last_confirmed_block,bec1_0.last_confirmed_block_hash,bec1_0.updated_at,bec1_0.version from blockchain_event_cursor bec1_0 where bec1_0.chain_id=? and lower(bec1_0.contract_address)=lower(?) for no key update of bec1_0
2026-09-11T16:13:51.510+07:00 DEBUG 7844 --- [contract-service] [   scheduling-1] org.hibernate.SQL                        : update blockchain_event_cursor set chain_id=?,contract_address=?,last_confirmed_block=?,last_confirmed_block_hash=?,updated_at=?,version=? where id=? and version=?
2026-09-11T16:13:51.515+07:00 DEBUG 7844 --- [contract-service] [   scheduling-1] org.hibernate.SQL                        : select bt1_0.id,bt1_0.action,bt1_0.agreement_id,bt1_0.attempt_count,bt1_0.block_hash,bt1_0.block_number,bt1_0.calldata,bt1_0.calldata_hash,bt1_0.chain_id,bt1_0.created_at,bt1_0.dispatch_started_at,bt1_0.error_message,bt1_0.from_address,bt1_0.idempotency_key,bt1_0.next_attempt_at,bt1_0.nonce,bt1_0.receipt_status,bt1_0.settlement_id,bt1_0.signed_raw_transaction,bt1_0.status,bt1_0.to_address,bt1_0.transaction_hash,bt1_0.updated_at,bt1_0.version from blockchain_transaction bt1_0 where bt1_0.status='CREATED' and (bt1_0.next_attempt_at is null or bt1_0.next_attempt_at<=?) order by bt1_0.created_at fetch first ? rows only for no key update of bt1_0
2026-09-11T16:13:51.518+07:00 DEBUG 7844 --- [contract-service] [   scheduling-1] org.hibernate.SQL                        : select bt1_0.id,bt1_0.action,bt1_0.agreement_id,bt1_0.attempt_count,bt1_0.block_hash,bt1_0.block_number,bt1_0.calldata,bt1_0.calldata_hash,bt1_0.chain_id,bt1_0.created_at,bt1_0.dispatch_started_at,bt1_0.error_message,bt1_0.from_address,bt1_0.idempotency_key,bt1_0.next_attempt_at,bt1_0.nonce,bt1_0.receipt_status,bt1_0.settlement_id,bt1_0.signed_raw_transaction,bt1_0.status,bt1_0.to_address,bt1_0.transaction_hash,bt1_0.updated_at,bt1_0.version from blockchain_transaction bt1_0 where bt1_0.status in (?,?) order by bt1_0.updated_at fetch first ? rows only
2026-09-11T16:13:51.523+07:00 DEBUG 7844 --- [contract-service] [   scheduling-1] org.hibernate.SQL                        : select ss1_0.id,ss1_0.agreement_id,ss1_0.amount,ss1_0.created_at,ss1_0.dispute_deadline,ss1_0.finalize_tx_hash,ss1_0.onchain_session_id,ss1_0.outcome,ss1_0.platform_amount,ss1_0.proposal_evidence_hash,ss1_0.propose_tx_hash,ss1_0.session_id,ss1_0.status,ss1_0.student_refund_amount,ss1_0.tutor_amount,ss1_0.updated_at,ss1_0.version from session_settlement ss1_0 where ss1_0.status=? and ss1_0.dispute_deadline<? order by ss1_0.dispute_deadline fetch first ? rows only
2026-09-11T16:13:56.924+07:00 DEBUG 7844 --- [contract-service] [   scheduling-1] org.hibernate.SQL                        : select bec1_0.id,bec1_0.chain_id,bec1_0.contract_address,bec1_0.last_confirmed_block,bec1_0.last_confirmed_block_hash,bec1_0.updated_at,bec1_0.version from blockchain_event_cursor bec1_0 where bec1_0.chain_id=? and lower(bec1_0.contract_address)=lower(?) for no key update of bec1_0
2026-09-11T16:13:57.144+07:00 DEBUG 7844 --- [contract-service] [   scheduling-1] org.hibernate.SQL                        : select bt1_0.id,bt1_0.action,bt1_0.agreement_id,bt1_0.attempt_count,bt1_0.block_hash,bt1_0.block_number,bt1_0.calldata,bt1_0.calldata_hash,bt1_0.chain_id,bt1_0.created_at,bt1_0.dispatch_started_at,bt1_0.error_message,bt1_0.from_address,bt1_0.idempotency_key,bt1_0.next_attempt_at,bt1_0.nonce,bt1_0.receipt_status,bt1_0.settlement_id,bt1_0.signed_raw_transaction,bt1_0.status,bt1_0.to_address,bt1_0.transaction_hash,bt1_0.updated_at,bt1_0.version from blockchain_transaction bt1_0 where bt1_0.status='CREATED' and (bt1_0.next_attempt_at is null or bt1_0.next_attempt_at<=?) order by bt1_0.created_at fetch first ? rows only for no key update of bt1_0
2026-09-11T16:13:57.149+07:00 DEBUG 7844 --- [contract-service] [   scheduling-1] org.hibernate.SQL                        : select bt1_0.id,bt1_0.action,bt1_0.agreement_id,bt1_0.attempt_count,bt1_0.block_hash,bt1_0.block_number,bt1_0.calldata,bt1_0.calldata_hash,bt1_0.chain_id,bt1_0.created_at,bt1_0.dispatch_started_at,bt1_0.error_message,bt1_0.from_address,bt1_0.idempotency_key,bt1_0.next_attempt_at,bt1_0.nonce,bt1_0.receipt_status,bt1_0.settlement_id,bt1_0.signed_raw_transaction,bt1_0.status,bt1_0.to_address,bt1_0.transaction_hash,bt1_0.updated_at,bt1_0.version from blockchain_transaction bt1_0 where bt1_0.status in (?,?) order by bt1_0.updated_at fetch first ? rows only
2026-09-11T16:14:00.500+07:00 DEBUG 7844 --- [contract-service] [   scheduling-1] org.hibernate.SQL                        : select ca1_0.id,ca1_0.chain_id,ca1_0.class_name,ca1_0.classroom_id,ca1_0.classroom_reviewer_email,ca1_0.contract_version,ca1_0.created_at,ca1_0.escrow_contract_address,ca1_0.onchain_agreement_id,ca1_0.payment_deadline,ca1_0.platform_wallet,ca1_0.price_per_session_usdc_units,ca1_0.status,ca1_0.student_email,ca1_0.student_id,ca1_0.student_name,ca1_0.student_phone,ca1_0.student_wallet,ca1_0.terms_hash,ca1_0.terms_json,ca1_0.token_address,ca1_0.token_decimals,ca1_0.token_symbol,ca1_0.total_amount_usdc_units,ca1_0.total_price_vnd,ca1_0.total_sessions,ca1_0.tutor_email,ca1_0.tutor_id,ca1_0.tutor_name,ca1_0.tutor_phone,ca1_0.tutor_wallet,ca1_0.updated_at,ca1_0.version,ca1_0.vnd_per_usdc from contract_agreement ca1_0 where ca1_0.status=?
2026-09-11T16:14:02.548+07:00 DEBUG 7844 --- [contract-service] [   scheduling-1] org.hibernate.SQL                        : select bec1_0.id,bec1_0.chain_id,bec1_0.contract_address,bec1_0.last_confirmed_block,bec1_0.last_confirmed_block_hash,bec1_0.updated_at,bec1_0.version from blockchain_event_cursor bec1_0 where bec1_0.chain_id=? and lower(bec1_0.contract_address)=lower(?) for no key update of bec1_0
2026-09-11T16:14:03.301+07:00 DEBUG 7844 --- [contract-service] [   scheduling-1] org.hibernate.SQL                        : update blockchain_event_cursor set chain_id=?,contract_address=?,last_confirmed_block=?,last_confirmed_block_hash=?,updated_at=?,version=? where id=? and version=?
2026-09-11T16:14:03.310+07:00 DEBUG 7844 --- [contract-service] [   scheduling-1] org.hibernate.SQL                        : select bt1_0.id,bt1_0.action,bt1_0.agreement_id,bt1_0.attempt_count,bt1_0.block_hash,bt1_0.block_number,bt1_0.calldata,bt1_0.calldata_hash,bt1_0.chain_id,bt1_0.created_at,bt1_0.dispatch_started_at,bt1_0.error_message,bt1_0.from_address,bt1_0.idempotency_key,bt1_0.next_attempt_at,bt1_0.nonce,bt1_0.receipt_status,bt1_0.settlement_id,bt1_0.signed_raw_transaction,bt1_0.status,bt1_0.to_address,bt1_0.transaction_hash,bt1_0.updated_at,bt1_0.version from blockchain_transaction bt1_0 where bt1_0.status='CREATED' and (bt1_0.next_attempt_at is null or bt1_0.next_attempt_at<=?) order by bt1_0.created_at fetch first ? rows only for no key update of bt1_0
2026-09-11T16:14:03.317+07:00 DEBUG 7844 --- [contract-service] [   scheduling-1] org.hibernate.SQL                        : select bt1_0.id,bt1_0.action,bt1_0.agreement_id,bt1_0.attempt_count,bt1_0.block_hash,bt1_0.block_number,bt1_0.calldata,bt1_0.calldata_hash,bt1_0.chain_id,bt1_0.created_at,bt1_0.dispatch_started_at,bt1_0.error_message,bt1_0.from_address,bt1_0.idempotency_key,bt1_0.next_attempt_at,bt1_0.nonce,bt1_0.receipt_status,bt1_0.settlement_id,bt1_0.signed_raw_transaction,bt1_0.status,bt1_0.to_address,bt1_0.transaction_hash,bt1_0.updated_at,bt1_0.version from blockchain_transaction bt1_0 where bt1_0.status in (?,?) order by bt1_0.updated_at fetch first ? rows only
2026-09-11T16:14:08.707+07:00 DEBUG 7844 --- [contract-service] [   scheduling-1] org.hibernate.SQL                        : select bec1_0.id,bec1_0.chain_id,bec1_0.contract_address,bec1_0.last_confirmed_block,bec1_0.last_confirmed_block_hash,bec1_0.updated_at,bec1_0.version from blockchain_event_cursor bec1_0 where bec1_0.chain_id=? and lower(bec1_0.contract_address)=lower(?) for no key update of bec1_0
2026-09-11T16:14:08.912+07:00 DEBUG 7844 --- [contract-service] [   scheduling-1] org.hibernate.SQL                        : select bt1_0.id,bt1_0.action,bt1_0.agreement_id,bt1_0.attempt_count,bt1_0.block_hash,bt1_0.block_number,bt1_0.calldata,bt1_0.calldata_hash,bt1_0.chain_id,bt1_0.created_at,bt1_0.dispatch_started_at,bt1_0.error_message,bt1_0.from_address,bt1_0.idempotency_key,bt1_0.next_attempt_at,bt1_0.nonce,bt1_0.receipt_status,bt1_0.settlement_id,bt1_0.signed_raw_transaction,bt1_0.status,bt1_0.to_address,bt1_0.transaction_hash,bt1_0.updated_at,bt1_0.version from blockchain_transaction bt1_0 where bt1_0.status='CREATED' and (bt1_0.next_attempt_at is null or bt1_0.next_attempt_at<=?) order by bt1_0.created_at fetch first ? rows only for no key update of bt1_0
2026-09-11T16:14:08.916+07:00 DEBUG 7844 --- [contract-service] [   scheduling-1] org.hibernate.SQL                        : select bt1_0.id,bt1_0.action,bt1_0.agreement_id,bt1_0.attempt_count,bt1_0.block_hash,bt1_0.block_number,bt1_0.calldata,bt1_0.calldata_hash,bt1_0.chain_id,bt1_0.created_at,bt1_0.dispatch_started_at,bt1_0.error_message,bt1_0.from_address,bt1_0.idempotency_key,bt1_0.next_attempt_at,bt1_0.nonce,bt1_0.receipt_status,bt1_0.settlement_id,bt1_0.signed_raw_transaction,bt1_0.status,bt1_0.to_address,bt1_0.transaction_hash,bt1_0.updated_at,bt1_0.version from blockchain_transaction bt1_0 where bt1_0.status in (?,?) order by bt1_0.updated_at fetch first ? rows only
2026-09-11T16:14:14.271+07:00 DEBUG 7844 --- [contract-service] [   scheduling-1] org.hibernate.SQL                        : select bec1_0.id,bec1_0.chain_id,bec1_0.contract_address,bec1_0.last_confirmed_block,bec1_0.last_confirmed_block_hash,bec1_0.updated_at,bec1_0.version from blockchain_event_cursor bec1_0 where bec1_0.chain_id=? and lower(bec1_0.contract_address)=lower(?) for no key update of bec1_0
2026-09-11T16:14:15.148+07:00 DEBUG 7844 --- [contract-service] [   scheduling-1] org.hibernate.SQL                        : update blockchain_event_cursor set chain_id=?,contract_address=?,last_confirmed_block=?,last_confirmed_block_hash=?,updated_at=?,version=? where id=? and version=?
2026-09-11T16:14:15.154+07:00 DEBUG 7844 --- [contract-service] [   scheduling-1] org.hibernate.SQL                        : select bt1_0.id,bt1_0.action,bt1_0.agreement_id,bt1_0.attempt_count,bt1_0.block_hash,bt1_0.block_number,bt1_0.calldata,bt1_0.calldata_hash,bt1_0.chain_id,bt1_0.created_at,bt1_0.dispatch_started_at,bt1_0.error_message,bt1_0.from_address,bt1_0.idempotency_key,bt1_0.next_attempt_at,bt1_0.nonce,bt1_0.receipt_status,bt1_0.settlement_id,bt1_0.signed_raw_transaction,bt1_0.status,bt1_0.to_address,bt1_0.transaction_hash,bt1_0.updated_at,bt1_0.version from blockchain_transaction bt1_0 where bt1_0.status='CREATED' and (bt1_0.next_attempt_at is null or bt1_0.next_attempt_at<=?) order by bt1_0.created_at fetch first ? rows only for no key update of bt1_0
2026-09-11T16:14:15.157+07:00 DEBUG 7844 --- [contract-service] [   scheduling-1] org.hibernate.SQL                        : select bt1_0.id,bt1_0.action,bt1_0.agreement_id,bt1_0.attempt_count,bt1_0.block_hash,bt1_0.block_number,bt1_0.calldata,bt1_0.calldata_hash,bt1_0.chain_id,bt1_0.created_at,bt1_0.dispatch_started_at,bt1_0.error_message,bt1_0.from_address,bt1_0.idempotency_key,bt1_0.next_attempt_at,bt1_0.nonce,bt1_0.receipt_status,bt1_0.settlement_id,bt1_0.signed_raw_transaction,bt1_0.status,bt1_0.to_address,bt1_0.transaction_hash,bt1_0.updated_at,bt1_0.version from blockchain_transaction bt1_0 where bt1_0.status in (?,?) order by bt1_0.updated_at fetch first ? rows only
2026-09-11T16:14:20.548+07:00 DEBUG 7844 --- [contract-service] [   scheduling-1] org.hibernate.SQL                        : select bec1_0.id,bec1_0.chain_id,bec1_0.contract_address,bec1_0.last_confirmed_block,bec1_0.last_confirmed_block_hash,bec1_0.updated_at,bec1_0.version from blockchain_event_cursor bec1_0 where bec1_0.chain_id=? and lower(bec1_0.contract_address)=lower(?) for no key update of bec1_0
2026-09-11T16:14:20.752+07:00 DEBUG 7844 --- [contract-service] [   scheduling-1] org.hibernate.SQL                        : select bt1_0.id,bt1_0.action,bt1_0.agreement_id,bt1_0.attempt_count,bt1_0.block_hash,bt1_0.block_number,bt1_0.calldata,bt1_0.calldata_hash,bt1_0.chain_id,bt1_0.created_at,bt1_0.dispatch_started_at,bt1_0.error_message,bt1_0.from_address,bt1_0.idempotency_key,bt1_0.next_attempt_at,bt1_0.nonce,bt1_0.receipt_status,bt1_0.settlement_id,bt1_0.signed_raw_transaction,bt1_0.status,bt1_0.to_address,bt1_0.transaction_hash,bt1_0.updated_at,bt1_0.version from blockchain_transaction bt1_0 where bt1_0.status='CREATED' and (bt1_0.next_attempt_at is null or bt1_0.next_attempt_at<=?) order by bt1_0.created_at fetch first ? rows only for no key update of bt1_0
2026-09-11T16:14:20.755+07:00 DEBUG 7844 --- [contract-service] [   scheduling-1] org.hibernate.SQL                        : select bt1_0.id,bt1_0.action,bt1_0.agreement_id,bt1_0.attempt_count,bt1_0.block_hash,bt1_0.block_number,bt1_0.calldata,bt1_0.calldata_hash,bt1_0.chain_id,bt1_0.created_at,bt1_0.dispatch_started_at,bt1_0.error_message,bt1_0.from_address,bt1_0.idempotency_key,bt1_0.next_attempt_at,bt1_0.nonce,bt1_0.receipt_status,bt1_0.settlement_id,bt1_0.signed_raw_transaction,bt1_0.status,bt1_0.to_address,bt1_0.transaction_hash,bt1_0.updated_at,bt1_0.version from blockchain_transaction bt1_0 where bt1_0.status in (?,?) order by bt1_0.updated_at fetch first ? rows only
2026-09-11T16:14:26.139+07:00 DEBUG 7844 --- [contract-service] [   scheduling-1] org.hibernate.SQL                        : select bec1_0.id,bec1_0.chain_id,bec1_0.contract_address,bec1_0.last_confirmed_block,bec1_0.last_confirmed_block_hash,bec1_0.updated_at,bec1_0.version from blockchain_event_cursor bec1_0 where bec1_0.chain_id=? and lower(bec1_0.contract_address)=lower(?) for no key update of bec1_0
2026-09-11T16:14:26.699+07:00 DEBUG 7844 --- [contract-service] [   scheduling-1] org.hibernate.SQL                        : update blockchain_event_cursor set chain_id=?,contract_address=?,last_confirmed_block=?,last_confirmed_block_hash=?,updated_at=?,version=? where id=? and version=?
2026-09-11T16:14:26.705+07:00 DEBUG 7844 --- [contract-service] [   scheduling-1] org.hibernate.SQL                        : select bt1_0.id,bt1_0.action,bt1_0.agreement_id,bt1_0.attempt_count,bt1_0.block_hash,bt1_0.block_number,bt1_0.calldata,bt1_0.calldata_hash,bt1_0.chain_id,bt1_0.created_at,bt1_0.dispatch_started_at,bt1_0.error_message,bt1_0.from_address,bt1_0.idempotency_key,bt1_0.next_attempt_at,bt1_0.nonce,bt1_0.receipt_status,bt1_0.settlement_id,bt1_0.signed_raw_transaction,bt1_0.status,bt1_0.to_address,bt1_0.transaction_hash,bt1_0.updated_at,bt1_0.version from blockchain_transaction bt1_0 where bt1_0.status='CREATED' and (bt1_0.next_attempt_at is null or bt1_0.next_attempt_at<=?) order by bt1_0.created_at fetch first ? rows only for no key update of bt1_0
2026-09-11T16:14:26.708+07:00 DEBUG 7844 --- [contract-service] [   scheduling-1] org.hibernate.SQL                        : select bt1_0.id,bt1_0.action,bt1_0.agreement_id,bt1_0.attempt_count,bt1_0.block_hash,bt1_0.block_number,bt1_0.calldata,bt1_0.calldata_hash,bt1_0.chain_id,bt1_0.created_at,bt1_0.dispatch_started_at,bt1_0.error_message,bt1_0.from_address,bt1_0.idempotency_key,bt1_0.next_attempt_at,bt1_0.nonce,bt1_0.receipt_status,bt1_0.settlement_id,bt1_0.signed_raw_transaction,bt1_0.status,bt1_0.to_address,bt1_0.transaction_hash,bt1_0.updated_at,bt1_0.version from blockchain_transaction bt1_0 where bt1_0.status in (?,?) order by bt1_0.updated_at fetch first ? rows only
2026-09-11T16:14:30.501+07:00 DEBUG 7844 --- [contract-service] [   scheduling-1] org.hibernate.SQL                        : select ca1_0.id,ca1_0.chain_id,ca1_0.class_name,ca1_0.classroom_id,ca1_0.classroom_reviewer_email,ca1_0.contract_version,ca1_0.created_at,ca1_0.escrow_contract_address,ca1_0.onchain_agreement_id,ca1_0.payment_deadline,ca1_0.platform_wallet,ca1_0.price_per_session_usdc_units,ca1_0.status,ca1_0.student_email,ca1_0.student_id,ca1_0.student_name,ca1_0.student_phone,ca1_0.student_wallet,ca1_0.terms_hash,ca1_0.terms_json,ca1_0.token_address,ca1_0.token_decimals,ca1_0.token_symbol,ca1_0.total_amount_usdc_units,ca1_0.total_price_vnd,ca1_0.total_sessions,ca1_0.tutor_email,ca1_0.tutor_id,ca1_0.tutor_name,ca1_0.tutor_phone,ca1_0.tutor_wallet,ca1_0.updated_at,ca1_0.version,ca1_0.vnd_per_usdc from contract_agreement ca1_0 where ca1_0.status=? and ca1_0.payment_deadline<?
2026-09-11T16:14:30.507+07:00 DEBUG 7844 --- [contract-service] [   scheduling-1] org.hibernate.SQL                        : select ca1_0.id,ca1_0.chain_id,ca1_0.class_name,ca1_0.classroom_id,ca1_0.classroom_reviewer_email,ca1_0.contract_version,ca1_0.created_at,ca1_0.escrow_contract_address,ca1_0.onchain_agreement_id,ca1_0.payment_deadline,ca1_0.platform_wallet,ca1_0.price_per_session_usdc_units,ca1_0.status,ca1_0.student_email,ca1_0.student_id,ca1_0.student_name,ca1_0.student_phone,ca1_0.student_wallet,ca1_0.terms_hash,ca1_0.terms_json,ca1_0.token_address,ca1_0.token_decimals,ca1_0.token_symbol,ca1_0.total_amount_usdc_units,ca1_0.total_price_vnd,ca1_0.total_sessions,ca1_0.tutor_email,ca1_0.tutor_id,ca1_0.tutor_name,ca1_0.tutor_phone,ca1_0.tutor_wallet,ca1_0.updated_at,ca1_0.version,ca1_0.vnd_per_usdc from contract_agreement ca1_0 where ca1_0.status=?
2026-09-11T16:14:32.478+07:00 DEBUG 7844 --- [contract-service] [   scheduling-1] org.hibernate.SQL                        : select bec1_0.id,bec1_0.chain_id,bec1_0.contract_address,bec1_0.last_confirmed_block,bec1_0.last_confirmed_block_hash,bec1_0.updated_at,bec1_0.version from blockchain_event_cursor bec1_0 where bec1_0.chain_id=? and lower(bec1_0.contract_address)=lower(?) for no key update of bec1_0
2026-09-11T16:14:32.773+07:00 DEBUG 7844 --- [contract-service] [   scheduling-1] org.hibernate.SQL                        : select bt1_0.id,bt1_0.action,bt1_0.agreement_id,bt1_0.attempt_count,bt1_0.block_hash,bt1_0.block_number,bt1_0.calldata,bt1_0.calldata_hash,bt1_0.chain_id,bt1_0.created_at,bt1_0.dispatch_started_at,bt1_0.error_message,bt1_0.from_address,bt1_0.idempotency_key,bt1_0.next_attempt_at,bt1_0.nonce,bt1_0.receipt_status,bt1_0.settlement_id,bt1_0.signed_raw_transaction,bt1_0.status,bt1_0.to_address,bt1_0.transaction_hash,bt1_0.updated_at,bt1_0.version from blockchain_transaction bt1_0 where bt1_0.status='CREATED' and (bt1_0.next_attempt_at is null or bt1_0.next_attempt_at<=?) order by bt1_0.created_at fetch first ? rows only for no key update of bt1_0
2026-09-11T16:14:32.777+07:00 DEBUG 7844 --- [contract-service] [   scheduling-1] org.hibernate.SQL                        : select bt1_0.id,bt1_0.action,bt1_0.agreement_id,bt1_0.attempt_count,bt1_0.block_hash,bt1_0.block_number,bt1_0.calldata,bt1_0.calldata_hash,bt1_0.chain_id,bt1_0.created_at,bt1_0.dispatch_started_at,bt1_0.error_message,bt1_0.from_address,bt1_0.idempotency_key,bt1_0.next_attempt_at,bt1_0.nonce,bt1_0.receipt_status,bt1_0.settlement_id,bt1_0.signed_raw_transaction,bt1_0.status,bt1_0.to_address,bt1_0.transaction_hash,bt1_0.updated_at,bt1_0.version from blockchain_transaction bt1_0 where bt1_0.status in (?,?) order by bt1_0.updated_at fetch first ? rows only
2026-09-11T16:14:38.108+07:00 DEBUG 7844 --- [contract-service] [   scheduling-1] org.hibernate.SQL                        : select bec1_0.id,bec1_0.chain_id,bec1_0.contract_address,bec1_0.last_confirmed_block,bec1_0.last_confirmed_block_hash,bec1_0.updated_at,bec1_0.version from blockchain_event_cursor bec1_0 where bec1_0.chain_id=? and lower(bec1_0.contract_address)=lower(?) for no key update of bec1_0
2026-09-11T16:14:38.778+07:00 DEBUG 7844 --- [contract-service] [   scheduling-1] org.hibernate.SQL                        : update blockchain_event_cursor set chain_id=?,contract_address=?,last_confirmed_block=?,last_confirmed_block_hash=?,updated_at=?,version=? where id=? and version=?
2026-09-11T16:14:38.783+07:00 DEBUG 7844 --- [contract-service] [   scheduling-1] org.hibernate.SQL                        : select bt1_0.id,bt1_0.action,bt1_0.agreement_id,bt1_0.attempt_count,bt1_0.block_hash,bt1_0.block_number,bt1_0.calldata,bt1_0.calldata_hash,bt1_0.chain_id,bt1_0.created_at,bt1_0.dispatch_started_at,bt1_0.error_message,bt1_0.from_address,bt1_0.idempotency_key,bt1_0.next_attempt_at,bt1_0.nonce,bt1_0.receipt_status,bt1_0.settlement_id,bt1_0.signed_raw_transaction,bt1_0.status,bt1_0.to_address,bt1_0.transaction_hash,bt1_0.updated_at,bt1_0.version from blockchain_transaction bt1_0 where bt1_0.status='CREATED' and (bt1_0.next_attempt_at is null or bt1_0.next_attempt_at<=?) order by bt1_0.created_at fetch first ? rows only for no key update of bt1_0
2026-09-11T16:14:38.789+07:00 DEBUG 7844 --- [contract-service] [   scheduling-1] org.hibernate.SQL                        : select bt1_0.id,bt1_0.action,bt1_0.agreement_id,bt1_0.attempt_count,bt1_0.block_hash,bt1_0.block_number,bt1_0.calldata,bt1_0.calldata_hash,bt1_0.chain_id,bt1_0.created_at,bt1_0.dispatch_started_at,bt1_0.error_message,bt1_0.from_address,bt1_0.idempotency_key,bt1_0.next_attempt_at,bt1_0.nonce,bt1_0.receipt_status,bt1_0.settlement_id,bt1_0.signed_raw_transaction,bt1_0.status,bt1_0.to_address,bt1_0.transaction_hash,bt1_0.updated_at,bt1_0.version from blockchain_transaction bt1_0 where bt1_0.status in (?,?) order by bt1_0.updated_at fetch first ? rows only
2026-09-11T16:14:44.108+07:00 DEBUG 7844 --- [contract-service] [   scheduling-1] org.hibernate.SQL                        : select bec1_0.id,bec1_0.chain_id,bec1_0.contract_address,bec1_0.last_confirmed_block,bec1_0.last_confirmed_block_hash,bec1_0.updated_at,bec1_0.version from blockchain_event_cursor bec1_0 where bec1_0.chain_id=? and lower(bec1_0.contract_address)=lower(?) for no key update of bec1_0
2026-09-11T16:14:44.281+07:00 DEBUG 7844 --- [contract-service] [   scheduling-1] org.hibernate.SQL                        : select bt1_0.id,bt1_0.action,bt1_0.agreement_id,bt1_0.attempt_count,bt1_0.block_hash,bt1_0.block_number,bt1_0.calldata,bt1_0.calldata_hash,bt1_0.chain_id,bt1_0.created_at,bt1_0.dispatch_started_at,bt1_0.error_message,bt1_0.from_address,bt1_0.idempotency_key,bt1_0.next_attempt_at,bt1_0.nonce,bt1_0.receipt_status,bt1_0.settlement_id,bt1_0.signed_raw_transaction,bt1_0.status,bt1_0.to_address,bt1_0.transaction_hash,bt1_0.updated_at,bt1_0.version from blockchain_transaction bt1_0 where bt1_0.status='CREATED' and (bt1_0.next_attempt_at is null or bt1_0.next_attempt_at<=?) order by bt1_0.created_at fetch first ? rows only for no key update of bt1_0
2026-09-11T16:14:44.286+07:00 DEBUG 7844 --- [contract-service] [   scheduling-1] org.hibernate.SQL                        : select bt1_0.id,bt1_0.action,bt1_0.agreement_id,bt1_0.attempt_count,bt1_0.block_hash,bt1_0.block_number,bt1_0.calldata,bt1_0.calldata_hash,bt1_0.chain_id,bt1_0.created_at,bt1_0.dispatch_started_at,bt1_0.error_message,bt1_0.from_address,bt1_0.idempotency_key,bt1_0.next_attempt_at,bt1_0.nonce,bt1_0.receipt_status,bt1_0.settlement_id,bt1_0.signed_raw_transaction,bt1_0.status,bt1_0.to_address,bt1_0.transaction_hash,bt1_0.updated_at,bt1_0.version from blockchain_transaction bt1_0 where bt1_0.status in (?,?) order by bt1_0.updated_at fetch first ? rows only
2026-09-11T16:14:49.644+07:00 DEBUG 7844 --- [contract-service] [   scheduling-1] org.hibernate.SQL                        : select bec1_0.id,bec1_0.chain_id,bec1_0.contract_address,bec1_0.last_confirmed_block,bec1_0.last_confirmed_block_hash,bec1_0.updated_at,bec1_0.version from blockchain_event_cursor bec1_0 where bec1_0.chain_id=? and lower(bec1_0.contract_address)=lower(?) for no key update of bec1_0
2026-09-11T16:14:49.840+07:00 DEBUG 7844 --- [contract-service] [   scheduling-1] org.hibernate.SQL                        : select bt1_0.id,bt1_0.action,bt1_0.agreement_id,bt1_0.attempt_count,bt1_0.block_hash,bt1_0.block_number,bt1_0.calldata,bt1_0.calldata_hash,bt1_0.chain_id,bt1_0.created_at,bt1_0.dispatch_started_at,bt1_0.error_message,bt1_0.from_address,bt1_0.idempotency_key,bt1_0.next_attempt_at,bt1_0.nonce,bt1_0.receipt_status,bt1_0.settlement_id,bt1_0.signed_raw_transaction,bt1_0.status,bt1_0.to_address,bt1_0.transaction_hash,bt1_0.updated_at,bt1_0.version from blockchain_transaction bt1_0 where bt1_0.status='CREATED' and (bt1_0.next_attempt_at is null or bt1_0.next_attempt_at<=?) order by bt1_0.created_at fetch first ? rows only for no key update of bt1_0
2026-09-11T16:14:49.845+07:00 DEBUG 7844 --- [contract-service] [   scheduling-1] org.hibernate.SQL                        : select bt1_0.id,bt1_0.action,bt1_0.agreement_id,bt1_0.attempt_count,bt1_0.block_hash,bt1_0.block_number,bt1_0.calldata,bt1_0.calldata_hash,bt1_0.chain_id,bt1_0.created_at,bt1_0.dispatch_started_at,bt1_0.error_message,bt1_0.from_address,bt1_0.idempotency_key,bt1_0.next_attempt_at,bt1_0.nonce,bt1_0.receipt_status,bt1_0.settlement_id,bt1_0.signed_raw_transaction,bt1_0.status,bt1_0.to_address,bt1_0.transaction_hash,bt1_0.updated_at,bt1_0.version from blockchain_transaction bt1_0 where bt1_0.status in (?,?) order by bt1_0.updated_at fetch first ? rows only
2026-09-11T16:14:51.538+07:00 DEBUG 7844 --- [contract-service] [   scheduling-1] org.hibernate.SQL                        : select ss1_0.id,ss1_0.agreement_id,ss1_0.amount,ss1_0.created_at,ss1_0.dispute_deadline,ss1_0.finalize_tx_hash,ss1_0.onchain_session_id,ss1_0.outcome,ss1_0.platform_amount,ss1_0.proposal_evidence_hash,ss1_0.propose_tx_hash,ss1_0.session_id,ss1_0.status,ss1_0.student_refund_amount,ss1_0.tutor_amount,ss1_0.updated_at,ss1_0.version from session_settlement ss1_0 where ss1_0.status=? and ss1_0.dispute_deadline<? order by ss1_0.dispute_deadline fetch first ? rows only
2026-09-11T16:14:55.194+07:00 DEBUG 7844 --- [contract-service] [   scheduling-1] org.hibernate.SQL                        : select bec1_0.id,bec1_0.chain_id,bec1_0.contract_address,bec1_0.last_confirmed_block,bec1_0.last_confirmed_block_hash,bec1_0.updated_at,bec1_0.version from blockchain_event_cursor bec1_0 where bec1_0.chain_id=? and lower(bec1_0.contract_address)=lower(?) for no key update of bec1_0
2026-09-11T16:14:55.884+07:00 DEBUG 7844 --- [contract-service] [   scheduling-1] org.hibernate.SQL                        : update blockchain_event_cursor set chain_id=?,contract_address=?,last_confirmed_block=?,last_confirmed_block_hash=?,updated_at=?,version=? where id=? and version=?
2026-09-11T16:14:55.890+07:00 DEBUG 7844 --- [contract-service] [   scheduling-1] org.hibernate.SQL                        : select bt1_0.id,bt1_0.action,bt1_0.agreement_id,bt1_0.attempt_count,bt1_0.block_hash,bt1_0.block_number,bt1_0.calldata,bt1_0.calldata_hash,bt1_0.chain_id,bt1_0.created_at,bt1_0.dispatch_started_at,bt1_0.error_message,bt1_0.from_address,bt1_0.idempotency_key,bt1_0.next_attempt_at,bt1_0.nonce,bt1_0.receipt_status,bt1_0.settlement_id,bt1_0.signed_raw_transaction,bt1_0.status,bt1_0.to_address,bt1_0.transaction_hash,bt1_0.updated_at,bt1_0.version from blockchain_transaction bt1_0 where bt1_0.status='CREATED' and (bt1_0.next_attempt_at is null or bt1_0.next_attempt_at<=?) order by bt1_0.created_at fetch first ? rows only for no key update of bt1_0
2026-09-11T16:14:55.893+07:00 DEBUG 7844 --- [contract-service] [   scheduling-1] org.hibernate.SQL                        : select bt1_0.id,bt1_0.action,bt1_0.agreement_id,bt1_0.attempt_count,bt1_0.block_hash,bt1_0.block_number,bt1_0.calldata,bt1_0.calldata_hash,bt1_0.chain_id,bt1_0.created_at,bt1_0.dispatch_started_at,bt1_0.error_message,bt1_0.from_address,bt1_0.idempotency_key,bt1_0.next_attempt_at,bt1_0.nonce,bt1_0.receipt_status,bt1_0.settlement_id,bt1_0.signed_raw_transaction,bt1_0.status,bt1_0.to_address,bt1_0.transaction_hash,bt1_0.updated_at,bt1_0.version from blockchain_transaction bt1_0 where bt1_0.status in (?,?) order by bt1_0.updated_at fetch first ? rows only
2026-09-11T16:15:00.526+07:00 DEBUG 7844 --- [contract-service] [   scheduling-1] org.hibernate.SQL                        : select ca1_0.id,ca1_0.chain_id,ca1_0.class_name,ca1_0.classroom_id,ca1_0.classroom_reviewer_email,ca1_0.contract_version,ca1_0.created_at,ca1_0.escrow_contract_address,ca1_0.onchain_agreement_id,ca1_0.payment_deadline,ca1_0.platform_wallet,ca1_0.price_per_session_usdc_units,ca1_0.status,ca1_0.student_email,ca1_0.student_id,ca1_0.student_name,ca1_0.student_phone,ca1_0.student_wallet,ca1_0.terms_hash,ca1_0.terms_json,ca1_0.token_address,ca1_0.token_decimals,ca1_0.token_symbol,ca1_0.total_amount_usdc_units,ca1_0.total_price_vnd,ca1_0.total_sessions,ca1_0.tutor_email,ca1_0.tutor_id,ca1_0.tutor_name,ca1_0.tutor_phone,ca1_0.tutor_wallet,ca1_0.updated_at,ca1_0.version,ca1_0.vnd_per_usdc from contract_agreement ca1_0 where ca1_0.status=?
2026-09-11T16:15:01.261+07:00 DEBUG 7844 --- [contract-service] [   scheduling-1] org.hibernate.SQL                        : select bec1_0.id,bec1_0.chain_id,bec1_0.contract_address,bec1_0.last_confirmed_block,bec1_0.last_confirmed_block_hash,bec1_0.updated_at,bec1_0.version from blockchain_event_cursor bec1_0 where bec1_0.chain_id=? and lower(bec1_0.contract_address)=lower(?) for no key update of bec1_0
2026-09-11T16:15:02.075+07:00 DEBUG 7844 --- [contract-service] [   scheduling-1] org.hibernate.SQL                        : update blockchain_event_cursor set chain_id=?,contract_address=?,last_confirmed_block=?,last_confirmed_block_hash=?,updated_at=?,version=? where id=? and version=?
2026-09-11T16:15:02.081+07:00 DEBUG 7844 --- [contract-service] [   scheduling-1] org.hibernate.SQL                        : select bt1_0.id,bt1_0.action,bt1_0.agreement_id,bt1_0.attempt_count,bt1_0.block_hash,bt1_0.block_number,bt1_0.calldata,bt1_0.calldata_hash,bt1_0.chain_id,bt1_0.created_at,bt1_0.dispatch_started_at,bt1_0.error_message,bt1_0.from_address,bt1_0.idempotency_key,bt1_0.next_attempt_at,bt1_0.nonce,bt1_0.receipt_status,bt1_0.settlement_id,bt1_0.signed_raw_transaction,bt1_0.status,bt1_0.to_address,bt1_0.transaction_hash,bt1_0.updated_at,bt1_0.version from blockchain_transaction bt1_0 where bt1_0.status='CREATED' and (bt1_0.next_attempt_at is null or bt1_0.next_attempt_at<=?) order by bt1_0.created_at fetch first ? rows only for no key update of bt1_0
2026-09-11T16:15:02.086+07:00 DEBUG 7844 --- [contract-service] [   scheduling-1] org.hibernate.SQL                        : select bt1_0.id,bt1_0.action,bt1_0.agreement_id,bt1_0.attempt_count,bt1_0.block_hash,bt1_0.block_number,bt1_0.calldata,bt1_0.calldata_hash,bt1_0.chain_id,bt1_0.created_at,bt1_0.dispatch_started_at,bt1_0.error_message,bt1_0.from_address,bt1_0.idempotency_key,bt1_0.next_attempt_at,bt1_0.nonce,bt1_0.receipt_status,bt1_0.settlement_id,bt1_0.signed_raw_transaction,bt1_0.status,bt1_0.to_address,bt1_0.transaction_hash,bt1_0.updated_at,bt1_0.version from blockchain_transaction bt1_0 where bt1_0.status in (?,?) order by bt1_0.updated_at fetch first ? rows only
2026-09-11T16:15:07.433+07:00 DEBUG 7844 --- [contract-service] [   scheduling-1] org.hibernate.SQL                        : select bec1_0.id,bec1_0.chain_id,bec1_0.contract_address,bec1_0.last_confirmed_block,bec1_0.last_confirmed_block_hash,bec1_0.updated_at,bec1_0.version from blockchain_event_cursor bec1_0 where bec1_0.chain_id=? and lower(bec1_0.contract_address)=lower(?) for no key update of bec1_0
2026-09-11T16:15:07.603+07:00 DEBUG 7844 --- [contract-service] [   scheduling-1] org.hibernate.SQL                        : select bt1_0.id,bt1_0.action,bt1_0.agreement_id,bt1_0.attempt_count,bt1_0.block_hash,bt1_0.block_number,bt1_0.calldata,bt1_0.calldata_hash,bt1_0.chain_id,bt1_0.created_at,bt1_0.dispatch_started_at,bt1_0.error_message,bt1_0.from_address,bt1_0.idempotency_key,bt1_0.next_attempt_at,bt1_0.nonce,bt1_0.receipt_status,bt1_0.settlement_id,bt1_0.signed_raw_transaction,bt1_0.status,bt1_0.to_address,bt1_0.transaction_hash,bt1_0.updated_at,bt1_0.version from blockchain_transaction bt1_0 where bt1_0.status='CREATED' and (bt1_0.next_attempt_at is null or bt1_0.next_attempt_at<=?) order by bt1_0.created_at fetch first ? rows only for no key update of bt1_0
2026-09-11T16:15:07.607+07:00 DEBUG 7844 --- [contract-service] [   scheduling-1] org.hibernate.SQL                        : select bt1_0.id,bt1_0.action,bt1_0.agreement_id,bt1_0.attempt_count,bt1_0.block_hash,bt1_0.block_number,bt1_0.calldata,bt1_0.calldata_hash,bt1_0.chain_id,bt1_0.created_at,bt1_0.dispatch_started_at,bt1_0.error_message,bt1_0.from_address,bt1_0.idempotency_key,bt1_0.next_attempt_at,bt1_0.nonce,bt1_0.receipt_status,bt1_0.settlement_id,bt1_0.signed_raw_transaction,bt1_0.status,bt1_0.to_address,bt1_0.transaction_hash,bt1_0.updated_at,bt1_0.version from blockchain_transaction bt1_0 where bt1_0.status in (?,?) order by bt1_0.updated_at fetch first ? rows only
2026-09-11T16:15:12.954+07:00 DEBUG 7844 --- [contract-service] [   scheduling-1] org.hibernate.SQL                        : select bec1_0.id,bec1_0.chain_id,bec1_0.contract_address,bec1_0.last_confirmed_block,bec1_0.last_confirmed_block_hash,bec1_0.updated_at,bec1_0.version from blockchain_event_cursor bec1_0 where bec1_0.chain_id=? and lower(bec1_0.contract_address)=lower(?) for no key update of bec1_0
2026-09-11T16:15:13.141+07:00 DEBUG 7844 --- [contract-service] [   scheduling-1] org.hibernate.SQL                        : select bt1_0.id,bt1_0.action,bt1_0.agreement_id,bt1_0.attempt_count,bt1_0.block_hash,bt1_0.block_number,bt1_0.calldata,bt1_0.calldata_hash,bt1_0.chain_id,bt1_0.created_at,bt1_0.dispatch_started_at,bt1_0.error_message,bt1_0.from_address,bt1_0.idempotency_key,bt1_0.next_attempt_at,bt1_0.nonce,bt1_0.receipt_status,bt1_0.settlement_id,bt1_0.signed_raw_transaction,bt1_0.status,bt1_0.to_address,bt1_0.transaction_hash,bt1_0.updated_at,bt1_0.version from blockchain_transaction bt1_0 where bt1_0.status='CREATED' and (bt1_0.next_attempt_at is null or bt1_0.next_attempt_at<=?) order by bt1_0.created_at fetch first ? rows only for no key update of bt1_0
2026-09-11T16:15:13.146+07:00 DEBUG 7844 --- [contract-service] [   scheduling-1] org.hibernate.SQL                        : select bt1_0.id,bt1_0.action,bt1_0.agreement_id,bt1_0.attempt_count,bt1_0.block_hash,bt1_0.block_number,bt1_0.calldata,bt1_0.calldata_hash,bt1_0.chain_id,bt1_0.created_at,bt1_0.dispatch_started_at,bt1_0.error_message,bt1_0.from_address,bt1_0.idempotency_key,bt1_0.next_attempt_at,bt1_0.nonce,bt1_0.receipt_status,bt1_0.settlement_id,bt1_0.signed_raw_transaction,bt1_0.status,bt1_0.to_address,bt1_0.transaction_hash,bt1_0.updated_at,bt1_0.version from blockchain_transaction bt1_0 where bt1_0.status in (?,?) order by bt1_0.updated_at fetch first ? rows only
2026-09-11T16:15:18.475+07:00 DEBUG 7844 --- [contract-service] [   scheduling-1] org.hibernate.SQL                        : select bec1_0.id,bec1_0.chain_id,bec1_0.contract_address,bec1_0.last_confirmed_block,bec1_0.last_confirmed_block_hash,bec1_0.updated_at,bec1_0.version from blockchain_event_cursor bec1_0 where bec1_0.chain_id=? and lower(bec1_0.contract_address)=lower(?) for no key update of bec1_0
2026-09-11T16:15:19.161+07:00 DEBUG 7844 --- [contract-service] [   scheduling-1] org.hibernate.SQL                        : update blockchain_event_cursor set chain_id=?,contract_address=?,last_confirmed_block=?,last_confirmed_block_hash=?,updated_at=?,version=? where id=? and version=?
2026-09-11T16:15:19.167+07:00 DEBUG 7844 --- [contract-service] [   scheduling-1] org.hibernate.SQL                        : select bt1_0.id,bt1_0.action,bt1_0.agreement_id,bt1_0.attempt_count,bt1_0.block_hash,bt1_0.block_number,bt1_0.calldata,bt1_0.calldata_hash,bt1_0.chain_id,bt1_0.created_at,bt1_0.dispatch_started_at,bt1_0.error_message,bt1_0.from_address,bt1_0.idempotency_key,bt1_0.next_attempt_at,bt1_0.nonce,bt1_0.receipt_status,bt1_0.settlement_id,bt1_0.signed_raw_transaction,bt1_0.status,bt1_0.to_address,bt1_0.transaction_hash,bt1_0.updated_at,bt1_0.version from blockchain_transaction bt1_0 where bt1_0.status='CREATED' and (bt1_0.next_attempt_at is null or bt1_0.next_attempt_at<=?) order by bt1_0.created_at fetch first ? rows only for no key update of bt1_0
2026-09-11T16:15:19.170+07:00 DEBUG 7844 --- [contract-service] [   scheduling-1] org.hibernate.SQL                        : select bt1_0.id,bt1_0.action,bt1_0.agreement_id,bt1_0.attempt_count,bt1_0.block_hash,bt1_0.block_number,bt1_0.calldata,bt1_0.calldata_hash,bt1_0.chain_id,bt1_0.created_at,bt1_0.dispatch_started_at,bt1_0.error_message,bt1_0.from_address,bt1_0.idempotency_key,bt1_0.next_attempt_at,bt1_0.nonce,bt1_0.receipt_status,bt1_0.settlement_id,bt1_0.signed_raw_transaction,bt1_0.status,bt1_0.to_address,bt1_0.transaction_hash,bt1_0.updated_at,bt1_0.version from blockchain_transaction bt1_0 where bt1_0.status in (?,?) order by bt1_0.updated_at fetch first ? rows only
2026-09-11T16:15:24.507+07:00 DEBUG 7844 --- [contract-service] [   scheduling-1] org.hibernate.SQL                        : select bec1_0.id,bec1_0.chain_id,bec1_0.contract_address,bec1_0.last_confirmed_block,bec1_0.last_confirmed_block_hash,bec1_0.updated_at,bec1_0.version from blockchain_event_cursor bec1_0 where bec1_0.chain_id=? and lower(bec1_0.contract_address)=lower(?) for no key update of bec1_0
2026-09-11T16:15:24.696+07:00 DEBUG 7844 --- [contract-service] [   scheduling-1] org.hibernate.SQL                        : select bt1_0.id,bt1_0.action,bt1_0.agreement_id,bt1_0.attempt_count,bt1_0.block_hash,bt1_0.block_number,bt1_0.calldata,bt1_0.calldata_hash,bt1_0.chain_id,bt1_0.created_at,bt1_0.dispatch_started_at,bt1_0.error_message,bt1_0.from_address,bt1_0.idempotency_key,bt1_0.next_attempt_at,bt1_0.nonce,bt1_0.receipt_status,bt1_0.settlement_id,bt1_0.signed_raw_transaction,bt1_0.status,bt1_0.to_address,bt1_0.transaction_hash,bt1_0.updated_at,bt1_0.version from blockchain_transaction bt1_0 where bt1_0.status='CREATED' and (bt1_0.next_attempt_at is null or bt1_0.next_attempt_at<=?) order by bt1_0.created_at fetch first ? rows only for no key update of bt1_0
2026-09-11T16:15:24.701+07:00 DEBUG 7844 --- [contract-service] [   scheduling-1] org.hibernate.SQL                        : select bt1_0.id,bt1_0.action,bt1_0.agreement_id,bt1_0.attempt_count,bt1_0.block_hash,bt1_0.block_number,bt1_0.calldata,bt1_0.calldata_hash,bt1_0.chain_id,bt1_0.created_at,bt1_0.dispatch_started_at,bt1_0.error_message,bt1_0.from_address,bt1_0.idempotency_key,bt1_0.next_attempt_at,bt1_0.nonce,bt1_0.receipt_status,bt1_0.settlement_id,bt1_0.signed_raw_transaction,bt1_0.status,bt1_0.to_address,bt1_0.transaction_hash,bt1_0.updated_at,bt1_0.version from blockchain_transaction bt1_0 where bt1_0.status in (?,?) order by bt1_0.updated_at fetch first ? rows only
2026-09-11T16:15:30.043+07:00 DEBUG 7844 --- [contract-service] [   scheduling-1] org.hibernate.SQL                        : select bec1_0.id,bec1_0.chain_id,bec1_0.contract_address,bec1_0.last_confirmed_block,bec1_0.last_confirmed_block_hash,bec1_0.updated_at,bec1_0.version from blockchain_event_cursor bec1_0 where bec1_0.chain_id=? and lower(bec1_0.contract_address)=lower(?) for no key update of bec1_0
2026-09-11T16:15:30.580+07:00 DEBUG 7844 --- [contract-service] [   scheduling-1] org.hibernate.SQL                        : update blockchain_event_cursor set chain_id=?,contract_address=?,last_confirmed_block=?,last_confirmed_block_hash=?,updated_at=?,version=? where id=? and version=?
2026-09-11T16:15:30.590+07:00 DEBUG 7844 --- [contract-service] [   scheduling-1] org.hibernate.SQL                        : select bt1_0.id,bt1_0.action,bt1_0.agreement_id,bt1_0.attempt_count,bt1_0.block_hash,bt1_0.block_number,bt1_0.calldata,bt1_0.calldata_hash,bt1_0.chain_id,bt1_0.created_at,bt1_0.dispatch_started_at,bt1_0.error_message,bt1_0.from_address,bt1_0.idempotency_key,bt1_0.next_attempt_at,bt1_0.nonce,bt1_0.receipt_status,bt1_0.settlement_id,bt1_0.signed_raw_transaction,bt1_0.status,bt1_0.to_address,bt1_0.transaction_hash,bt1_0.updated_at,bt1_0.version from blockchain_transaction bt1_0 where bt1_0.status='CREATED' and (bt1_0.next_attempt_at is null or bt1_0.next_attempt_at<=?) order by bt1_0.created_at fetch first ? rows only for no key update of bt1_0
2026-09-11T16:15:30.595+07:00 DEBUG 7844 --- [contract-service] [   scheduling-1] org.hibernate.SQL                        : select bt1_0.id,bt1_0.action,bt1_0.agreement_id,bt1_0.attempt_count,bt1_0.block_hash,bt1_0.block_number,bt1_0.calldata,bt1_0.calldata_hash,bt1_0.chain_id,bt1_0.created_at,bt1_0.dispatch_started_at,bt1_0.error_message,bt1_0.from_address,bt1_0.idempotency_key,bt1_0.next_attempt_at,bt1_0.nonce,bt1_0.receipt_status,bt1_0.settlement_id,bt1_0.signed_raw_transaction,bt1_0.status,bt1_0.to_address,bt1_0.transaction_hash,bt1_0.updated_at,bt1_0.version from blockchain_transaction bt1_0 where bt1_0.status in (?,?) order by bt1_0.updated_at fetch first ? rows only
2026-09-11T16:15:30.599+07:00 DEBUG 7844 --- [contract-service] [   scheduling-1] org.hibernate.SQL                        : select ca1_0.id,ca1_0.chain_id,ca1_0.class_name,ca1_0.classroom_id,ca1_0.classroom_reviewer_email,ca1_0.contract_version,ca1_0.created_at,ca1_0.escrow_contract_address,ca1_0.onchain_agreement_id,ca1_0.payment_deadline,ca1_0.platform_wallet,ca1_0.price_per_session_usdc_units,ca1_0.status,ca1_0.student_email,ca1_0.student_id,ca1_0.student_name,ca1_0.student_phone,ca1_0.student_wallet,ca1_0.terms_hash,ca1_0.terms_json,ca1_0.token_address,ca1_0.token_decimals,ca1_0.token_symbol,ca1_0.total_amount_usdc_units,ca1_0.total_price_vnd,ca1_0.total_sessions,ca1_0.tutor_email,ca1_0.tutor_id,ca1_0.tutor_name,ca1_0.tutor_phone,ca1_0.tutor_wallet,ca1_0.updated_at,ca1_0.version,ca1_0.vnd_per_usdc from contract_agreement ca1_0 where ca1_0.status=? and ca1_0.payment_deadline<?
2026-09-11T16:15:30.607+07:00 DEBUG 7844 --- [contract-service] [   scheduling-1] org.hibernate.SQL                        : select ca1_0.id,ca1_0.chain_id,ca1_0.class_name,ca1_0.classroom_id,ca1_0.classroom_reviewer_email,ca1_0.contract_version,ca1_0.created_at,ca1_0.escrow_contract_address,ca1_0.onchain_agreement_id,ca1_0.payment_deadline,ca1_0.platform_wallet,ca1_0.price_per_session_usdc_units,ca1_0.status,ca1_0.student_email,ca1_0.student_id,ca1_0.student_name,ca1_0.student_phone,ca1_0.student_wallet,ca1_0.terms_hash,ca1_0.terms_json,ca1_0.token_address,ca1_0.token_decimals,ca1_0.token_symbol,ca1_0.total_amount_usdc_units,ca1_0.total_price_vnd,ca1_0.total_sessions,ca1_0.tutor_email,ca1_0.tutor_id,ca1_0.tutor_name,ca1_0.tutor_phone,ca1_0.tutor_wallet,ca1_0.updated_at,ca1_0.version,ca1_0.vnd_per_usdc from contract_agreement ca1_0 where ca1_0.status=?
2026-09-11T16:15:36.513+07:00 DEBUG 7844 --- [contract-service] [   scheduling-1] org.hibernate.SQL                        : select bec1_0.id,bec1_0.chain_id,bec1_0.contract_address,bec1_0.last_confirmed_block,bec1_0.last_confirmed_block_hash,bec1_0.updated_at,bec1_0.version from blockchain_event_cursor bec1_0 where bec1_0.chain_id=? and lower(bec1_0.contract_address)=lower(?) for no key update of bec1_0
2026-09-11T16:15:37.172+07:00 DEBUG 7844 --- [contract-service] [   scheduling-1] org.hibernate.SQL                        : select bt1_0.id,bt1_0.action,bt1_0.agreement_id,bt1_0.attempt_count,bt1_0.block_hash,bt1_0.block_number,bt1_0.calldata,bt1_0.calldata_hash,bt1_0.chain_id,bt1_0.created_at,bt1_0.dispatch_started_at,bt1_0.error_message,bt1_0.from_address,bt1_0.idempotency_key,bt1_0.next_attempt_at,bt1_0.nonce,bt1_0.receipt_status,bt1_0.settlement_id,bt1_0.signed_raw_transaction,bt1_0.status,bt1_0.to_address,bt1_0.transaction_hash,bt1_0.updated_at,bt1_0.version from blockchain_transaction bt1_0 where bt1_0.status='CREATED' and (bt1_0.next_attempt_at is null or bt1_0.next_attempt_at<=?) order by bt1_0.created_at fetch first ? rows only for no key update of bt1_0
2026-09-11T16:15:37.177+07:00 DEBUG 7844 --- [contract-service] [   scheduling-1] org.hibernate.SQL                        : select bt1_0.id,bt1_0.action,bt1_0.agreement_id,bt1_0.attempt_count,bt1_0.block_hash,bt1_0.block_number,bt1_0.calldata,bt1_0.calldata_hash,bt1_0.chain_id,bt1_0.created_at,bt1_0.dispatch_started_at,bt1_0.error_message,bt1_0.from_address,bt1_0.idempotency_key,bt1_0.next_attempt_at,bt1_0.nonce,bt1_0.receipt_status,bt1_0.settlement_id,bt1_0.signed_raw_transaction,bt1_0.status,bt1_0.to_address,bt1_0.transaction_hash,bt1_0.updated_at,bt1_0.version from blockchain_transaction bt1_0 where bt1_0.status in (?,?) order by bt1_0.updated_at fetch first ? rows only
2026-09-11T16:15:42.551+07:00 DEBUG 7844 --- [contract-service] [   scheduling-1] org.hibernate.SQL                        : select bec1_0.id,bec1_0.chain_id,bec1_0.contract_address,bec1_0.last_confirmed_block,bec1_0.last_confirmed_block_hash,bec1_0.updated_at,bec1_0.version from blockchain_event_cursor bec1_0 where bec1_0.chain_id=? and lower(bec1_0.contract_address)=lower(?) for no key update of bec1_0
2026-09-11T16:15:43.257+07:00 DEBUG 7844 --- [contract-service] [   scheduling-1] org.hibernate.SQL                        : update blockchain_event_cursor set chain_id=?,contract_address=?,last_confirmed_block=?,last_confirmed_block_hash=?,updated_at=?,version=? where id=? and version=?
2026-09-11T16:15:43.265+07:00 DEBUG 7844 --- [contract-service] [   scheduling-1] org.hibernate.SQL                        : select bt1_0.id,bt1_0.action,bt1_0.agreement_id,bt1_0.attempt_count,bt1_0.block_hash,bt1_0.block_number,bt1_0.calldata,bt1_0.calldata_hash,bt1_0.chain_id,bt1_0.created_at,bt1_0.dispatch_started_at,bt1_0.error_message,bt1_0.from_address,bt1_0.idempotency_key,bt1_0.next_attempt_at,bt1_0.nonce,bt1_0.receipt_status,bt1_0.settlement_id,bt1_0.signed_raw_transaction,bt1_0.status,bt1_0.to_address,bt1_0.transaction_hash,bt1_0.updated_at,bt1_0.version from blockchain_transaction bt1_0 where bt1_0.status='CREATED' and (bt1_0.next_attempt_at is null or bt1_0.next_attempt_at<=?) order by bt1_0.created_at fetch first ? rows only for no key update of bt1_0
2026-09-11T16:15:43.273+07:00 DEBUG 7844 --- [contract-service] [   scheduling-1] org.hibernate.SQL                        : select bt1_0.id,bt1_0.action,bt1_0.agreement_id,bt1_0.attempt_count,bt1_0.block_hash,bt1_0.block_number,bt1_0.calldata,bt1_0.calldata_hash,bt1_0.chain_id,bt1_0.created_at,bt1_0.dispatch_started_at,bt1_0.error_message,bt1_0.from_address,bt1_0.idempotency_key,bt1_0.next_attempt_at,bt1_0.nonce,bt1_0.receipt_status,bt1_0.settlement_id,bt1_0.signed_raw_transaction,bt1_0.status,bt1_0.to_address,bt1_0.transaction_hash,bt1_0.updated_at,bt1_0.version from blockchain_transaction bt1_0 where bt1_0.status in (?,?) order by bt1_0.updated_at fetch first ? rows only
2026-09-11T16:15:48.598+07:00 DEBUG 7844 --- [contract-service] [   scheduling-1] org.hibernate.SQL                        : select bec1_0.id,bec1_0.chain_id,bec1_0.contract_address,bec1_0.last_confirmed_block,bec1_0.last_confirmed_block_hash,bec1_0.updated_at,bec1_0.version from blockchain_event_cursor bec1_0 where bec1_0.chain_id=? and lower(bec1_0.contract_address)=lower(?) for no key update of bec1_0
2026-09-11T16:15:48.835+07:00 DEBUG 7844 --- [contract-service] [   scheduling-1] org.hibernate.SQL                        : select bt1_0.id,bt1_0.action,bt1_0.agreement_id,bt1_0.attempt_count,bt1_0.block_hash,bt1_0.block_number,bt1_0.calldata,bt1_0.calldata_hash,bt1_0.chain_id,bt1_0.created_at,bt1_0.dispatch_started_at,bt1_0.error_message,bt1_0.from_address,bt1_0.idempotency_key,bt1_0.next_attempt_at,bt1_0.nonce,bt1_0.receipt_status,bt1_0.settlement_id,bt1_0.signed_raw_transaction,bt1_0.status,bt1_0.to_address,bt1_0.transaction_hash,bt1_0.updated_at,bt1_0.version from blockchain_transaction bt1_0 where bt1_0.status='CREATED' and (bt1_0.next_attempt_at is null or bt1_0.next_attempt_at<=?) order by bt1_0.created_at fetch first ? rows only for no key update of bt1_0
2026-09-11T16:15:48.838+07:00 DEBUG 7844 --- [contract-service] [   scheduling-1] org.hibernate.SQL                        : select bt1_0.id,bt1_0.action,bt1_0.agreement_id,bt1_0.attempt_count,bt1_0.block_hash,bt1_0.block_number,bt1_0.calldata,bt1_0.calldata_hash,bt1_0.chain_id,bt1_0.created_at,bt1_0.dispatch_started_at,bt1_0.error_message,bt1_0.from_address,bt1_0.idempotency_key,bt1_0.next_attempt_at,bt1_0.nonce,bt1_0.receipt_status,bt1_0.settlement_id,bt1_0.signed_raw_transaction,bt1_0.status,bt1_0.to_address,bt1_0.transaction_hash,bt1_0.updated_at,bt1_0.version from blockchain_transaction bt1_0 where bt1_0.status in (?,?) order by bt1_0.updated_at fetch first ? rows only
2026-09-11T16:15:51.548+07:00 DEBUG 7844 --- [contract-service] [   scheduling-1] org.hibernate.SQL                        : select ss1_0.id,ss1_0.agreement_id,ss1_0.amount,ss1_0.created_at,ss1_0.dispute_deadline,ss1_0.finalize_tx_hash,ss1_0.onchain_session_id,ss1_0.outcome,ss1_0.platform_amount,ss1_0.proposal_evidence_hash,ss1_0.propose_tx_hash,ss1_0.session_id,ss1_0.status,ss1_0.student_refund_amount,ss1_0.tutor_amount,ss1_0.updated_at,ss1_0.version from session_settlement ss1_0 where ss1_0.status=? and ss1_0.dispute_deadline<? order by ss1_0.dispute_deadline fetch first ? rows only
2026-09-11T16:15:54.195+07:00 DEBUG 7844 --- [contract-service] [   scheduling-1] org.hibernate.SQL                        : select bec1_0.id,bec1_0.chain_id,bec1_0.contract_address,bec1_0.last_confirmed_block,bec1_0.last_confirmed_block_hash,bec1_0.updated_at,bec1_0.version from blockchain_event_cursor bec1_0 where bec1_0.chain_id=? and lower(bec1_0.contract_address)=lower(?) for no key update of bec1_0
2026-09-11T16:15:54.691+07:00 DEBUG 7844 --- [contract-service] [   scheduling-1] org.hibernate.SQL                        : update blockchain_event_cursor set chain_id=?,contract_address=?,last_confirmed_block=?,last_confirmed_block_hash=?,updated_at=?,version=? where id=? and version=?
2026-09-11T16:15:54.698+07:00 DEBUG 7844 --- [contract-service] [   scheduling-1] org.hibernate.SQL                        : select bt1_0.id,bt1_0.action,bt1_0.agreement_id,bt1_0.attempt_count,bt1_0.block_hash,bt1_0.block_number,bt1_0.calldata,bt1_0.calldata_hash,bt1_0.chain_id,bt1_0.created_at,bt1_0.dispatch_started_at,bt1_0.error_message,bt1_0.from_address,bt1_0.idempotency_key,bt1_0.next_attempt_at,bt1_0.nonce,bt1_0.receipt_status,bt1_0.settlement_id,bt1_0.signed_raw_transaction,bt1_0.status,bt1_0.to_address,bt1_0.transaction_hash,bt1_0.updated_at,bt1_0.version from blockchain_transaction bt1_0 where bt1_0.status='CREATED' and (bt1_0.next_attempt_at is null or bt1_0.next_attempt_at<=?) order by bt1_0.created_at fetch first ? rows only for no key update of bt1_0
2026-09-11T16:15:54.706+07:00 DEBUG 7844 --- [contract-service] [   scheduling-1] org.hibernate.SQL                        : select bt1_0.id,bt1_0.action,bt1_0.agreement_id,bt1_0.attempt_count,bt1_0.block_hash,bt1_0.block_number,bt1_0.calldata,bt1_0.calldata_hash,bt1_0.chain_id,bt1_0.created_at,bt1_0.dispatch_started_at,bt1_0.error_message,bt1_0.from_address,bt1_0.idempotency_key,bt1_0.next_attempt_at,bt1_0.nonce,bt1_0.receipt_status,bt1_0.settlement_id,bt1_0.signed_raw_transaction,bt1_0.status,bt1_0.to_address,bt1_0.transaction_hash,bt1_0.updated_at,bt1_0.version from blockchain_transaction bt1_0 where bt1_0.status in (?,?) order by bt1_0.updated_at fetch first ? rows only
2026-09-11T16:16:00.051+07:00 DEBUG 7844 --- [contract-service] [   scheduling-1] org.hibernate.SQL                        : select bec1_0.id,bec1_0.chain_id,bec1_0.contract_address,bec1_0.last_confirmed_block,bec1_0.last_confirmed_block_hash,bec1_0.updated_at,bec1_0.version from blockchain_event_cursor bec1_0 where bec1_0.chain_id=? and lower(bec1_0.contract_address)=lower(?) for no key update of bec1_0
2026-09-11T16:16:00.233+07:00 DEBUG 7844 --- [contract-service] [   scheduling-1] org.hibernate.SQL                        : select bt1_0.id,bt1_0.action,bt1_0.agreement_id,bt1_0.attempt_count,bt1_0.block_hash,bt1_0.block_number,bt1_0.calldata,bt1_0.calldata_hash,bt1_0.chain_id,bt1_0.created_at,bt1_0.dispatch_started_at,bt1_0.error_message,bt1_0.from_address,bt1_0.idempotency_key,bt1_0.next_attempt_at,bt1_0.nonce,bt1_0.receipt_status,bt1_0.settlement_id,bt1_0.signed_raw_transaction,bt1_0.status,bt1_0.to_address,bt1_0.transaction_hash,bt1_0.updated_at,bt1_0.version from blockchain_transaction bt1_0 where bt1_0.status='CREATED' and (bt1_0.next_attempt_at is null or bt1_0.next_attempt_at<=?) order by bt1_0.created_at fetch first ? rows only for no key update of bt1_0
2026-09-11T16:16:00.242+07:00 DEBUG 7844 --- [contract-service] [   scheduling-1] org.hibernate.SQL                        : select bt1_0.id,bt1_0.action,bt1_0.agreement_id,bt1_0.attempt_count,bt1_0.block_hash,bt1_0.block_number,bt1_0.calldata,bt1_0.calldata_hash,bt1_0.chain_id,bt1_0.created_at,bt1_0.dispatch_started_at,bt1_0.error_message,bt1_0.from_address,bt1_0.idempotency_key,bt1_0.next_attempt_at,bt1_0.nonce,bt1_0.receipt_status,bt1_0.settlement_id,bt1_0.signed_raw_transaction,bt1_0.status,bt1_0.to_address,bt1_0.transaction_hash,bt1_0.updated_at,bt1_0.version from blockchain_transaction bt1_0 where bt1_0.status in (?,?) order by bt1_0.updated_at fetch first ? rows only
2026-09-11T16:16:00.610+07:00 DEBUG 7844 --- [contract-service] [   scheduling-1] org.hibernate.SQL                        : select ca1_0.id,ca1_0.chain_id,ca1_0.class_name,ca1_0.classroom_id,ca1_0.classroom_reviewer_email,ca1_0.contract_version,ca1_0.created_at,ca1_0.escrow_contract_address,ca1_0.onchain_agreement_id,ca1_0.payment_deadline,ca1_0.platform_wallet,ca1_0.price_per_session_usdc_units,ca1_0.status,ca1_0.student_email,ca1_0.student_id,ca1_0.student_name,ca1_0.student_phone,ca1_0.student_wallet,ca1_0.terms_hash,ca1_0.terms_json,ca1_0.token_address,ca1_0.token_decimals,ca1_0.token_symbol,ca1_0.total_amount_usdc_units,ca1_0.total_price_vnd,ca1_0.total_sessions,ca1_0.tutor_email,ca1_0.tutor_id,ca1_0.tutor_name,ca1_0.tutor_phone,ca1_0.tutor_wallet,ca1_0.updated_at,ca1_0.version,ca1_0.vnd_per_usdc from contract_agreement ca1_0 where ca1_0.status=?
2026-09-11T16:16:05.573+07:00 DEBUG 7844 --- [contract-service] [   scheduling-1] org.hibernate.SQL                        : select bec1_0.id,bec1_0.chain_id,bec1_0.contract_address,bec1_0.last_confirmed_block,bec1_0.last_confirmed_block_hash,bec1_0.updated_at,bec1_0.version from blockchain_event_cursor bec1_0 where bec1_0.chain_id=? and lower(bec1_0.contract_address)=lower(?) for no key update of bec1_0
2026-09-11T16:16:05.749+07:00 DEBUG 7844 --- [contract-service] [   scheduling-1] org.hibernate.SQL                        : select bt1_0.id,bt1_0.action,bt1_0.agreement_id,bt1_0.attempt_count,bt1_0.block_hash,bt1_0.block_number,bt1_0.calldata,bt1_0.calldata_hash,bt1_0.chain_id,bt1_0.created_at,bt1_0.dispatch_started_at,bt1_0.error_message,bt1_0.from_address,bt1_0.idempotency_key,bt1_0.next_attempt_at,bt1_0.nonce,bt1_0.receipt_status,bt1_0.settlement_id,bt1_0.signed_raw_transaction,bt1_0.status,bt1_0.to_address,bt1_0.transaction_hash,bt1_0.updated_at,bt1_0.version from blockchain_transaction bt1_0 where bt1_0.status='CREATED' and (bt1_0.next_attempt_at is null or bt1_0.next_attempt_at<=?) order by bt1_0.created_at fetch first ? rows only for no key update of bt1_0
2026-09-11T16:16:05.753+07:00 DEBUG 7844 --- [contract-service] [   scheduling-1] org.hibernate.SQL                        : select bt1_0.id,bt1_0.action,bt1_0.agreement_id,bt1_0.attempt_count,bt1_0.block_hash,bt1_0.block_number,bt1_0.calldata,bt1_0.calldata_hash,bt1_0.chain_id,bt1_0.created_at,bt1_0.dispatch_started_at,bt1_0.error_message,bt1_0.from_address,bt1_0.idempotency_key,bt1_0.next_attempt_at,bt1_0.nonce,bt1_0.receipt_status,bt1_0.settlement_id,bt1_0.signed_raw_transaction,bt1_0.status,bt1_0.to_address,bt1_0.transaction_hash,bt1_0.updated_at,bt1_0.version from blockchain_transaction bt1_0 where bt1_0.status in (?,?) order by bt1_0.updated_at fetch first ? rows only
2026-09-11T16:16:11.083+07:00 DEBUG 7844 --- [contract-service] [   scheduling-1] org.hibernate.SQL                        : select bec1_0.id,bec1_0.chain_id,bec1_0.contract_address,bec1_0.last_confirmed_block,bec1_0.last_confirmed_block_hash,bec1_0.updated_at,bec1_0.version from blockchain_event_cursor bec1_0 where bec1_0.chain_id=? and lower(bec1_0.contract_address)=lower(?) for no key update of bec1_0
2026-09-11T16:16:11.249+07:00 DEBUG 7844 --- [contract-service] [   scheduling-1] org.hibernate.SQL                        : select bt1_0.id,bt1_0.action,bt1_0.agreement_id,bt1_0.attempt_count,bt1_0.block_hash,bt1_0.block_number,bt1_0.calldata,bt1_0.calldata_hash,bt1_0.chain_id,bt1_0.created_at,bt1_0.dispatch_started_at,bt1_0.error_message,bt1_0.from_address,bt1_0.idempotency_key,bt1_0.next_attempt_at,bt1_0.nonce,bt1_0.receipt_status,bt1_0.settlement_id,bt1_0.signed_raw_transaction,bt1_0.status,bt1_0.to_address,bt1_0.transaction_hash,bt1_0.updated_at,bt1_0.version from blockchain_transaction bt1_0 where bt1_0.status='CREATED' and (bt1_0.next_attempt_at is null or bt1_0.next_attempt_at<=?) order by bt1_0.created_at fetch first ? rows only for no key update of bt1_0
2026-09-11T16:16:11.255+07:00 DEBUG 7844 --- [contract-service] [   scheduling-1] org.hibernate.SQL                        : select bt1_0.id,bt1_0.action,bt1_0.agreement_id,bt1_0.attempt_count,bt1_0.block_hash,bt1_0.block_number,bt1_0.calldata,bt1_0.calldata_hash,bt1_0.chain_id,bt1_0.created_at,bt1_0.dispatch_started_at,bt1_0.error_message,bt1_0.from_address,bt1_0.idempotency_key,bt1_0.next_attempt_at,bt1_0.nonce,bt1_0.receipt_status,bt1_0.settlement_id,bt1_0.signed_raw_transaction,bt1_0.status,bt1_0.to_address,bt1_0.transaction_hash,bt1_0.updated_at,bt1_0.version from blockchain_transaction bt1_0 where bt1_0.status in (?,?) order by bt1_0.updated_at fetch first ? rows only
2026-09-11T16:16:16.699+07:00 DEBUG 7844 --- [contract-service] [   scheduling-1] org.hibernate.SQL                        : select bec1_0.id,bec1_0.chain_id,bec1_0.contract_address,bec1_0.last_confirmed_block,bec1_0.last_confirmed_block_hash,bec1_0.updated_at,bec1_0.version from blockchain_event_cursor bec1_0 where bec1_0.chain_id=? and lower(bec1_0.contract_address)=lower(?) for no key update of bec1_0
2026-09-11T16:16:17.809+07:00 DEBUG 7844 --- [contract-service] [   scheduling-1] org.hibernate.SQL                        : update blockchain_event_cursor set chain_id=?,contract_address=?,last_confirmed_block=?,last_confirmed_block_hash=?,updated_at=?,version=? where id=? and version=?
2026-09-11T16:16:17.812+07:00 DEBUG 7844 --- [contract-service] [   scheduling-1] org.hibernate.SQL                        : select bt1_0.id,bt1_0.action,bt1_0.agreement_id,bt1_0.attempt_count,bt1_0.block_hash,bt1_0.block_number,bt1_0.calldata,bt1_0.calldata_hash,bt1_0.chain_id,bt1_0.created_at,bt1_0.dispatch_started_at,bt1_0.error_message,bt1_0.from_address,bt1_0.idempotency_key,bt1_0.next_attempt_at,bt1_0.nonce,bt1_0.receipt_status,bt1_0.settlement_id,bt1_0.signed_raw_transaction,bt1_0.status,bt1_0.to_address,bt1_0.transaction_hash,bt1_0.updated_at,bt1_0.version from blockchain_transaction bt1_0 where bt1_0.status='CREATED' and (bt1_0.next_attempt_at is null or bt1_0.next_attempt_at<=?) order by bt1_0.created_at fetch first ? rows only for no key update of bt1_0
2026-09-11T16:16:17.816+07:00 DEBUG 7844 --- [contract-service] [   scheduling-1] org.hibernate.SQL                        : select bt1_0.id,bt1_0.action,bt1_0.agreement_id,bt1_0.attempt_count,bt1_0.block_hash,bt1_0.block_number,bt1_0.calldata,bt1_0.calldata_hash,bt1_0.chain_id,bt1_0.created_at,bt1_0.dispatch_started_at,bt1_0.error_message,bt1_0.from_address,bt1_0.idempotency_key,bt1_0.next_attempt_at,bt1_0.nonce,bt1_0.receipt_status,bt1_0.settlement_id,bt1_0.signed_raw_transaction,bt1_0.status,bt1_0.to_address,bt1_0.transaction_hash,bt1_0.updated_at,bt1_0.version from blockchain_transaction bt1_0 where bt1_0.status in (?,?) order by bt1_0.updated_at fetch first ? rows only
2026-09-11T16:16:23.175+07:00 DEBUG 7844 --- [contract-service] [   scheduling-1] org.hibernate.SQL                        : select bec1_0.id,bec1_0.chain_id,bec1_0.contract_address,bec1_0.last_confirmed_block,bec1_0.last_confirmed_block_hash,bec1_0.updated_at,bec1_0.version from blockchain_event_cursor bec1_0 where bec1_0.chain_id=? and lower(bec1_0.contract_address)=lower(?) for no key update of bec1_0
2026-09-11T16:16:23.387+07:00 DEBUG 7844 --- [contract-service] [   scheduling-1] org.hibernate.SQL                        : select bt1_0.id,bt1_0.action,bt1_0.agreement_id,bt1_0.attempt_count,bt1_0.block_hash,bt1_0.block_number,bt1_0.calldata,bt1_0.calldata_hash,bt1_0.chain_id,bt1_0.created_at,bt1_0.dispatch_started_at,bt1_0.error_message,bt1_0.from_address,bt1_0.idempotency_key,bt1_0.next_attempt_at,bt1_0.nonce,bt1_0.receipt_status,bt1_0.settlement_id,bt1_0.signed_raw_transaction,bt1_0.status,bt1_0.to_address,bt1_0.transaction_hash,bt1_0.updated_at,bt1_0.version from blockchain_transaction bt1_0 where bt1_0.status='CREATED' and (bt1_0.next_attempt_at is null or bt1_0.next_attempt_at<=?) order by bt1_0.created_at fetch first ? rows only for no key update of bt1_0
2026-09-11T16:16:23.390+07:00 DEBUG 7844 --- [contract-service] [   scheduling-1] org.hibernate.SQL                        : select bt1_0.id,bt1_0.action,bt1_0.agreement_id,bt1_0.attempt_count,bt1_0.block_hash,bt1_0.block_number,bt1_0.calldata,bt1_0.calldata_hash,bt1_0.chain_id,bt1_0.created_at,bt1_0.dispatch_started_at,bt1_0.error_message,bt1_0.from_address,bt1_0.idempotency_key,bt1_0.next_attempt_at,bt1_0.nonce,bt1_0.receipt_status,bt1_0.settlement_id,bt1_0.signed_raw_transaction,bt1_0.status,bt1_0.to_address,bt1_0.transaction_hash,bt1_0.updated_at,bt1_0.version from blockchain_transaction bt1_0 where bt1_0.status in (?,?) order by bt1_0.updated_at fetch first ? rows only
2026-09-11T16:16:28.801+07:00 DEBUG 7844 --- [contract-service] [   scheduling-1] org.hibernate.SQL                        : select bec1_0.id,bec1_0.chain_id,bec1_0.contract_address,bec1_0.last_confirmed_block,bec1_0.last_confirmed_block_hash,bec1_0.updated_at,bec1_0.version from blockchain_event_cursor bec1_0 where bec1_0.chain_id=? and lower(bec1_0.contract_address)=lower(?) for no key update of bec1_0
2026-09-11T16:16:29.534+07:00 DEBUG 7844 --- [contract-service] [   scheduling-1] org.hibernate.SQL                        : update blockchain_event_cursor set chain_id=?,contract_address=?,last_confirmed_block=?,last_confirmed_block_hash=?,updated_at=?,version=? where id=? and version=?
2026-09-11T16:16:29.542+07:00 DEBUG 7844 --- [contract-service] [   scheduling-1] org.hibernate.SQL                        : select bt1_0.id,bt1_0.action,bt1_0.agreement_id,bt1_0.attempt_count,bt1_0.block_hash,bt1_0.block_number,bt1_0.calldata,bt1_0.calldata_hash,bt1_0.chain_id,bt1_0.created_at,bt1_0.dispatch_started_at,bt1_0.error_message,bt1_0.from_address,bt1_0.idempotency_key,bt1_0.next_attempt_at,bt1_0.nonce,bt1_0.receipt_status,bt1_0.settlement_id,bt1_0.signed_raw_transaction,bt1_0.status,bt1_0.to_address,bt1_0.transaction_hash,bt1_0.updated_at,bt1_0.version from blockchain_transaction bt1_0 where bt1_0.status='CREATED' and (bt1_0.next_attempt_at is null or bt1_0.next_attempt_at<=?) order by bt1_0.created_at fetch first ? rows only for no key update of bt1_0
2026-09-11T16:16:29.549+07:00 DEBUG 7844 --- [contract-service] [   scheduling-1] org.hibernate.SQL                        : select bt1_0.id,bt1_0.action,bt1_0.agreement_id,bt1_0.attempt_count,bt1_0.block_hash,bt1_0.block_number,bt1_0.calldata,bt1_0.calldata_hash,bt1_0.chain_id,bt1_0.created_at,bt1_0.dispatch_started_at,bt1_0.error_message,bt1_0.from_address,bt1_0.idempotency_key,bt1_0.next_attempt_at,bt1_0.nonce,bt1_0.receipt_status,bt1_0.settlement_id,bt1_0.signed_raw_transaction,bt1_0.status,bt1_0.to_address,bt1_0.transaction_hash,bt1_0.updated_at,bt1_0.version from blockchain_transaction bt1_0 where bt1_0.status in (?,?) order by bt1_0.updated_at fetch first ? rows only
2026-09-11T16:16:30.612+07:00 DEBUG 7844 --- [contract-service] [   scheduling-1] org.hibernate.SQL                        : select ca1_0.id,ca1_0.chain_id,ca1_0.class_name,ca1_0.classroom_id,ca1_0.classroom_reviewer_email,ca1_0.contract_version,ca1_0.created_at,ca1_0.escrow_contract_address,ca1_0.onchain_agreement_id,ca1_0.payment_deadline,ca1_0.platform_wallet,ca1_0.price_per_session_usdc_units,ca1_0.status,ca1_0.student_email,ca1_0.student_id,ca1_0.student_name,ca1_0.student_phone,ca1_0.student_wallet,ca1_0.terms_hash,ca1_0.terms_json,ca1_0.token_address,ca1_0.token_decimals,ca1_0.token_symbol,ca1_0.total_amount_usdc_units,ca1_0.total_price_vnd,ca1_0.total_sessions,ca1_0.tutor_email,ca1_0.tutor_id,ca1_0.tutor_name,ca1_0.tutor_phone,ca1_0.tutor_wallet,ca1_0.updated_at,ca1_0.version,ca1_0.vnd_per_usdc from contract_agreement ca1_0 where ca1_0.status=? and ca1_0.payment_deadline<?
2026-09-11T16:16:30.621+07:00 DEBUG 7844 --- [contract-service] [   scheduling-1] org.hibernate.SQL                        : select ca1_0.id,ca1_0.chain_id,ca1_0.class_name,ca1_0.classroom_id,ca1_0.classroom_reviewer_email,ca1_0.contract_version,ca1_0.created_at,ca1_0.escrow_contract_address,ca1_0.onchain_agreement_id,ca1_0.payment_deadline,ca1_0.platform_wallet,ca1_0.price_per_session_usdc_units,ca1_0.status,ca1_0.student_email,ca1_0.student_id,ca1_0.student_name,ca1_0.student_phone,ca1_0.student_wallet,ca1_0.terms_hash,ca1_0.terms_json,ca1_0.token_address,ca1_0.token_decimals,ca1_0.token_symbol,ca1_0.total_amount_usdc_units,ca1_0.total_price_vnd,ca1_0.total_sessions,ca1_0.tutor_email,ca1_0.tutor_id,ca1_0.tutor_name,ca1_0.tutor_phone,ca1_0.tutor_wallet,ca1_0.updated_at,ca1_0.version,ca1_0.vnd_per_usdc from contract_agreement ca1_0 where ca1_0.status=?
2026-09-11T16:16:35.037+07:00 DEBUG 7844 --- [contract-service] [   scheduling-1] org.hibernate.SQL                        : select bec1_0.id,bec1_0.chain_id,bec1_0.contract_address,bec1_0.last_confirmed_block,bec1_0.last_confirmed_block_hash,bec1_0.updated_at,bec1_0.version from blockchain_event_cursor bec1_0 where bec1_0.chain_id=? and lower(bec1_0.contract_address)=lower(?) for no key update of bec1_0
2026-09-11T16:16:35.396+07:00 DEBUG 7844 --- [contract-service] [   scheduling-1] org.hibernate.SQL                        : select bt1_0.id,bt1_0.action,bt1_0.agreement_id,bt1_0.attempt_count,bt1_0.block_hash,bt1_0.block_number,bt1_0.calldata,bt1_0.calldata_hash,bt1_0.chain_id,bt1_0.created_at,bt1_0.dispatch_started_at,bt1_0.error_message,bt1_0.from_address,bt1_0.idempotency_key,bt1_0.next_attempt_at,bt1_0.nonce,bt1_0.receipt_status,bt1_0.settlement_id,bt1_0.signed_raw_transaction,bt1_0.status,bt1_0.to_address,bt1_0.transaction_hash,bt1_0.updated_at,bt1_0.version from blockchain_transaction bt1_0 where bt1_0.status='CREATED' and (bt1_0.next_attempt_at is null or bt1_0.next_attempt_at<=?) order by bt1_0.created_at fetch first ? rows only for no key update of bt1_0
2026-09-11T16:16:35.400+07:00 DEBUG 7844 --- [contract-service] [   scheduling-1] org.hibernate.SQL                        : select bt1_0.id,bt1_0.action,bt1_0.agreement_id,bt1_0.attempt_count,bt1_0.block_hash,bt1_0.block_number,bt1_0.calldata,bt1_0.calldata_hash,bt1_0.chain_id,bt1_0.created_at,bt1_0.dispatch_started_at,bt1_0.error_message,bt1_0.from_address,bt1_0.idempotency_key,bt1_0.next_attempt_at,bt1_0.nonce,bt1_0.receipt_status,bt1_0.settlement_id,bt1_0.signed_raw_transaction,bt1_0.status,bt1_0.to_address,bt1_0.transaction_hash,bt1_0.updated_at,bt1_0.version from blockchain_transaction bt1_0 where bt1_0.status in (?,?) order by bt1_0.updated_at fetch first ? rows only
2026-09-11T16:16:40.770+07:00 DEBUG 7844 --- [contract-service] [   scheduling-1] org.hibernate.SQL                        : select bec1_0.id,bec1_0.chain_id,bec1_0.contract_address,bec1_0.last_confirmed_block,bec1_0.last_confirmed_block_hash,bec1_0.updated_at,bec1_0.version from blockchain_event_cursor bec1_0 where bec1_0.chain_id=? and lower(bec1_0.contract_address)=lower(?) for no key update of bec1_0
2026-09-11T16:16:41.282+07:00 DEBUG 7844 --- [contract-service] [   scheduling-1] org.hibernate.SQL                        : update blockchain_event_cursor set chain_id=?,contract_address=?,last_confirmed_block=?,last_confirmed_block_hash=?,updated_at=?,version=? where id=? and version=?
2026-09-11T16:16:41.287+07:00 DEBUG 7844 --- [contract-service] [   scheduling-1] org.hibernate.SQL                        : select bt1_0.id,bt1_0.action,bt1_0.agreement_id,bt1_0.attempt_count,bt1_0.block_hash,bt1_0.block_number,bt1_0.calldata,bt1_0.calldata_hash,bt1_0.chain_id,bt1_0.created_at,bt1_0.dispatch_started_at,bt1_0.error_message,bt1_0.from_address,bt1_0.idempotency_key,bt1_0.next_attempt_at,bt1_0.nonce,bt1_0.receipt_status,bt1_0.settlement_id,bt1_0.signed_raw_transaction,bt1_0.status,bt1_0.to_address,bt1_0.transaction_hash,bt1_0.updated_at,bt1_0.version from blockchain_transaction bt1_0 where bt1_0.status='CREATED' and (bt1_0.next_attempt_at is null or bt1_0.next_attempt_at<=?) order by bt1_0.created_at fetch first ? rows only for no key update of bt1_0
2026-09-11T16:16:41.290+07:00 DEBUG 7844 --- [contract-service] [   scheduling-1] org.hibernate.SQL                        : select bt1_0.id,bt1_0.action,bt1_0.agreement_id,bt1_0.attempt_count,bt1_0.block_hash,bt1_0.block_number,bt1_0.calldata,bt1_0.calldata_hash,bt1_0.chain_id,bt1_0.created_at,bt1_0.dispatch_started_at,bt1_0.error_message,bt1_0.from_address,bt1_0.idempotency_key,bt1_0.next_attempt_at,bt1_0.nonce,bt1_0.receipt_status,bt1_0.settlement_id,bt1_0.signed_raw_transaction,bt1_0.status,bt1_0.to_address,bt1_0.transaction_hash,bt1_0.updated_at,bt1_0.version from blockchain_transaction bt1_0 where bt1_0.status in (?,?) order by bt1_0.updated_at fetch first ? rows only
2026-09-11T16:16:46.609+07:00 DEBUG 7844 --- [contract-service] [   scheduling-1] org.hibernate.SQL                        : select bec1_0.id,bec1_0.chain_id,bec1_0.contract_address,bec1_0.last_confirmed_block,bec1_0.last_confirmed_block_hash,bec1_0.updated_at,bec1_0.version from blockchain_event_cursor bec1_0 where bec1_0.chain_id=? and lower(bec1_0.contract_address)=lower(?) for no key update of bec1_0
2026-09-11T16:16:46.791+07:00 DEBUG 7844 --- [contract-service] [   scheduling-1] org.hibernate.SQL                        : select bt1_0.id,bt1_0.action,bt1_0.agreement_id,bt1_0.attempt_count,bt1_0.block_hash,bt1_0.block_number,bt1_0.calldata,bt1_0.calldata_hash,bt1_0.chain_id,bt1_0.created_at,bt1_0.dispatch_started_at,bt1_0.error_message,bt1_0.from_address,bt1_0.idempotency_key,bt1_0.next_attempt_at,bt1_0.nonce,bt1_0.receipt_status,bt1_0.settlement_id,bt1_0.signed_raw_transaction,bt1_0.status,bt1_0.to_address,bt1_0.transaction_hash,bt1_0.updated_at,bt1_0.version from blockchain_transaction bt1_0 where bt1_0.status='CREATED' and (bt1_0.next_attempt_at is null or bt1_0.next_attempt_at<=?) order by bt1_0.created_at fetch first ? rows only for no key update of bt1_0
2026-09-11T16:16:46.796+07:00 DEBUG 7844 --- [contract-service] [   scheduling-1] org.hibernate.SQL                        : select bt1_0.id,bt1_0.action,bt1_0.agreement_id,bt1_0.attempt_count,bt1_0.block_hash,bt1_0.block_number,bt1_0.calldata,bt1_0.calldata_hash,bt1_0.chain_id,bt1_0.created_at,bt1_0.dispatch_started_at,bt1_0.error_message,bt1_0.from_address,bt1_0.idempotency_key,bt1_0.next_attempt_at,bt1_0.nonce,bt1_0.receipt_status,bt1_0.settlement_id,bt1_0.signed_raw_transaction,bt1_0.status,bt1_0.to_address,bt1_0.transaction_hash,bt1_0.updated_at,bt1_0.version from blockchain_transaction bt1_0 where bt1_0.status in (?,?) order by bt1_0.updated_at fetch first ? rows only
2026-09-11T16:16:51.558+07:00 DEBUG 7844 --- [contract-service] [   scheduling-1] org.hibernate.SQL                        : select ss1_0.id,ss1_0.agreement_id,ss1_0.amount,ss1_0.created_at,ss1_0.dispute_deadline,ss1_0.finalize_tx_hash,ss1_0.onchain_session_id,ss1_0.outcome,ss1_0.platform_amount,ss1_0.proposal_evidence_hash,ss1_0.propose_tx_hash,ss1_0.session_id,ss1_0.status,ss1_0.student_refund_amount,ss1_0.tutor_amount,ss1_0.updated_at,ss1_0.version from session_settlement ss1_0 where ss1_0.status=? and ss1_0.dispute_deadline<? order by ss1_0.dispute_deadline fetch first ? rows only
2026-09-11T16:16:52.140+07:00 DEBUG 7844 --- [contract-service] [   scheduling-1] org.hibernate.SQL                        : select bec1_0.id,bec1_0.chain_id,bec1_0.contract_address,bec1_0.last_confirmed_block,bec1_0.last_confirmed_block_hash,bec1_0.updated_at,bec1_0.version from blockchain_event_cursor bec1_0 where bec1_0.chain_id=? and lower(bec1_0.contract_address)=lower(?) for no key update of bec1_0
2026-09-11T16:16:52.814+07:00 DEBUG 7844 --- [contract-service] [   scheduling-1] org.hibernate.SQL                        : update blockchain_event_cursor set chain_id=?,contract_address=?,last_confirmed_block=?,last_confirmed_block_hash=?,updated_at=?,version=? where id=? and version=?
2026-09-11T16:16:52.821+07:00 DEBUG 7844 --- [contract-service] [   scheduling-1] org.hibernate.SQL                        : select bt1_0.id,bt1_0.action,bt1_0.agreement_id,bt1_0.attempt_count,bt1_0.block_hash,bt1_0.block_number,bt1_0.calldata,bt1_0.calldata_hash,bt1_0.chain_id,bt1_0.created_at,bt1_0.dispatch_started_at,bt1_0.error_message,bt1_0.from_address,bt1_0.idempotency_key,bt1_0.next_attempt_at,bt1_0.nonce,bt1_0.receipt_status,bt1_0.settlement_id,bt1_0.signed_raw_transaction,bt1_0.status,bt1_0.to_address,bt1_0.transaction_hash,bt1_0.updated_at,bt1_0.version from blockchain_transaction bt1_0 where bt1_0.status='CREATED' and (bt1_0.next_attempt_at is null or bt1_0.next_attempt_at<=?) order by bt1_0.created_at fetch first ? rows only for no key update of bt1_0
2026-09-11T16:16:52.824+07:00 DEBUG 7844 --- [contract-service] [   scheduling-1] org.hibernate.SQL                        : select bt1_0.id,bt1_0.action,bt1_0.agreement_id,bt1_0.attempt_count,bt1_0.block_hash,bt1_0.block_number,bt1_0.calldata,bt1_0.calldata_hash,bt1_0.chain_id,bt1_0.created_at,bt1_0.dispatch_started_at,bt1_0.error_message,bt1_0.from_address,bt1_0.idempotency_key,bt1_0.next_attempt_at,bt1_0.nonce,bt1_0.receipt_status,bt1_0.settlement_id,bt1_0.signed_raw_transaction,bt1_0.status,bt1_0.to_address,bt1_0.transaction_hash,bt1_0.updated_at,bt1_0.version from blockchain_transaction bt1_0 where bt1_0.status in (?,?) order by bt1_0.updated_at fetch first ? rows only
2026-09-11T16:16:58.182+07:00 DEBUG 7844 --- [contract-service] [   scheduling-1] org.hibernate.SQL                        : select bec1_0.id,bec1_0.chain_id,bec1_0.contract_address,bec1_0.last_confirmed_block,bec1_0.last_confirmed_block_hash,bec1_0.updated_at,bec1_0.version from blockchain_event_cursor bec1_0 where bec1_0.chain_id=? and lower(bec1_0.contract_address)=lower(?) for no key update of bec1_0
2026-09-11T16:16:58.453+07:00 DEBUG 7844 --- [contract-service] [   scheduling-1] org.hibernate.SQL                        : select bt1_0.id,bt1_0.action,bt1_0.agreement_id,bt1_0.attempt_count,bt1_0.block_hash,bt1_0.block_number,bt1_0.calldata,bt1_0.calldata_hash,bt1_0.chain_id,bt1_0.created_at,bt1_0.dispatch_started_at,bt1_0.error_message,bt1_0.from_address,bt1_0.idempotency_key,bt1_0.next_attempt_at,bt1_0.nonce,bt1_0.receipt_status,bt1_0.settlement_id,bt1_0.signed_raw_transaction,bt1_0.status,bt1_0.to_address,bt1_0.transaction_hash,bt1_0.updated_at,bt1_0.version from blockchain_transaction bt1_0 where bt1_0.status='CREATED' and (bt1_0.next_attempt_at is null or bt1_0.next_attempt_at<=?) order by bt1_0.created_at fetch first ? rows only for no key update of bt1_0
2026-09-11T16:16:58.458+07:00 DEBUG 7844 --- [contract-service] [   scheduling-1] org.hibernate.SQL                        : select bt1_0.id,bt1_0.action,bt1_0.agreement_id,bt1_0.attempt_count,bt1_0.block_hash,bt1_0.block_number,bt1_0.calldata,bt1_0.calldata_hash,bt1_0.chain_id,bt1_0.created_at,bt1_0.dispatch_started_at,bt1_0.error_message,bt1_0.from_address,bt1_0.idempotency_key,bt1_0.next_attempt_at,bt1_0.nonce,bt1_0.receipt_status,bt1_0.settlement_id,bt1_0.signed_raw_transaction,bt1_0.status,bt1_0.to_address,bt1_0.transaction_hash,bt1_0.updated_at,bt1_0.version from blockchain_transaction bt1_0 where bt1_0.status in (?,?) order by bt1_0.updated_at fetch first ? rows only
2026-09-11T16:17:00.632+07:00 DEBUG 7844 --- [contract-service] [   scheduling-1] org.hibernate.SQL                        : select ca1_0.id,ca1_0.chain_id,ca1_0.class_name,ca1_0.classroom_id,ca1_0.classroom_reviewer_email,ca1_0.contract_version,ca1_0.created_at,ca1_0.escrow_contract_address,ca1_0.onchain_agreement_id,ca1_0.payment_deadline,ca1_0.platform_wallet,ca1_0.price_per_session_usdc_units,ca1_0.status,ca1_0.student_email,ca1_0.student_id,ca1_0.student_name,ca1_0.student_phone,ca1_0.student_wallet,ca1_0.terms_hash,ca1_0.terms_json,ca1_0.token_address,ca1_0.token_decimals,ca1_0.token_symbol,ca1_0.total_amount_usdc_units,ca1_0.total_price_vnd,ca1_0.total_sessions,ca1_0.tutor_email,ca1_0.tutor_id,ca1_0.tutor_name,ca1_0.tutor_phone,ca1_0.tutor_wallet,ca1_0.updated_at,ca1_0.version,ca1_0.vnd_per_usdc from contract_agreement ca1_0 where ca1_0.status=?
2026-09-11T16:17:03.786+07:00 DEBUG 7844 --- [contract-service] [   scheduling-1] org.hibernate.SQL                        : select bec1_0.id,bec1_0.chain_id,bec1_0.contract_address,bec1_0.last_confirmed_block,bec1_0.last_confirmed_block_hash,bec1_0.updated_at,bec1_0.version from blockchain_event_cursor bec1_0 where bec1_0.chain_id=? and lower(bec1_0.contract_address)=lower(?) for no key update of bec1_0
2026-09-11T16:17:04.472+07:00 DEBUG 7844 --- [contract-service] [   scheduling-1] org.hibernate.SQL                        : update blockchain_event_cursor set chain_id=?,contract_address=?,last_confirmed_block=?,last_confirmed_block_hash=?,updated_at=?,version=? where id=? and version=?
2026-09-11T16:17:04.476+07:00 DEBUG 7844 --- [contract-service] [   scheduling-1] org.hibernate.SQL                        : select bt1_0.id,bt1_0.action,bt1_0.agreement_id,bt1_0.attempt_count,bt1_0.block_hash,bt1_0.block_number,bt1_0.calldata,bt1_0.calldata_hash,bt1_0.chain_id,bt1_0.created_at,bt1_0.dispatch_started_at,bt1_0.error_message,bt1_0.from_address,bt1_0.idempotency_key,bt1_0.next_attempt_at,bt1_0.nonce,bt1_0.receipt_status,bt1_0.settlement_id,bt1_0.signed_raw_transaction,bt1_0.status,bt1_0.to_address,bt1_0.transaction_hash,bt1_0.updated_at,bt1_0.version from blockchain_transaction bt1_0 where bt1_0.status='CREATED' and (bt1_0.next_attempt_at is null or bt1_0.next_attempt_at<=?) order by bt1_0.created_at fetch first ? rows only for no key update of bt1_0
2026-09-11T16:17:04.480+07:00 DEBUG 7844 --- [contract-service] [   scheduling-1] org.hibernate.SQL                        : select bt1_0.id,bt1_0.action,bt1_0.agreement_id,bt1_0.attempt_count,bt1_0.block_hash,bt1_0.block_number,bt1_0.calldata,bt1_0.calldata_hash,bt1_0.chain_id,bt1_0.created_at,bt1_0.dispatch_started_at,bt1_0.error_message,bt1_0.from_address,bt1_0.idempotency_key,bt1_0.next_attempt_at,bt1_0.nonce,bt1_0.receipt_status,bt1_0.settlement_id,bt1_0.signed_raw_transaction,bt1_0.status,bt1_0.to_address,bt1_0.transaction_hash,bt1_0.updated_at,bt1_0.version from blockchain_transaction bt1_0 where bt1_0.status in (?,?) order by bt1_0.updated_at fetch first ? rows only
2026-09-11T16:17:09.831+07:00 DEBUG 7844 --- [contract-service] [   scheduling-1] org.hibernate.SQL                        : select bec1_0.id,bec1_0.chain_id,bec1_0.contract_address,bec1_0.last_confirmed_block,bec1_0.last_confirmed_block_hash,bec1_0.updated_at,bec1_0.version from blockchain_event_cursor bec1_0 where bec1_0.chain_id=? and lower(bec1_0.contract_address)=lower(?) for no key update of bec1_0
2026-09-11T16:17:10.009+07:00 DEBUG 7844 --- [contract-service] [   scheduling-1] org.hibernate.SQL                        : select bt1_0.id,bt1_0.action,bt1_0.agreement_id,bt1_0.attempt_count,bt1_0.block_hash,bt1_0.block_number,bt1_0.calldata,bt1_0.calldata_hash,bt1_0.chain_id,bt1_0.created_at,bt1_0.dispatch_started_at,bt1_0.error_message,bt1_0.from_address,bt1_0.idempotency_key,bt1_0.next_attempt_at,bt1_0.nonce,bt1_0.receipt_status,bt1_0.settlement_id,bt1_0.signed_raw_transaction,bt1_0.status,bt1_0.to_address,bt1_0.transaction_hash,bt1_0.updated_at,bt1_0.version from blockchain_transaction bt1_0 where bt1_0.status='CREATED' and (bt1_0.next_attempt_at is null or bt1_0.next_attempt_at<=?) order by bt1_0.created_at fetch first ? rows only for no key update of bt1_0
2026-09-11T16:17:10.015+07:00 DEBUG 7844 --- [contract-service] [   scheduling-1] org.hibernate.SQL                        : select bt1_0.id,bt1_0.action,bt1_0.agreement_id,bt1_0.attempt_count,bt1_0.block_hash,bt1_0.block_number,bt1_0.calldata,bt1_0.calldata_hash,bt1_0.chain_id,bt1_0.created_at,bt1_0.dispatch_started_at,bt1_0.error_message,bt1_0.from_address,bt1_0.idempotency_key,bt1_0.next_attempt_at,bt1_0.nonce,bt1_0.receipt_status,bt1_0.settlement_id,bt1_0.signed_raw_transaction,bt1_0.status,bt1_0.to_address,bt1_0.transaction_hash,bt1_0.updated_at,bt1_0.version from blockchain_transaction bt1_0 where bt1_0.status in (?,?) order by bt1_0.updated_at fetch first ? rows only
2026-09-11T16:17:15.365+07:00 DEBUG 7844 --- [contract-service] [   scheduling-1] org.hibernate.SQL                        : select bec1_0.id,bec1_0.chain_id,bec1_0.contract_address,bec1_0.last_confirmed_block,bec1_0.last_confirmed_block_hash,bec1_0.updated_at,bec1_0.version from blockchain_event_cursor bec1_0 where bec1_0.chain_id=? and lower(bec1_0.contract_address)=lower(?) for no key update of bec1_0
2026-09-11T16:17:16.211+07:00 DEBUG 7844 --- [contract-service] [   scheduling-1] org.hibernate.SQL                        : update blockchain_event_cursor set chain_id=?,contract_address=?,last_confirmed_block=?,last_confirmed_block_hash=?,updated_at=?,version=? where id=? and version=?
2026-09-11T16:17:16.215+07:00 DEBUG 7844 --- [contract-service] [   scheduling-1] org.hibernate.SQL                        : select bt1_0.id,bt1_0.action,bt1_0.agreement_id,bt1_0.attempt_count,bt1_0.block_hash,bt1_0.block_number,bt1_0.calldata,bt1_0.calldata_hash,bt1_0.chain_id,bt1_0.created_at,bt1_0.dispatch_started_at,bt1_0.error_message,bt1_0.from_address,bt1_0.idempotency_key,bt1_0.next_attempt_at,bt1_0.nonce,bt1_0.receipt_status,bt1_0.settlement_id,bt1_0.signed_raw_transaction,bt1_0.status,bt1_0.to_address,bt1_0.transaction_hash,bt1_0.updated_at,bt1_0.version from blockchain_transaction bt1_0 where bt1_0.status='CREATED' and (bt1_0.next_attempt_at is null or bt1_0.next_attempt_at<=?) order by bt1_0.created_at fetch first ? rows only for no key update of bt1_0
2026-09-11T16:17:16.220+07:00 DEBUG 7844 --- [contract-service] [   scheduling-1] org.hibernate.SQL                        : select bt1_0.id,bt1_0.action,bt1_0.agreement_id,bt1_0.attempt_count,bt1_0.block_hash,bt1_0.block_number,bt1_0.calldata,bt1_0.calldata_hash,bt1_0.chain_id,bt1_0.created_at,bt1_0.dispatch_started_at,bt1_0.error_message,bt1_0.from_address,bt1_0.idempotency_key,bt1_0.next_attempt_at,bt1_0.nonce,bt1_0.receipt_status,bt1_0.settlement_id,bt1_0.signed_raw_transaction,bt1_0.status,bt1_0.to_address,bt1_0.transaction_hash,bt1_0.updated_at,bt1_0.version from blockchain_transaction bt1_0 where bt1_0.status in (?,?) order by bt1_0.updated_at fetch first ? rows only
2026-09-11T16:17:21.557+07:00 DEBUG 7844 --- [contract-service] [   scheduling-1] org.hibernate.SQL                        : select bec1_0.id,bec1_0.chain_id,bec1_0.contract_address,bec1_0.last_confirmed_block,bec1_0.last_confirmed_block_hash,bec1_0.updated_at,bec1_0.version from blockchain_event_cursor bec1_0 where bec1_0.chain_id=? and lower(bec1_0.contract_address)=lower(?) for no key update of bec1_0
2026-09-11T16:17:21.751+07:00 DEBUG 7844 --- [contract-service] [   scheduling-1] org.hibernate.SQL                        : select bt1_0.id,bt1_0.action,bt1_0.agreement_id,bt1_0.attempt_count,bt1_0.block_hash,bt1_0.block_number,bt1_0.calldata,bt1_0.calldata_hash,bt1_0.chain_id,bt1_0.created_at,bt1_0.dispatch_started_at,bt1_0.error_message,bt1_0.from_address,bt1_0.idempotency_key,bt1_0.next_attempt_at,bt1_0.nonce,bt1_0.receipt_status,bt1_0.settlement_id,bt1_0.signed_raw_transaction,bt1_0.status,bt1_0.to_address,bt1_0.transaction_hash,bt1_0.updated_at,bt1_0.version from blockchain_transaction bt1_0 where bt1_0.status='CREATED' and (bt1_0.next_attempt_at is null or bt1_0.next_attempt_at<=?) order by bt1_0.created_at fetch first ? rows only for no key update of bt1_0
2026-09-11T16:17:21.756+07:00 DEBUG 7844 --- [contract-service] [   scheduling-1] org.hibernate.SQL                        : select bt1_0.id,bt1_0.action,bt1_0.agreement_id,bt1_0.attempt_count,bt1_0.block_hash,bt1_0.block_number,bt1_0.calldata,bt1_0.calldata_hash,bt1_0.chain_id,bt1_0.created_at,bt1_0.dispatch_started_at,bt1_0.error_message,bt1_0.from_address,bt1_0.idempotency_key,bt1_0.next_attempt_at,bt1_0.nonce,bt1_0.receipt_status,bt1_0.settlement_id,bt1_0.signed_raw_transaction,bt1_0.status,bt1_0.to_address,bt1_0.transaction_hash,bt1_0.updated_at,bt1_0.version from blockchain_transaction bt1_0 where bt1_0.status in (?,?) order by bt1_0.updated_at fetch first ? rows only
2026-09-11T16:17:27.119+07:00 DEBUG 7844 --- [contract-service] [   scheduling-1] org.hibernate.SQL                        : select bec1_0.id,bec1_0.chain_id,bec1_0.contract_address,bec1_0.last_confirmed_block,bec1_0.last_confirmed_block_hash,bec1_0.updated_at,bec1_0.version from blockchain_event_cursor bec1_0 where bec1_0.chain_id=? and lower(bec1_0.contract_address)=lower(?) for no key update of bec1_0
2026-09-11T16:17:27.878+07:00 DEBUG 7844 --- [contract-service] [   scheduling-1] org.hibernate.SQL                        : update blockchain_event_cursor set chain_id=?,contract_address=?,last_confirmed_block=?,last_confirmed_block_hash=?,updated_at=?,version=? where id=? and version=?
2026-09-11T16:17:27.883+07:00 DEBUG 7844 --- [contract-service] [   scheduling-1] org.hibernate.SQL                        : select bt1_0.id,bt1_0.action,bt1_0.agreement_id,bt1_0.attempt_count,bt1_0.block_hash,bt1_0.block_number,bt1_0.calldata,bt1_0.calldata_hash,bt1_0.chain_id,bt1_0.created_at,bt1_0.dispatch_started_at,bt1_0.error_message,bt1_0.from_address,bt1_0.idempotency_key,bt1_0.next_attempt_at,bt1_0.nonce,bt1_0.receipt_status,bt1_0.settlement_id,bt1_0.signed_raw_transaction,bt1_0.status,bt1_0.to_address,bt1_0.transaction_hash,bt1_0.updated_at,bt1_0.version from blockchain_transaction bt1_0 where bt1_0.status='CREATED' and (bt1_0.next_attempt_at is null or bt1_0.next_attempt_at<=?) order by bt1_0.created_at fetch first ? rows only for no key update of bt1_0
2026-09-11T16:17:27.889+07:00 DEBUG 7844 --- [contract-service] [   scheduling-1] org.hibernate.SQL                        : select bt1_0.id,bt1_0.action,bt1_0.agreement_id,bt1_0.attempt_count,bt1_0.block_hash,bt1_0.block_number,bt1_0.calldata,bt1_0.calldata_hash,bt1_0.chain_id,bt1_0.created_at,bt1_0.dispatch_started_at,bt1_0.error_message,bt1_0.from_address,bt1_0.idempotency_key,bt1_0.next_attempt_at,bt1_0.nonce,bt1_0.receipt_status,bt1_0.settlement_id,bt1_0.signed_raw_transaction,bt1_0.status,bt1_0.to_address,bt1_0.transaction_hash,bt1_0.updated_at,bt1_0.version from blockchain_transaction bt1_0 where bt1_0.status in (?,?) order by bt1_0.updated_at fetch first ? rows only
2026-09-11T16:17:30.627+07:00 DEBUG 7844 --- [contract-service] [   scheduling-1] org.hibernate.SQL                        : select ca1_0.id,ca1_0.chain_id,ca1_0.class_name,ca1_0.classroom_id,ca1_0.classroom_reviewer_email,ca1_0.contract_version,ca1_0.created_at,ca1_0.escrow_contract_address,ca1_0.onchain_agreement_id,ca1_0.payment_deadline,ca1_0.platform_wallet,ca1_0.price_per_session_usdc_units,ca1_0.status,ca1_0.student_email,ca1_0.student_id,ca1_0.student_name,ca1_0.student_phone,ca1_0.student_wallet,ca1_0.terms_hash,ca1_0.terms_json,ca1_0.token_address,ca1_0.token_decimals,ca1_0.token_symbol,ca1_0.total_amount_usdc_units,ca1_0.total_price_vnd,ca1_0.total_sessions,ca1_0.tutor_email,ca1_0.tutor_id,ca1_0.tutor_name,ca1_0.tutor_phone,ca1_0.tutor_wallet,ca1_0.updated_at,ca1_0.version,ca1_0.vnd_per_usdc from contract_agreement ca1_0 where ca1_0.status=? and ca1_0.payment_deadline<?
2026-09-11T16:17:30.641+07:00 DEBUG 7844 --- [contract-service] [   scheduling-1] org.hibernate.SQL                        : select ca1_0.id,ca1_0.chain_id,ca1_0.class_name,ca1_0.classroom_id,ca1_0.classroom_reviewer_email,ca1_0.contract_version,ca1_0.created_at,ca1_0.escrow_contract_address,ca1_0.onchain_agreement_id,ca1_0.payment_deadline,ca1_0.platform_wallet,ca1_0.price_per_session_usdc_units,ca1_0.status,ca1_0.student_email,ca1_0.student_id,ca1_0.student_name,ca1_0.student_phone,ca1_0.student_wallet,ca1_0.terms_hash,ca1_0.terms_json,ca1_0.token_address,ca1_0.token_decimals,ca1_0.token_symbol,ca1_0.total_amount_usdc_units,ca1_0.total_price_vnd,ca1_0.total_sessions,ca1_0.tutor_email,ca1_0.tutor_id,ca1_0.tutor_name,ca1_0.tutor_phone,ca1_0.tutor_wallet,ca1_0.updated_at,ca1_0.version,ca1_0.vnd_per_usdc from contract_agreement ca1_0 where ca1_0.status=?
2026-09-11T16:17:33.228+07:00 DEBUG 7844 --- [contract-service] [   scheduling-1] org.hibernate.SQL                        : select bec1_0.id,bec1_0.chain_id,bec1_0.contract_address,bec1_0.last_confirmed_block,bec1_0.last_confirmed_block_hash,bec1_0.updated_at,bec1_0.version from blockchain_event_cursor bec1_0 where bec1_0.chain_id=? and lower(bec1_0.contract_address)=lower(?) for no key update of bec1_0
2026-09-11T16:17:33.452+07:00 DEBUG 7844 --- [contract-service] [   scheduling-1] org.hibernate.SQL                        : select bt1_0.id,bt1_0.action,bt1_0.agreement_id,bt1_0.attempt_count,bt1_0.block_hash,bt1_0.block_number,bt1_0.calldata,bt1_0.calldata_hash,bt1_0.chain_id,bt1_0.created_at,bt1_0.dispatch_started_at,bt1_0.error_message,bt1_0.from_address,bt1_0.idempotency_key,bt1_0.next_attempt_at,bt1_0.nonce,bt1_0.receipt_status,bt1_0.settlement_id,bt1_0.signed_raw_transaction,bt1_0.status,bt1_0.to_address,bt1_0.transaction_hash,bt1_0.updated_at,bt1_0.version from blockchain_transaction bt1_0 where bt1_0.status='CREATED' and (bt1_0.next_attempt_at is null or bt1_0.next_attempt_at<=?) order by bt1_0.created_at fetch first ? rows only for no key update of bt1_0
2026-09-11T16:17:33.456+07:00 DEBUG 7844 --- [contract-service] [   scheduling-1] org.hibernate.SQL                        : select bt1_0.id,bt1_0.action,bt1_0.agreement_id,bt1_0.attempt_count,bt1_0.block_hash,bt1_0.block_number,bt1_0.calldata,bt1_0.calldata_hash,bt1_0.chain_id,bt1_0.created_at,bt1_0.dispatch_started_at,bt1_0.error_message,bt1_0.from_address,bt1_0.idempotency_key,bt1_0.next_attempt_at,bt1_0.nonce,bt1_0.receipt_status,bt1_0.settlement_id,bt1_0.signed_raw_transaction,bt1_0.status,bt1_0.to_address,bt1_0.transaction_hash,bt1_0.updated_at,bt1_0.version from blockchain_transaction bt1_0 where bt1_0.status in (?,?) order by bt1_0.updated_at fetch first ? rows only
2026-09-11T16:17:38.791+07:00 DEBUG 7844 --- [contract-service] [   scheduling-1] org.hibernate.SQL                        : select bec1_0.id,bec1_0.chain_id,bec1_0.contract_address,bec1_0.last_confirmed_block,bec1_0.last_confirmed_block_hash,bec1_0.updated_at,bec1_0.version from blockchain_event_cursor bec1_0 where bec1_0.chain_id=? and lower(bec1_0.contract_address)=lower(?) for no key update of bec1_0
2026-09-11T16:17:39.666+07:00 DEBUG 7844 --- [contract-service] [   scheduling-1] org.hibernate.SQL                        : update blockchain_event_cursor set chain_id=?,contract_address=?,last_confirmed_block=?,last_confirmed_block_hash=?,updated_at=?,version=? where id=? and version=?
2026-09-11T16:17:39.673+07:00 DEBUG 7844 --- [contract-service] [   scheduling-1] org.hibernate.SQL                        : select bt1_0.id,bt1_0.action,bt1_0.agreement_id,bt1_0.attempt_count,bt1_0.block_hash,bt1_0.block_number,bt1_0.calldata,bt1_0.calldata_hash,bt1_0.chain_id,bt1_0.created_at,bt1_0.dispatch_started_at,bt1_0.error_message,bt1_0.from_address,bt1_0.idempotency_key,bt1_0.next_attempt_at,bt1_0.nonce,bt1_0.receipt_status,bt1_0.settlement_id,bt1_0.signed_raw_transaction,bt1_0.status,bt1_0.to_address,bt1_0.transaction_hash,bt1_0.updated_at,bt1_0.version from blockchain_transaction bt1_0 where bt1_0.status='CREATED' and (bt1_0.next_attempt_at is null or bt1_0.next_attempt_at<=?) order by bt1_0.created_at fetch first ? rows only for no key update of bt1_0
2026-09-11T16:17:39.677+07:00 DEBUG 7844 --- [contract-service] [   scheduling-1] org.hibernate.SQL                        : select bt1_0.id,bt1_0.action,bt1_0.agreement_id,bt1_0.attempt_count,bt1_0.block_hash,bt1_0.block_number,bt1_0.calldata,bt1_0.calldata_hash,bt1_0.chain_id,bt1_0.created_at,bt1_0.dispatch_started_at,bt1_0.error_message,bt1_0.from_address,bt1_0.idempotency_key,bt1_0.next_attempt_at,bt1_0.nonce,bt1_0.receipt_status,bt1_0.settlement_id,bt1_0.signed_raw_transaction,bt1_0.status,bt1_0.to_address,bt1_0.transaction_hash,bt1_0.updated_at,bt1_0.version from blockchain_transaction bt1_0 where bt1_0.status in (?,?) order by bt1_0.updated_at fetch first ? rows only
2026-09-11T16:17:45.049+07:00 DEBUG 7844 --- [contract-service] [   scheduling-1] org.hibernate.SQL                        : select bec1_0.id,bec1_0.chain_id,bec1_0.contract_address,bec1_0.last_confirmed_block,bec1_0.last_confirmed_block_hash,bec1_0.updated_at,bec1_0.version from blockchain_event_cursor bec1_0 where bec1_0.chain_id=? and lower(bec1_0.contract_address)=lower(?) for no key update of bec1_0
2026-09-11T16:17:45.243+07:00 DEBUG 7844 --- [contract-service] [   scheduling-1] org.hibernate.SQL                        : select bt1_0.id,bt1_0.action,bt1_0.agreement_id,bt1_0.attempt_count,bt1_0.block_hash,bt1_0.block_number,bt1_0.calldata,bt1_0.calldata_hash,bt1_0.chain_id,bt1_0.created_at,bt1_0.dispatch_started_at,bt1_0.error_message,bt1_0.from_address,bt1_0.idempotency_key,bt1_0.next_attempt_at,bt1_0.nonce,bt1_0.receipt_status,bt1_0.settlement_id,bt1_0.signed_raw_transaction,bt1_0.status,bt1_0.to_address,bt1_0.transaction_hash,bt1_0.updated_at,bt1_0.version from blockchain_transaction bt1_0 where bt1_0.status='CREATED' and (bt1_0.next_attempt_at is null or bt1_0.next_attempt_at<=?) order by bt1_0.created_at fetch first ? rows only for no key update of bt1_0
2026-09-11T16:17:45.247+07:00 DEBUG 7844 --- [contract-service] [   scheduling-1] org.hibernate.SQL                        : select bt1_0.id,bt1_0.action,bt1_0.agreement_id,bt1_0.attempt_count,bt1_0.block_hash,bt1_0.block_number,bt1_0.calldata,bt1_0.calldata_hash,bt1_0.chain_id,bt1_0.created_at,bt1_0.dispatch_started_at,bt1_0.error_message,bt1_0.from_address,bt1_0.idempotency_key,bt1_0.next_attempt_at,bt1_0.nonce,bt1_0.receipt_status,bt1_0.settlement_id,bt1_0.signed_raw_transaction,bt1_0.status,bt1_0.to_address,bt1_0.transaction_hash,bt1_0.updated_at,bt1_0.version from blockchain_transaction bt1_0 where bt1_0.status in (?,?) order by bt1_0.updated_at fetch first ? rows only
2026-09-11T16:17:50.615+07:00 DEBUG 7844 --- [contract-service] [   scheduling-1] org.hibernate.SQL                        : select bec1_0.id,bec1_0.chain_id,bec1_0.contract_address,bec1_0.last_confirmed_block,bec1_0.last_confirmed_block_hash,bec1_0.updated_at,bec1_0.version from blockchain_event_cursor bec1_0 where bec1_0.chain_id=? and lower(bec1_0.contract_address)=lower(?) for no key update of bec1_0
2026-09-11T16:17:51.476+07:00 DEBUG 7844 --- [contract-service] [   scheduling-1] org.hibernate.SQL                        : update blockchain_event_cursor set chain_id=?,contract_address=?,last_confirmed_block=?,last_confirmed_block_hash=?,updated_at=?,version=? where id=? and version=?
2026-09-11T16:17:51.482+07:00 DEBUG 7844 --- [contract-service] [   scheduling-1] org.hibernate.SQL                        : select bt1_0.id,bt1_0.action,bt1_0.agreement_id,bt1_0.attempt_count,bt1_0.block_hash,bt1_0.block_number,bt1_0.calldata,bt1_0.calldata_hash,bt1_0.chain_id,bt1_0.created_at,bt1_0.dispatch_started_at,bt1_0.error_message,bt1_0.from_address,bt1_0.idempotency_key,bt1_0.next_attempt_at,bt1_0.nonce,bt1_0.receipt_status,bt1_0.settlement_id,bt1_0.signed_raw_transaction,bt1_0.status,bt1_0.to_address,bt1_0.transaction_hash,bt1_0.updated_at,bt1_0.version from blockchain_transaction bt1_0 where bt1_0.status='CREATED' and (bt1_0.next_attempt_at is null or bt1_0.next_attempt_at<=?) order by bt1_0.created_at fetch first ? rows only for no key update of bt1_0
2026-09-11T16:17:51.485+07:00 DEBUG 7844 --- [contract-service] [   scheduling-1] org.hibernate.SQL                        : select bt1_0.id,bt1_0.action,bt1_0.agreement_id,bt1_0.attempt_count,bt1_0.block_hash,bt1_0.block_number,bt1_0.calldata,bt1_0.calldata_hash,bt1_0.chain_id,bt1_0.created_at,bt1_0.dispatch_started_at,bt1_0.error_message,bt1_0.from_address,bt1_0.idempotency_key,bt1_0.next_attempt_at,bt1_0.nonce,bt1_0.receipt_status,bt1_0.settlement_id,bt1_0.signed_raw_transaction,bt1_0.status,bt1_0.to_address,bt1_0.transaction_hash,bt1_0.updated_at,bt1_0.version from blockchain_transaction bt1_0 where bt1_0.status in (?,?) order by bt1_0.updated_at fetch first ? rows only
2026-09-11T16:17:51.573+07:00 DEBUG 7844 --- [contract-service] [   scheduling-1] org.hibernate.SQL                        : select ss1_0.id,ss1_0.agreement_id,ss1_0.amount,ss1_0.created_at,ss1_0.dispute_deadline,ss1_0.finalize_tx_hash,ss1_0.onchain_session_id,ss1_0.outcome,ss1_0.platform_amount,ss1_0.proposal_evidence_hash,ss1_0.propose_tx_hash,ss1_0.session_id,ss1_0.status,ss1_0.student_refund_amount,ss1_0.tutor_amount,ss1_0.updated_at,ss1_0.version from session_settlement ss1_0 where ss1_0.status=? and ss1_0.dispute_deadline<? order by ss1_0.dispute_deadline fetch first ? rows only
2026-09-11T16:17:56.841+07:00 DEBUG 7844 --- [contract-service] [   scheduling-1] org.hibernate.SQL                        : select bec1_0.id,bec1_0.chain_id,bec1_0.contract_address,bec1_0.last_confirmed_block,bec1_0.last_confirmed_block_hash,bec1_0.updated_at,bec1_0.version from blockchain_event_cursor bec1_0 where bec1_0.chain_id=? and lower(bec1_0.contract_address)=lower(?) for no key update of bec1_0
2026-09-11T16:17:57.029+07:00 DEBUG 7844 --- [contract-service] [   scheduling-1] org.hibernate.SQL                        : select bt1_0.id,bt1_0.action,bt1_0.agreement_id,bt1_0.attempt_count,bt1_0.block_hash,bt1_0.block_number,bt1_0.calldata,bt1_0.calldata_hash,bt1_0.chain_id,bt1_0.created_at,bt1_0.dispatch_started_at,bt1_0.error_message,bt1_0.from_address,bt1_0.idempotency_key,bt1_0.next_attempt_at,bt1_0.nonce,bt1_0.receipt_status,bt1_0.settlement_id,bt1_0.signed_raw_transaction,bt1_0.status,bt1_0.to_address,bt1_0.transaction_hash,bt1_0.updated_at,bt1_0.version from blockchain_transaction bt1_0 where bt1_0.status='CREATED' and (bt1_0.next_attempt_at is null or bt1_0.next_attempt_at<=?) order by bt1_0.created_at fetch first ? rows only for no key update of bt1_0
2026-09-11T16:17:57.039+07:00 DEBUG 7844 --- [contract-service] [   scheduling-1] org.hibernate.SQL                        : select bt1_0.id,bt1_0.action,bt1_0.agreement_id,bt1_0.attempt_count,bt1_0.block_hash,bt1_0.block_number,bt1_0.calldata,bt1_0.calldata_hash,bt1_0.chain_id,bt1_0.created_at,bt1_0.dispatch_started_at,bt1_0.error_message,bt1_0.from_address,bt1_0.idempotency_key,bt1_0.next_attempt_at,bt1_0.nonce,bt1_0.receipt_status,bt1_0.settlement_id,bt1_0.signed_raw_transaction,bt1_0.status,bt1_0.to_address,bt1_0.transaction_hash,bt1_0.updated_at,bt1_0.version from blockchain_transaction bt1_0 where bt1_0.status in (?,?) order by bt1_0.updated_at fetch first ? rows only
2026-09-11T16:18:00.653+07:00 DEBUG 7844 --- [contract-service] [   scheduling-1] org.hibernate.SQL                        : select ca1_0.id,ca1_0.chain_id,ca1_0.class_name,ca1_0.classroom_id,ca1_0.classroom_reviewer_email,ca1_0.contract_version,ca1_0.created_at,ca1_0.escrow_contract_address,ca1_0.onchain_agreement_id,ca1_0.payment_deadline,ca1_0.platform_wallet,ca1_0.price_per_session_usdc_units,ca1_0.status,ca1_0.student_email,ca1_0.student_id,ca1_0.student_name,ca1_0.student_phone,ca1_0.student_wallet,ca1_0.terms_hash,ca1_0.terms_json,ca1_0.token_address,ca1_0.token_decimals,ca1_0.token_symbol,ca1_0.total_amount_usdc_units,ca1_0.total_price_vnd,ca1_0.total_sessions,ca1_0.tutor_email,ca1_0.tutor_id,ca1_0.tutor_name,ca1_0.tutor_phone,ca1_0.tutor_wallet,ca1_0.updated_at,ca1_0.version,ca1_0.vnd_per_usdc from contract_agreement ca1_0 where ca1_0.status=?
2026-09-11T16:18:02.371+07:00 DEBUG 7844 --- [contract-service] [   scheduling-1] org.hibernate.SQL                        : select bec1_0.id,bec1_0.chain_id,bec1_0.contract_address,bec1_0.last_confirmed_block,bec1_0.last_confirmed_block_hash,bec1_0.updated_at,bec1_0.version from blockchain_event_cursor bec1_0 where bec1_0.chain_id=? and lower(bec1_0.contract_address)=lower(?) for no key update of bec1_0
2026-09-11T16:18:03.215+07:00 DEBUG 7844 --- [contract-service] [   scheduling-1] org.hibernate.SQL                        : update blockchain_event_cursor set chain_id=?,contract_address=?,last_confirmed_block=?,last_confirmed_block_hash=?,updated_at=?,version=? where id=? and version=?
2026-09-11T16:18:03.224+07:00 DEBUG 7844 --- [contract-service] [   scheduling-1] org.hibernate.SQL                        : select bt1_0.id,bt1_0.action,bt1_0.agreement_id,bt1_0.attempt_count,bt1_0.block_hash,bt1_0.block_number,bt1_0.calldata,bt1_0.calldata_hash,bt1_0.chain_id,bt1_0.created_at,bt1_0.dispatch_started_at,bt1_0.error_message,bt1_0.from_address,bt1_0.idempotency_key,bt1_0.next_attempt_at,bt1_0.nonce,bt1_0.receipt_status,bt1_0.settlement_id,bt1_0.signed_raw_transaction,bt1_0.status,bt1_0.to_address,bt1_0.transaction_hash,bt1_0.updated_at,bt1_0.version from blockchain_transaction bt1_0 where bt1_0.status='CREATED' and (bt1_0.next_attempt_at is null or bt1_0.next_attempt_at<=?) order by bt1_0.created_at fetch first ? rows only for no key update of bt1_0
2026-09-11T16:18:03.235+07:00 DEBUG 7844 --- [contract-service] [   scheduling-1] org.hibernate.SQL                        : select bt1_0.id,bt1_0.action,bt1_0.agreement_id,bt1_0.attempt_count,bt1_0.block_hash,bt1_0.block_number,bt1_0.calldata,bt1_0.calldata_hash,bt1_0.chain_id,bt1_0.created_at,bt1_0.dispatch_started_at,bt1_0.error_message,bt1_0.from_address,bt1_0.idempotency_key,bt1_0.next_attempt_at,bt1_0.nonce,bt1_0.receipt_status,bt1_0.settlement_id,bt1_0.signed_raw_transaction,bt1_0.status,bt1_0.to_address,bt1_0.transaction_hash,bt1_0.updated_at,bt1_0.version from blockchain_transaction bt1_0 where bt1_0.status in (?,?) order by bt1_0.updated_at fetch first ? rows only
2026-09-11T16:18:08.846+07:00 DEBUG 7844 --- [contract-service] [   scheduling-1] org.hibernate.SQL                        : select bec1_0.id,bec1_0.chain_id,bec1_0.contract_address,bec1_0.last_confirmed_block,bec1_0.last_confirmed_block_hash,bec1_0.updated_at,bec1_0.version from blockchain_event_cursor bec1_0 where bec1_0.chain_id=? and lower(bec1_0.contract_address)=lower(?) for no key update of bec1_0
2026-09-11T16:18:09.019+07:00 DEBUG 7844 --- [contract-service] [   scheduling-1] org.hibernate.SQL                        : select bt1_0.id,bt1_0.action,bt1_0.agreement_id,bt1_0.attempt_count,bt1_0.block_hash,bt1_0.block_number,bt1_0.calldata,bt1_0.calldata_hash,bt1_0.chain_id,bt1_0.created_at,bt1_0.dispatch_started_at,bt1_0.error_message,bt1_0.from_address,bt1_0.idempotency_key,bt1_0.next_attempt_at,bt1_0.nonce,bt1_0.receipt_status,bt1_0.settlement_id,bt1_0.signed_raw_transaction,bt1_0.status,bt1_0.to_address,bt1_0.transaction_hash,bt1_0.updated_at,bt1_0.version from blockchain_transaction bt1_0 where bt1_0.status='CREATED' and (bt1_0.next_attempt_at is null or bt1_0.next_attempt_at<=?) order by bt1_0.created_at fetch first ? rows only for no key update of bt1_0
2026-09-11T16:18:09.023+07:00 DEBUG 7844 --- [contract-service] [   scheduling-1] org.hibernate.SQL                        : select bt1_0.id,bt1_0.action,bt1_0.agreement_id,bt1_0.attempt_count,bt1_0.block_hash,bt1_0.block_number,bt1_0.calldata,bt1_0.calldata_hash,bt1_0.chain_id,bt1_0.created_at,bt1_0.dispatch_started_at,bt1_0.error_message,bt1_0.from_address,bt1_0.idempotency_key,bt1_0.next_attempt_at,bt1_0.nonce,bt1_0.receipt_status,bt1_0.settlement_id,bt1_0.signed_raw_transaction,bt1_0.status,bt1_0.to_address,bt1_0.transaction_hash,bt1_0.updated_at,bt1_0.version from blockchain_transaction bt1_0 where bt1_0.status in (?,?) order by bt1_0.updated_at fetch first ? rows only
2026-09-11T16:18:14.374+07:00 DEBUG 7844 --- [contract-service] [   scheduling-1] org.hibernate.SQL                        : select bec1_0.id,bec1_0.chain_id,bec1_0.contract_address,bec1_0.last_confirmed_block,bec1_0.last_confirmed_block_hash,bec1_0.updated_at,bec1_0.version from blockchain_event_cursor bec1_0 where bec1_0.chain_id=? and lower(bec1_0.contract_address)=lower(?) for no key update of bec1_0
2026-09-11T16:18:15.076+07:00 DEBUG 7844 --- [contract-service] [   scheduling-1] org.hibernate.SQL                        : update blockchain_event_cursor set chain_id=?,contract_address=?,last_confirmed_block=?,last_confirmed_block_hash=?,updated_at=?,version=? where id=? and version=?
2026-09-11T16:18:15.080+07:00 DEBUG 7844 --- [contract-service] [   scheduling-1] org.hibernate.SQL                        : select bt1_0.id,bt1_0.action,bt1_0.agreement_id,bt1_0.attempt_count,bt1_0.block_hash,bt1_0.block_number,bt1_0.calldata,bt1_0.calldata_hash,bt1_0.chain_id,bt1_0.created_at,bt1_0.dispatch_started_at,bt1_0.error_message,bt1_0.from_address,bt1_0.idempotency_key,bt1_0.next_attempt_at,bt1_0.nonce,bt1_0.receipt_status,bt1_0.settlement_id,bt1_0.signed_raw_transaction,bt1_0.status,bt1_0.to_address,bt1_0.transaction_hash,bt1_0.updated_at,bt1_0.version from blockchain_transaction bt1_0 where bt1_0.status='CREATED' and (bt1_0.next_attempt_at is null or bt1_0.next_attempt_at<=?) order by bt1_0.created_at fetch first ? rows only for no key update of bt1_0
2026-09-11T16:18:15.085+07:00 DEBUG 7844 --- [contract-service] [   scheduling-1] org.hibernate.SQL                        : select bt1_0.id,bt1_0.action,bt1_0.agreement_id,bt1_0.attempt_count,bt1_0.block_hash,bt1_0.block_number,bt1_0.calldata,bt1_0.calldata_hash,bt1_0.chain_id,bt1_0.created_at,bt1_0.dispatch_started_at,bt1_0.error_message,bt1_0.from_address,bt1_0.idempotency_key,bt1_0.next_attempt_at,bt1_0.nonce,bt1_0.receipt_status,bt1_0.settlement_id,bt1_0.signed_raw_transaction,bt1_0.status,bt1_0.to_address,bt1_0.transaction_hash,bt1_0.updated_at,bt1_0.version from blockchain_transaction bt1_0 where bt1_0.status in (?,?) order by bt1_0.updated_at fetch first ? rows only
2026-09-11T16:18:20.432+07:00 DEBUG 7844 --- [contract-service] [   scheduling-1] org.hibernate.SQL                        : select bec1_0.id,bec1_0.chain_id,bec1_0.contract_address,bec1_0.last_confirmed_block,bec1_0.last_confirmed_block_hash,bec1_0.updated_at,bec1_0.version from blockchain_event_cursor bec1_0 where bec1_0.chain_id=? and lower(bec1_0.contract_address)=lower(?) for no key update of bec1_0
2026-09-11T16:18:20.598+07:00 DEBUG 7844 --- [contract-service] [   scheduling-1] org.hibernate.SQL                        : select bt1_0.id,bt1_0.action,bt1_0.agreement_id,bt1_0.attempt_count,bt1_0.block_hash,bt1_0.block_number,bt1_0.calldata,bt1_0.calldata_hash,bt1_0.chain_id,bt1_0.created_at,bt1_0.dispatch_started_at,bt1_0.error_message,bt1_0.from_address,bt1_0.idempotency_key,bt1_0.next_attempt_at,bt1_0.nonce,bt1_0.receipt_status,bt1_0.settlement_id,bt1_0.signed_raw_transaction,bt1_0.status,bt1_0.to_address,bt1_0.transaction_hash,bt1_0.updated_at,bt1_0.version from blockchain_transaction bt1_0 where bt1_0.status='CREATED' and (bt1_0.next_attempt_at is null or bt1_0.next_attempt_at<=?) order by bt1_0.created_at fetch first ? rows only for no key update of bt1_0
2026-09-11T16:18:20.602+07:00 DEBUG 7844 --- [contract-service] [   scheduling-1] org.hibernate.SQL                        : select bt1_0.id,bt1_0.action,bt1_0.agreement_id,bt1_0.attempt_count,bt1_0.block_hash,bt1_0.block_number,bt1_0.calldata,bt1_0.calldata_hash,bt1_0.chain_id,bt1_0.created_at,bt1_0.dispatch_started_at,bt1_0.error_message,bt1_0.from_address,bt1_0.idempotency_key,bt1_0.next_attempt_at,bt1_0.nonce,bt1_0.receipt_status,bt1_0.settlement_id,bt1_0.signed_raw_transaction,bt1_0.status,bt1_0.to_address,bt1_0.transaction_hash,bt1_0.updated_at,bt1_0.version from blockchain_transaction bt1_0 where bt1_0.status in (?,?) order by bt1_0.updated_at fetch first ? rows only
2026-09-11T16:18:25.940+07:00 DEBUG 7844 --- [contract-service] [   scheduling-1] org.hibernate.SQL                        : select bec1_0.id,bec1_0.chain_id,bec1_0.contract_address,bec1_0.last_confirmed_block,bec1_0.last_confirmed_block_hash,bec1_0.updated_at,bec1_0.version from blockchain_event_cursor bec1_0 where bec1_0.chain_id=? and lower(bec1_0.contract_address)=lower(?) for no key update of bec1_0
2026-09-11T16:18:26.301+07:00 DEBUG 7844 --- [contract-service] [   scheduling-1] org.hibernate.SQL                        : select bt1_0.id,bt1_0.action,bt1_0.agreement_id,bt1_0.attempt_count,bt1_0.block_hash,bt1_0.block_number,bt1_0.calldata,bt1_0.calldata_hash,bt1_0.chain_id,bt1_0.created_at,bt1_0.dispatch_started_at,bt1_0.error_message,bt1_0.from_address,bt1_0.idempotency_key,bt1_0.next_attempt_at,bt1_0.nonce,bt1_0.receipt_status,bt1_0.settlement_id,bt1_0.signed_raw_transaction,bt1_0.status,bt1_0.to_address,bt1_0.transaction_hash,bt1_0.updated_at,bt1_0.version from blockchain_transaction bt1_0 where bt1_0.status='CREATED' and (bt1_0.next_attempt_at is null or bt1_0.next_attempt_at<=?) order by bt1_0.created_at fetch first ? rows only for no key update of bt1_0
2026-09-11T16:18:26.314+07:00 DEBUG 7844 --- [contract-service] [   scheduling-1] org.hibernate.SQL                        : select bt1_0.id,bt1_0.action,bt1_0.agreement_id,bt1_0.attempt_count,bt1_0.block_hash,bt1_0.block_number,bt1_0.calldata,bt1_0.calldata_hash,bt1_0.chain_id,bt1_0.created_at,bt1_0.dispatch_started_at,bt1_0.error_message,bt1_0.from_address,bt1_0.idempotency_key,bt1_0.next_attempt_at,bt1_0.nonce,bt1_0.receipt_status,bt1_0.settlement_id,bt1_0.signed_raw_transaction,bt1_0.status,bt1_0.to_address,bt1_0.transaction_hash,bt1_0.updated_at,bt1_0.version from blockchain_transaction bt1_0 where bt1_0.status in (?,?) order by bt1_0.updated_at fetch first ? rows only
2026-09-11T16:18:30.638+07:00 DEBUG 7844 --- [contract-service] [   scheduling-1] org.hibernate.SQL                        : select ca1_0.id,ca1_0.chain_id,ca1_0.class_name,ca1_0.classroom_id,ca1_0.classroom_reviewer_email,ca1_0.contract_version,ca1_0.created_at,ca1_0.escrow_contract_address,ca1_0.onchain_agreement_id,ca1_0.payment_deadline,ca1_0.platform_wallet,ca1_0.price_per_session_usdc_units,ca1_0.status,ca1_0.student_email,ca1_0.student_id,ca1_0.student_name,ca1_0.student_phone,ca1_0.student_wallet,ca1_0.terms_hash,ca1_0.terms_json,ca1_0.token_address,ca1_0.token_decimals,ca1_0.token_symbol,ca1_0.total_amount_usdc_units,ca1_0.total_price_vnd,ca1_0.total_sessions,ca1_0.tutor_email,ca1_0.tutor_id,ca1_0.tutor_name,ca1_0.tutor_phone,ca1_0.tutor_wallet,ca1_0.updated_at,ca1_0.version,ca1_0.vnd_per_usdc from contract_agreement ca1_0 where ca1_0.status=? and ca1_0.payment_deadline<?
2026-09-11T16:18:30.665+07:00 DEBUG 7844 --- [contract-service] [   scheduling-1] org.hibernate.SQL                        : select ca1_0.id,ca1_0.chain_id,ca1_0.class_name,ca1_0.classroom_id,ca1_0.classroom_reviewer_email,ca1_0.contract_version,ca1_0.created_at,ca1_0.escrow_contract_address,ca1_0.onchain_agreement_id,ca1_0.payment_deadline,ca1_0.platform_wallet,ca1_0.price_per_session_usdc_units,ca1_0.status,ca1_0.student_email,ca1_0.student_id,ca1_0.student_name,ca1_0.student_phone,ca1_0.student_wallet,ca1_0.terms_hash,ca1_0.terms_json,ca1_0.token_address,ca1_0.token_decimals,ca1_0.token_symbol,ca1_0.total_amount_usdc_units,ca1_0.total_price_vnd,ca1_0.total_sessions,ca1_0.tutor_email,ca1_0.tutor_id,ca1_0.tutor_name,ca1_0.tutor_phone,ca1_0.tutor_wallet,ca1_0.updated_at,ca1_0.version,ca1_0.vnd_per_usdc from contract_agreement ca1_0 where ca1_0.status=?
2026-09-11T16:18:31.645+07:00 DEBUG 7844 --- [contract-service] [   scheduling-1] org.hibernate.SQL                        : select bec1_0.id,bec1_0.chain_id,bec1_0.contract_address,bec1_0.last_confirmed_block,bec1_0.last_confirmed_block_hash,bec1_0.updated_at,bec1_0.version from blockchain_event_cursor bec1_0 where bec1_0.chain_id=? and lower(bec1_0.contract_address)=lower(?) for no key update of bec1_0
2026-09-11T16:18:32.396+07:00 DEBUG 7844 --- [contract-service] [   scheduling-1] org.hibernate.SQL                        : update blockchain_event_cursor set chain_id=?,contract_address=?,last_confirmed_block=?,last_confirmed_block_hash=?,updated_at=?,version=? where id=? and version=?
2026-09-11T16:18:32.402+07:00 DEBUG 7844 --- [contract-service] [   scheduling-1] org.hibernate.SQL                        : select bt1_0.id,bt1_0.action,bt1_0.agreement_id,bt1_0.attempt_count,bt1_0.block_hash,bt1_0.block_number,bt1_0.calldata,bt1_0.calldata_hash,bt1_0.chain_id,bt1_0.created_at,bt1_0.dispatch_started_at,bt1_0.error_message,bt1_0.from_address,bt1_0.idempotency_key,bt1_0.next_attempt_at,bt1_0.nonce,bt1_0.receipt_status,bt1_0.settlement_id,bt1_0.signed_raw_transaction,bt1_0.status,bt1_0.to_address,bt1_0.transaction_hash,bt1_0.updated_at,bt1_0.version from blockchain_transaction bt1_0 where bt1_0.status='CREATED' and (bt1_0.next_attempt_at is null or bt1_0.next_attempt_at<=?) order by bt1_0.created_at fetch first ? rows only for no key update of bt1_0
2026-09-11T16:18:32.405+07:00 DEBUG 7844 --- [contract-service] [   scheduling-1] org.hibernate.SQL                        : select bt1_0.id,bt1_0.action,bt1_0.agreement_id,bt1_0.attempt_count,bt1_0.block_hash,bt1_0.block_number,bt1_0.calldata,bt1_0.calldata_hash,bt1_0.chain_id,bt1_0.created_at,bt1_0.dispatch_started_at,bt1_0.error_message,bt1_0.from_address,bt1_0.idempotency_key,bt1_0.next_attempt_at,bt1_0.nonce,bt1_0.receipt_status,bt1_0.settlement_id,bt1_0.signed_raw_transaction,bt1_0.status,bt1_0.to_address,bt1_0.transaction_hash,bt1_0.updated_at,bt1_0.version from blockchain_transaction bt1_0 where bt1_0.status in (?,?) order by bt1_0.updated_at fetch first ? rows only
2026-09-11T16:18:37.792+07:00 DEBUG 7844 --- [contract-service] [   scheduling-1] org.hibernate.SQL                        : select bec1_0.id,bec1_0.chain_id,bec1_0.contract_address,bec1_0.last_confirmed_block,bec1_0.last_confirmed_block_hash,bec1_0.updated_at,bec1_0.version from blockchain_event_cursor bec1_0 where bec1_0.chain_id=? and lower(bec1_0.contract_address)=lower(?) for no key update of bec1_0
2026-09-11T16:18:38.508+07:00 DEBUG 7844 --- [contract-service] [   scheduling-1] org.hibernate.SQL                        : update blockchain_event_cursor set chain_id=?,contract_address=?,last_confirmed_block=?,last_confirmed_block_hash=?,updated_at=?,version=? where id=? and version=?
2026-09-11T16:18:38.513+07:00 DEBUG 7844 --- [contract-service] [   scheduling-1] org.hibernate.SQL                        : select bt1_0.id,bt1_0.action,bt1_0.agreement_id,bt1_0.attempt_count,bt1_0.block_hash,bt1_0.block_number,bt1_0.calldata,bt1_0.calldata_hash,bt1_0.chain_id,bt1_0.created_at,bt1_0.dispatch_started_at,bt1_0.error_message,bt1_0.from_address,bt1_0.idempotency_key,bt1_0.next_attempt_at,bt1_0.nonce,bt1_0.receipt_status,bt1_0.settlement_id,bt1_0.signed_raw_transaction,bt1_0.status,bt1_0.to_address,bt1_0.transaction_hash,bt1_0.updated_at,bt1_0.version from blockchain_transaction bt1_0 where bt1_0.status='CREATED' and (bt1_0.next_attempt_at is null or bt1_0.next_attempt_at<=?) order by bt1_0.created_at fetch first ? rows only for no key update of bt1_0
2026-09-11T16:18:38.517+07:00 DEBUG 7844 --- [contract-service] [   scheduling-1] org.hibernate.SQL                        : select bt1_0.id,bt1_0.action,bt1_0.agreement_id,bt1_0.attempt_count,bt1_0.block_hash,bt1_0.block_number,bt1_0.calldata,bt1_0.calldata_hash,bt1_0.chain_id,bt1_0.created_at,bt1_0.dispatch_started_at,bt1_0.error_message,bt1_0.from_address,bt1_0.idempotency_key,bt1_0.next_attempt_at,bt1_0.nonce,bt1_0.receipt_status,bt1_0.settlement_id,bt1_0.signed_raw_transaction,bt1_0.status,bt1_0.to_address,bt1_0.transaction_hash,bt1_0.updated_at,bt1_0.version from blockchain_transaction bt1_0 where bt1_0.status in (?,?) order by bt1_0.updated_at fetch first ? rows only
2026-09-11T16:18:43.857+07:00 DEBUG 7844 --- [contract-service] [   scheduling-1] org.hibernate.SQL                        : select bec1_0.id,bec1_0.chain_id,bec1_0.contract_address,bec1_0.last_confirmed_block,bec1_0.last_confirmed_block_hash,bec1_0.updated_at,bec1_0.version from blockchain_event_cursor bec1_0 where bec1_0.chain_id=? and lower(bec1_0.contract_address)=lower(?) for no key update of bec1_0
2026-09-11T16:18:44.030+07:00 DEBUG 7844 --- [contract-service] [   scheduling-1] org.hibernate.SQL                        : select bt1_0.id,bt1_0.action,bt1_0.agreement_id,bt1_0.attempt_count,bt1_0.block_hash,bt1_0.block_number,bt1_0.calldata,bt1_0.calldata_hash,bt1_0.chain_id,bt1_0.created_at,bt1_0.dispatch_started_at,bt1_0.error_message,bt1_0.from_address,bt1_0.idempotency_key,bt1_0.next_attempt_at,bt1_0.nonce,bt1_0.receipt_status,bt1_0.settlement_id,bt1_0.signed_raw_transaction,bt1_0.status,bt1_0.to_address,bt1_0.transaction_hash,bt1_0.updated_at,bt1_0.version from blockchain_transaction bt1_0 where bt1_0.status='CREATED' and (bt1_0.next_attempt_at is null or bt1_0.next_attempt_at<=?) order by bt1_0.created_at fetch first ? rows only for no key update of bt1_0
2026-09-11T16:18:44.033+07:00 DEBUG 7844 --- [contract-service] [   scheduling-1] org.hibernate.SQL                        : select bt1_0.id,bt1_0.action,bt1_0.agreement_id,bt1_0.attempt_count,bt1_0.block_hash,bt1_0.block_number,bt1_0.calldata,bt1_0.calldata_hash,bt1_0.chain_id,bt1_0.created_at,bt1_0.dispatch_started_at,bt1_0.error_message,bt1_0.from_address,bt1_0.idempotency_key,bt1_0.next_attempt_at,bt1_0.nonce,bt1_0.receipt_status,bt1_0.settlement_id,bt1_0.signed_raw_transaction,bt1_0.status,bt1_0.to_address,bt1_0.transaction_hash,bt1_0.updated_at,bt1_0.version from blockchain_transaction bt1_0 where bt1_0.status in (?,?) order by bt1_0.updated_at fetch first ? rows only
2026-09-11T16:18:49.369+07:00 DEBUG 7844 --- [contract-service] [   scheduling-1] org.hibernate.SQL                        : select bec1_0.id,bec1_0.chain_id,bec1_0.contract_address,bec1_0.last_confirmed_block,bec1_0.last_confirmed_block_hash,bec1_0.updated_at,bec1_0.version from blockchain_event_cursor bec1_0 where bec1_0.chain_id=? and lower(bec1_0.contract_address)=lower(?) for no key update of bec1_0
2026-09-11T16:18:49.570+07:00 DEBUG 7844 --- [contract-service] [   scheduling-1] org.hibernate.SQL                        : select bt1_0.id,bt1_0.action,bt1_0.agreement_id,bt1_0.attempt_count,bt1_0.block_hash,bt1_0.block_number,bt1_0.calldata,bt1_0.calldata_hash,bt1_0.chain_id,bt1_0.created_at,bt1_0.dispatch_started_at,bt1_0.error_message,bt1_0.from_address,bt1_0.idempotency_key,bt1_0.next_attempt_at,bt1_0.nonce,bt1_0.receipt_status,bt1_0.settlement_id,bt1_0.signed_raw_transaction,bt1_0.status,bt1_0.to_address,bt1_0.transaction_hash,bt1_0.updated_at,bt1_0.version from blockchain_transaction bt1_0 where bt1_0.status='CREATED' and (bt1_0.next_attempt_at is null or bt1_0.next_attempt_at<=?) order by bt1_0.created_at fetch first ? rows only for no key update of bt1_0
2026-09-11T16:18:49.576+07:00 DEBUG 7844 --- [contract-service] [   scheduling-1] org.hibernate.SQL                        : select bt1_0.id,bt1_0.action,bt1_0.agreement_id,bt1_0.attempt_count,bt1_0.block_hash,bt1_0.block_number,bt1_0.calldata,bt1_0.calldata_hash,bt1_0.chain_id,bt1_0.created_at,bt1_0.dispatch_started_at,bt1_0.error_message,bt1_0.from_address,bt1_0.idempotency_key,bt1_0.next_attempt_at,bt1_0.nonce,bt1_0.receipt_status,bt1_0.settlement_id,bt1_0.signed_raw_transaction,bt1_0.status,bt1_0.to_address,bt1_0.transaction_hash,bt1_0.updated_at,bt1_0.version from blockchain_transaction bt1_0 where bt1_0.status in (?,?) order by bt1_0.updated_at fetch first ? rows only
2026-09-11T16:18:51.589+07:00 DEBUG 7844 --- [contract-service] [   scheduling-1] org.hibernate.SQL                        : select ss1_0.id,ss1_0.agreement_id,ss1_0.amount,ss1_0.created_at,ss1_0.dispute_deadline,ss1_0.finalize_tx_hash,ss1_0.onchain_session_id,ss1_0.outcome,ss1_0.platform_amount,ss1_0.proposal_evidence_hash,ss1_0.propose_tx_hash,ss1_0.session_id,ss1_0.status,ss1_0.student_refund_amount,ss1_0.tutor_amount,ss1_0.updated_at,ss1_0.version from session_settlement ss1_0 where ss1_0.status=? and ss1_0.dispute_deadline<? order by ss1_0.dispute_deadline fetch first ? rows only
2026-09-11T16:18:54.919+07:00 DEBUG 7844 --- [contract-service] [   scheduling-1] org.hibernate.SQL                        : select bec1_0.id,bec1_0.chain_id,bec1_0.contract_address,bec1_0.last_confirmed_block,bec1_0.last_confirmed_block_hash,bec1_0.updated_at,bec1_0.version from blockchain_event_cursor bec1_0 where bec1_0.chain_id=? and lower(bec1_0.contract_address)=lower(?) for no key update of bec1_0
2026-09-11T16:18:55.652+07:00 DEBUG 7844 --- [contract-service] [   scheduling-1] org.hibernate.SQL                        : update blockchain_event_cursor set chain_id=?,contract_address=?,last_confirmed_block=?,last_confirmed_block_hash=?,updated_at=?,version=? where id=? and version=?
2026-09-11T16:18:55.657+07:00 DEBUG 7844 --- [contract-service] [   scheduling-1] org.hibernate.SQL                        : select bt1_0.id,bt1_0.action,bt1_0.agreement_id,bt1_0.attempt_count,bt1_0.block_hash,bt1_0.block_number,bt1_0.calldata,bt1_0.calldata_hash,bt1_0.chain_id,bt1_0.created_at,bt1_0.dispatch_started_at,bt1_0.error_message,bt1_0.from_address,bt1_0.idempotency_key,bt1_0.next_attempt_at,bt1_0.nonce,bt1_0.receipt_status,bt1_0.settlement_id,bt1_0.signed_raw_transaction,bt1_0.status,bt1_0.to_address,bt1_0.transaction_hash,bt1_0.updated_at,bt1_0.version from blockchain_transaction bt1_0 where bt1_0.status='CREATED' and (bt1_0.next_attempt_at is null or bt1_0.next_attempt_at<=?) order by bt1_0.created_at fetch first ? rows only for no key update of bt1_0
2026-09-11T16:18:55.661+07:00 DEBUG 7844 --- [contract-service] [   scheduling-1] org.hibernate.SQL                        : select bt1_0.id,bt1_0.action,bt1_0.agreement_id,bt1_0.attempt_count,bt1_0.block_hash,bt1_0.block_number,bt1_0.calldata,bt1_0.calldata_hash,bt1_0.chain_id,bt1_0.created_at,bt1_0.dispatch_started_at,bt1_0.error_message,bt1_0.from_address,bt1_0.idempotency_key,bt1_0.next_attempt_at,bt1_0.nonce,bt1_0.receipt_status,bt1_0.settlement_id,bt1_0.signed_raw_transaction,bt1_0.status,bt1_0.to_address,bt1_0.transaction_hash,bt1_0.updated_at,bt1_0.version from blockchain_transaction bt1_0 where bt1_0.status in (?,?) order by bt1_0.updated_at fetch first ? rows only
2026-09-11T16:19:01.023+07:00 DEBUG 7844 --- [contract-service] [   scheduling-1] org.hibernate.SQL                        : select bec1_0.id,bec1_0.chain_id,bec1_0.contract_address,bec1_0.last_confirmed_block,bec1_0.last_confirmed_block_hash,bec1_0.updated_at,bec1_0.version from blockchain_event_cursor bec1_0 where bec1_0.chain_id=? and lower(bec1_0.contract_address)=lower(?) for no key update of bec1_0
2026-09-11T16:19:01.197+07:00 DEBUG 7844 --- [contract-service] [   scheduling-1] org.hibernate.SQL                        : select bt1_0.id,bt1_0.action,bt1_0.agreement_id,bt1_0.attempt_count,bt1_0.block_hash,bt1_0.block_number,bt1_0.calldata,bt1_0.calldata_hash,bt1_0.chain_id,bt1_0.created_at,bt1_0.dispatch_started_at,bt1_0.error_message,bt1_0.from_address,bt1_0.idempotency_key,bt1_0.next_attempt_at,bt1_0.nonce,bt1_0.receipt_status,bt1_0.settlement_id,bt1_0.signed_raw_transaction,bt1_0.status,bt1_0.to_address,bt1_0.transaction_hash,bt1_0.updated_at,bt1_0.version from blockchain_transaction bt1_0 where bt1_0.status='CREATED' and (bt1_0.next_attempt_at is null or bt1_0.next_attempt_at<=?) order by bt1_0.created_at fetch first ? rows only for no key update of bt1_0
2026-09-11T16:19:01.203+07:00 DEBUG 7844 --- [contract-service] [   scheduling-1] org.hibernate.SQL                        : select bt1_0.id,bt1_0.action,bt1_0.agreement_id,bt1_0.attempt_count,bt1_0.block_hash,bt1_0.block_number,bt1_0.calldata,bt1_0.calldata_hash,bt1_0.chain_id,bt1_0.created_at,bt1_0.dispatch_started_at,bt1_0.error_message,bt1_0.from_address,bt1_0.idempotency_key,bt1_0.next_attempt_at,bt1_0.nonce,bt1_0.receipt_status,bt1_0.settlement_id,bt1_0.signed_raw_transaction,bt1_0.status,bt1_0.to_address,bt1_0.transaction_hash,bt1_0.updated_at,bt1_0.version from blockchain_transaction bt1_0 where bt1_0.status in (?,?) order by bt1_0.updated_at fetch first ? rows only
2026-09-11T16:19:01.205+07:00 DEBUG 7844 --- [contract-service] [   scheduling-1] org.hibernate.SQL                        : select ca1_0.id,ca1_0.chain_id,ca1_0.class_name,ca1_0.classroom_id,ca1_0.classroom_reviewer_email,ca1_0.contract_version,ca1_0.created_at,ca1_0.escrow_contract_address,ca1_0.onchain_agreement_id,ca1_0.payment_deadline,ca1_0.platform_wallet,ca1_0.price_per_session_usdc_units,ca1_0.status,ca1_0.student_email,ca1_0.student_id,ca1_0.student_name,ca1_0.student_phone,ca1_0.student_wallet,ca1_0.terms_hash,ca1_0.terms_json,ca1_0.token_address,ca1_0.token_decimals,ca1_0.token_symbol,ca1_0.total_amount_usdc_units,ca1_0.total_price_vnd,ca1_0.total_sessions,ca1_0.tutor_email,ca1_0.tutor_id,ca1_0.tutor_name,ca1_0.tutor_phone,ca1_0.tutor_wallet,ca1_0.updated_at,ca1_0.version,ca1_0.vnd_per_usdc from contract_agreement ca1_0 where ca1_0.status=?
2026-09-11T16:19:06.545+07:00 DEBUG 7844 --- [contract-service] [   scheduling-1] org.hibernate.SQL                        : select bec1_0.id,bec1_0.chain_id,bec1_0.contract_address,bec1_0.last_confirmed_block,bec1_0.last_confirmed_block_hash,bec1_0.updated_at,bec1_0.version from blockchain_event_cursor bec1_0 where bec1_0.chain_id=? and lower(bec1_0.contract_address)=lower(?) for no key update of bec1_0
2026-09-11T16:19:07.329+07:00 DEBUG 7844 --- [contract-service] [   scheduling-1] org.hibernate.SQL                        : update blockchain_event_cursor set chain_id=?,contract_address=?,last_confirmed_block=?,last_confirmed_block_hash=?,updated_at=?,version=? where id=? and version=?
2026-09-11T16:19:07.333+07:00 DEBUG 7844 --- [contract-service] [   scheduling-1] org.hibernate.SQL                        : select bt1_0.id,bt1_0.action,bt1_0.agreement_id,bt1_0.attempt_count,bt1_0.block_hash,bt1_0.block_number,bt1_0.calldata,bt1_0.calldata_hash,bt1_0.chain_id,bt1_0.created_at,bt1_0.dispatch_started_at,bt1_0.error_message,bt1_0.from_address,bt1_0.idempotency_key,bt1_0.next_attempt_at,bt1_0.nonce,bt1_0.receipt_status,bt1_0.settlement_id,bt1_0.signed_raw_transaction,bt1_0.status,bt1_0.to_address,bt1_0.transaction_hash,bt1_0.updated_at,bt1_0.version from blockchain_transaction bt1_0 where bt1_0.status='CREATED' and (bt1_0.next_attempt_at is null or bt1_0.next_attempt_at<=?) order by bt1_0.created_at fetch first ? rows only for no key update of bt1_0
2026-09-11T16:19:07.338+07:00 DEBUG 7844 --- [contract-service] [   scheduling-1] org.hibernate.SQL                        : select bt1_0.id,bt1_0.action,bt1_0.agreement_id,bt1_0.attempt_count,bt1_0.block_hash,bt1_0.block_number,bt1_0.calldata,bt1_0.calldata_hash,bt1_0.chain_id,bt1_0.created_at,bt1_0.dispatch_started_at,bt1_0.error_message,bt1_0.from_address,bt1_0.idempotency_key,bt1_0.next_attempt_at,bt1_0.nonce,bt1_0.receipt_status,bt1_0.settlement_id,bt1_0.signed_raw_transaction,bt1_0.status,bt1_0.to_address,bt1_0.transaction_hash,bt1_0.updated_at,bt1_0.version from blockchain_transaction bt1_0 where bt1_0.status in (?,?) order by bt1_0.updated_at fetch first ? rows only
2026-09-11T16:19:12.711+07:00 DEBUG 7844 --- [contract-service] [   scheduling-1] org.hibernate.SQL                        : select bec1_0.id,bec1_0.chain_id,bec1_0.contract_address,bec1_0.last_confirmed_block,bec1_0.last_confirmed_block_hash,bec1_0.updated_at,bec1_0.version from blockchain_event_cursor bec1_0 where bec1_0.chain_id=? and lower(bec1_0.contract_address)=lower(?) for no key update of bec1_0
2026-09-11T16:19:12.907+07:00 DEBUG 7844 --- [contract-service] [   scheduling-1] org.hibernate.SQL                        : select bt1_0.id,bt1_0.action,bt1_0.agreement_id,bt1_0.attempt_count,bt1_0.block_hash,bt1_0.block_number,bt1_0.calldata,bt1_0.calldata_hash,bt1_0.chain_id,bt1_0.created_at,bt1_0.dispatch_started_at,bt1_0.error_message,bt1_0.from_address,bt1_0.idempotency_key,bt1_0.next_attempt_at,bt1_0.nonce,bt1_0.receipt_status,bt1_0.settlement_id,bt1_0.signed_raw_transaction,bt1_0.status,bt1_0.to_address,bt1_0.transaction_hash,bt1_0.updated_at,bt1_0.version from blockchain_transaction bt1_0 where bt1_0.status='CREATED' and (bt1_0.next_attempt_at is null or bt1_0.next_attempt_at<=?) order by bt1_0.created_at fetch first ? rows only for no key update of bt1_0
2026-09-11T16:19:12.910+07:00 DEBUG 7844 --- [contract-service] [   scheduling-1] org.hibernate.SQL                        : select bt1_0.id,bt1_0.action,bt1_0.agreement_id,bt1_0.attempt_count,bt1_0.block_hash,bt1_0.block_number,bt1_0.calldata,bt1_0.calldata_hash,bt1_0.chain_id,bt1_0.created_at,bt1_0.dispatch_started_at,bt1_0.error_message,bt1_0.from_address,bt1_0.idempotency_key,bt1_0.next_attempt_at,bt1_0.nonce,bt1_0.receipt_status,bt1_0.settlement_id,bt1_0.signed_raw_transaction,bt1_0.status,bt1_0.to_address,bt1_0.transaction_hash,bt1_0.updated_at,bt1_0.version from blockchain_transaction bt1_0 where bt1_0.status in (?,?) order by bt1_0.updated_at fetch first ? rows only
2026-09-11T16:19:18.295+07:00 DEBUG 7844 --- [contract-service] [   scheduling-1] org.hibernate.SQL                        : select bec1_0.id,bec1_0.chain_id,bec1_0.contract_address,bec1_0.last_confirmed_block,bec1_0.last_confirmed_block_hash,bec1_0.updated_at,bec1_0.version from blockchain_event_cursor bec1_0 where bec1_0.chain_id=? and lower(bec1_0.contract_address)=lower(?) for no key update of bec1_0
2026-09-11T16:19:19.008+07:00 DEBUG 7844 --- [contract-service] [   scheduling-1] org.hibernate.SQL                        : update blockchain_event_cursor set chain_id=?,contract_address=?,last_confirmed_block=?,last_confirmed_block_hash=?,updated_at=?,version=? where id=? and version=?
2026-09-11T16:19:19.015+07:00 DEBUG 7844 --- [contract-service] [   scheduling-1] org.hibernate.SQL                        : select bt1_0.id,bt1_0.action,bt1_0.agreement_id,bt1_0.attempt_count,bt1_0.block_hash,bt1_0.block_number,bt1_0.calldata,bt1_0.calldata_hash,bt1_0.chain_id,bt1_0.created_at,bt1_0.dispatch_started_at,bt1_0.error_message,bt1_0.from_address,bt1_0.idempotency_key,bt1_0.next_attempt_at,bt1_0.nonce,bt1_0.receipt_status,bt1_0.settlement_id,bt1_0.signed_raw_transaction,bt1_0.status,bt1_0.to_address,bt1_0.transaction_hash,bt1_0.updated_at,bt1_0.version from blockchain_transaction bt1_0 where bt1_0.status='CREATED' and (bt1_0.next_attempt_at is null or bt1_0.next_attempt_at<=?) order by bt1_0.created_at fetch first ? rows only for no key update of bt1_0
2026-09-11T16:19:19.019+07:00 DEBUG 7844 --- [contract-service] [   scheduling-1] org.hibernate.SQL                        : select bt1_0.id,bt1_0.action,bt1_0.agreement_id,bt1_0.attempt_count,bt1_0.block_hash,bt1_0.block_number,bt1_0.calldata,bt1_0.calldata_hash,bt1_0.chain_id,bt1_0.created_at,bt1_0.dispatch_started_at,bt1_0.error_message,bt1_0.from_address,bt1_0.idempotency_key,bt1_0.next_attempt_at,bt1_0.nonce,bt1_0.receipt_status,bt1_0.settlement_id,bt1_0.signed_raw_transaction,bt1_0.status,bt1_0.to_address,bt1_0.transaction_hash,bt1_0.updated_at,bt1_0.version from blockchain_transaction bt1_0 where bt1_0.status in (?,?) order by bt1_0.updated_at fetch first ? rows only
2026-09-11T16:19:24.356+07:00 DEBUG 7844 --- [contract-service] [   scheduling-1] org.hibernate.SQL                        : select bec1_0.id,bec1_0.chain_id,bec1_0.contract_address,bec1_0.last_confirmed_block,bec1_0.last_confirmed_block_hash,bec1_0.updated_at,bec1_0.version from blockchain_event_cursor bec1_0 where bec1_0.chain_id=? and lower(bec1_0.contract_address)=lower(?) for no key update of bec1_0
2026-09-11T16:19:24.536+07:00 DEBUG 7844 --- [contract-service] [   scheduling-1] org.hibernate.SQL                        : select bt1_0.id,bt1_0.action,bt1_0.agreement_id,bt1_0.attempt_count,bt1_0.block_hash,bt1_0.block_number,bt1_0.calldata,bt1_0.calldata_hash,bt1_0.chain_id,bt1_0.created_at,bt1_0.dispatch_started_at,bt1_0.error_message,bt1_0.from_address,bt1_0.idempotency_key,bt1_0.next_attempt_at,bt1_0.nonce,bt1_0.receipt_status,bt1_0.settlement_id,bt1_0.signed_raw_transaction,bt1_0.status,bt1_0.to_address,bt1_0.transaction_hash,bt1_0.updated_at,bt1_0.version from blockchain_transaction bt1_0 where bt1_0.status='CREATED' and (bt1_0.next_attempt_at is null or bt1_0.next_attempt_at<=?) order by bt1_0.created_at fetch first ? rows only for no key update of bt1_0
2026-09-11T16:19:24.541+07:00 DEBUG 7844 --- [contract-service] [   scheduling-1] org.hibernate.SQL                        : select bt1_0.id,bt1_0.action,bt1_0.agreement_id,bt1_0.attempt_count,bt1_0.block_hash,bt1_0.block_number,bt1_0.calldata,bt1_0.calldata_hash,bt1_0.chain_id,bt1_0.created_at,bt1_0.dispatch_started_at,bt1_0.error_message,bt1_0.from_address,bt1_0.idempotency_key,bt1_0.next_attempt_at,bt1_0.nonce,bt1_0.receipt_status,bt1_0.settlement_id,bt1_0.signed_raw_transaction,bt1_0.status,bt1_0.to_address,bt1_0.transaction_hash,bt1_0.updated_at,bt1_0.version from blockchain_transaction bt1_0 where bt1_0.status in (?,?) order by bt1_0.updated_at fetch first ? rows only
2026-09-11T16:19:29.882+07:00 DEBUG 7844 --- [contract-service] [   scheduling-1] org.hibernate.SQL                        : select bec1_0.id,bec1_0.chain_id,bec1_0.contract_address,bec1_0.last_confirmed_block,bec1_0.last_confirmed_block_hash,bec1_0.updated_at,bec1_0.version from blockchain_event_cursor bec1_0 where bec1_0.chain_id=? and lower(bec1_0.contract_address)=lower(?) for no key update of bec1_0
2026-09-11T16:19:30.437+07:00 DEBUG 7844 --- [contract-service] [   scheduling-1] org.hibernate.SQL                        : update blockchain_event_cursor set chain_id=?,contract_address=?,last_confirmed_block=?,last_confirmed_block_hash=?,updated_at=?,version=? where id=? and version=?
2026-09-11T16:19:30.451+07:00 DEBUG 7844 --- [contract-service] [   scheduling-1] org.hibernate.SQL                        : select bt1_0.id,bt1_0.action,bt1_0.agreement_id,bt1_0.attempt_count,bt1_0.block_hash,bt1_0.block_number,bt1_0.calldata,bt1_0.calldata_hash,bt1_0.chain_id,bt1_0.created_at,bt1_0.dispatch_started_at,bt1_0.error_message,bt1_0.from_address,bt1_0.idempotency_key,bt1_0.next_attempt_at,bt1_0.nonce,bt1_0.receipt_status,bt1_0.settlement_id,bt1_0.signed_raw_transaction,bt1_0.status,bt1_0.to_address,bt1_0.transaction_hash,bt1_0.updated_at,bt1_0.version from blockchain_transaction bt1_0 where bt1_0.status='CREATED' and (bt1_0.next_attempt_at is null or bt1_0.next_attempt_at<=?) order by bt1_0.created_at fetch first ? rows only for no key update of bt1_0
2026-09-11T16:19:30.463+07:00 DEBUG 7844 --- [contract-service] [   scheduling-1] org.hibernate.SQL                        : select bt1_0.id,bt1_0.action,bt1_0.agreement_id,bt1_0.attempt_count,bt1_0.block_hash,bt1_0.block_number,bt1_0.calldata,bt1_0.calldata_hash,bt1_0.chain_id,bt1_0.created_at,bt1_0.dispatch_started_at,bt1_0.error_message,bt1_0.from_address,bt1_0.idempotency_key,bt1_0.next_attempt_at,bt1_0.nonce,bt1_0.receipt_status,bt1_0.settlement_id,bt1_0.signed_raw_transaction,bt1_0.status,bt1_0.to_address,bt1_0.transaction_hash,bt1_0.updated_at,bt1_0.version from blockchain_transaction bt1_0 where bt1_0.status in (?,?) order by bt1_0.updated_at fetch first ? rows only
2026-09-11T16:19:30.645+07:00 DEBUG 7844 --- [contract-service] [   scheduling-1] org.hibernate.SQL                        : select ca1_0.id,ca1_0.chain_id,ca1_0.class_name,ca1_0.classroom_id,ca1_0.classroom_reviewer_email,ca1_0.contract_version,ca1_0.created_at,ca1_0.escrow_contract_address,ca1_0.onchain_agreement_id,ca1_0.payment_deadline,ca1_0.platform_wallet,ca1_0.price_per_session_usdc_units,ca1_0.status,ca1_0.student_email,ca1_0.student_id,ca1_0.student_name,ca1_0.student_phone,ca1_0.student_wallet,ca1_0.terms_hash,ca1_0.terms_json,ca1_0.token_address,ca1_0.token_decimals,ca1_0.token_symbol,ca1_0.total_amount_usdc_units,ca1_0.total_price_vnd,ca1_0.total_sessions,ca1_0.tutor_email,ca1_0.tutor_id,ca1_0.tutor_name,ca1_0.tutor_phone,ca1_0.tutor_wallet,ca1_0.updated_at,ca1_0.version,ca1_0.vnd_per_usdc from contract_agreement ca1_0 where ca1_0.status=? and ca1_0.payment_deadline<?
2026-09-11T16:19:31.221+07:00 DEBUG 7844 --- [contract-service] [   scheduling-1] org.hibernate.SQL                        : select ca1_0.id,ca1_0.chain_id,ca1_0.class_name,ca1_0.classroom_id,ca1_0.classroom_reviewer_email,ca1_0.contract_version,ca1_0.created_at,ca1_0.escrow_contract_address,ca1_0.onchain_agreement_id,ca1_0.payment_deadline,ca1_0.platform_wallet,ca1_0.price_per_session_usdc_units,ca1_0.status,ca1_0.student_email,ca1_0.student_id,ca1_0.student_name,ca1_0.student_phone,ca1_0.student_wallet,ca1_0.terms_hash,ca1_0.terms_json,ca1_0.token_address,ca1_0.token_decimals,ca1_0.token_symbol,ca1_0.total_amount_usdc_units,ca1_0.total_price_vnd,ca1_0.total_sessions,ca1_0.tutor_email,ca1_0.tutor_id,ca1_0.tutor_name,ca1_0.tutor_phone,ca1_0.tutor_wallet,ca1_0.updated_at,ca1_0.version,ca1_0.vnd_per_usdc from contract_agreement ca1_0 where ca1_0.status=?
2026-09-11T16:19:35.810+07:00 DEBUG 7844 --- [contract-service] [   scheduling-1] org.hibernate.SQL                        : select bec1_0.id,bec1_0.chain_id,bec1_0.contract_address,bec1_0.last_confirmed_block,bec1_0.last_confirmed_block_hash,bec1_0.updated_at,bec1_0.version from blockchain_event_cursor bec1_0 where bec1_0.chain_id=? and lower(bec1_0.contract_address)=lower(?) for no key update of bec1_0
2026-09-11T16:19:35.996+07:00 DEBUG 7844 --- [contract-service] [   scheduling-1] org.hibernate.SQL                        : select bt1_0.id,bt1_0.action,bt1_0.agreement_id,bt1_0.attempt_count,bt1_0.block_hash,bt1_0.block_number,bt1_0.calldata,bt1_0.calldata_hash,bt1_0.chain_id,bt1_0.created_at,bt1_0.dispatch_started_at,bt1_0.error_message,bt1_0.from_address,bt1_0.idempotency_key,bt1_0.next_attempt_at,bt1_0.nonce,bt1_0.receipt_status,bt1_0.settlement_id,bt1_0.signed_raw_transaction,bt1_0.status,bt1_0.to_address,bt1_0.transaction_hash,bt1_0.updated_at,bt1_0.version from blockchain_transaction bt1_0 where bt1_0.status='CREATED' and (bt1_0.next_attempt_at is null or bt1_0.next_attempt_at<=?) order by bt1_0.created_at fetch first ? rows only for no key update of bt1_0
2026-09-11T16:19:35.999+07:00 DEBUG 7844 --- [contract-service] [   scheduling-1] org.hibernate.SQL                        : select bt1_0.id,bt1_0.action,bt1_0.agreement_id,bt1_0.attempt_count,bt1_0.block_hash,bt1_0.block_number,bt1_0.calldata,bt1_0.calldata_hash,bt1_0.chain_id,bt1_0.created_at,bt1_0.dispatch_started_at,bt1_0.error_message,bt1_0.from_address,bt1_0.idempotency_key,bt1_0.next_attempt_at,bt1_0.nonce,bt1_0.receipt_status,bt1_0.settlement_id,bt1_0.signed_raw_transaction,bt1_0.status,bt1_0.to_address,bt1_0.transaction_hash,bt1_0.updated_at,bt1_0.version from blockchain_transaction bt1_0 where bt1_0.status in (?,?) order by bt1_0.updated_at fetch first ? rows only
2026-09-11T16:19:41.490+07:00 DEBUG 7844 --- [contract-service] [   scheduling-1] org.hibernate.SQL                        : select bec1_0.id,bec1_0.chain_id,bec1_0.contract_address,bec1_0.last_confirmed_block,bec1_0.last_confirmed_block_hash,bec1_0.updated_at,bec1_0.version from blockchain_event_cursor bec1_0 where bec1_0.chain_id=? and lower(bec1_0.contract_address)=lower(?) for no key update of bec1_0
2026-09-11T16:19:42.202+07:00 DEBUG 7844 --- [contract-service] [   scheduling-1] org.hibernate.SQL                        : update blockchain_event_cursor set chain_id=?,contract_address=?,last_confirmed_block=?,last_confirmed_block_hash=?,updated_at=?,version=? where id=? and version=?
2026-09-11T16:19:42.206+07:00 DEBUG 7844 --- [contract-service] [   scheduling-1] org.hibernate.SQL                        : select bt1_0.id,bt1_0.action,bt1_0.agreement_id,bt1_0.attempt_count,bt1_0.block_hash,bt1_0.block_number,bt1_0.calldata,bt1_0.calldata_hash,bt1_0.chain_id,bt1_0.created_at,bt1_0.dispatch_started_at,bt1_0.error_message,bt1_0.from_address,bt1_0.idempotency_key,bt1_0.next_attempt_at,bt1_0.nonce,bt1_0.receipt_status,bt1_0.settlement_id,bt1_0.signed_raw_transaction,bt1_0.status,bt1_0.to_address,bt1_0.transaction_hash,bt1_0.updated_at,bt1_0.version from blockchain_transaction bt1_0 where bt1_0.status='CREATED' and (bt1_0.next_attempt_at is null or bt1_0.next_attempt_at<=?) order by bt1_0.created_at fetch first ? rows only for no key update of bt1_0
2026-09-11T16:19:42.209+07:00 DEBUG 7844 --- [contract-service] [   scheduling-1] org.hibernate.SQL                        : select bt1_0.id,bt1_0.action,bt1_0.agreement_id,bt1_0.attempt_count,bt1_0.block_hash,bt1_0.block_number,bt1_0.calldata,bt1_0.calldata_hash,bt1_0.chain_id,bt1_0.created_at,bt1_0.dispatch_started_at,bt1_0.error_message,bt1_0.from_address,bt1_0.idempotency_key,bt1_0.next_attempt_at,bt1_0.nonce,bt1_0.receipt_status,bt1_0.settlement_id,bt1_0.signed_raw_transaction,bt1_0.status,bt1_0.to_address,bt1_0.transaction_hash,bt1_0.updated_at,bt1_0.version from blockchain_transaction bt1_0 where bt1_0.status in (?,?) order by bt1_0.updated_at fetch first ? rows only
2026-09-11T16:19:47.558+07:00 DEBUG 7844 --- [contract-service] [   scheduling-1] org.hibernate.SQL                        : select bec1_0.id,bec1_0.chain_id,bec1_0.contract_address,bec1_0.last_confirmed_block,bec1_0.last_confirmed_block_hash,bec1_0.updated_at,bec1_0.version from blockchain_event_cursor bec1_0 where bec1_0.chain_id=? and lower(bec1_0.contract_address)=lower(?) for no key update of bec1_0
2026-09-11T16:19:47.744+07:00 DEBUG 7844 --- [contract-service] [   scheduling-1] org.hibernate.SQL                        : select bt1_0.id,bt1_0.action,bt1_0.agreement_id,bt1_0.attempt_count,bt1_0.block_hash,bt1_0.block_number,bt1_0.calldata,bt1_0.calldata_hash,bt1_0.chain_id,bt1_0.created_at,bt1_0.dispatch_started_at,bt1_0.error_message,bt1_0.from_address,bt1_0.idempotency_key,bt1_0.next_attempt_at,bt1_0.nonce,bt1_0.receipt_status,bt1_0.settlement_id,bt1_0.signed_raw_transaction,bt1_0.status,bt1_0.to_address,bt1_0.transaction_hash,bt1_0.updated_at,bt1_0.version from blockchain_transaction bt1_0 where bt1_0.status='CREATED' and (bt1_0.next_attempt_at is null or bt1_0.next_attempt_at<=?) order by bt1_0.created_at fetch first ? rows only for no key update of bt1_0
2026-09-11T16:19:47.747+07:00 DEBUG 7844 --- [contract-service] [   scheduling-1] org.hibernate.SQL                        : select bt1_0.id,bt1_0.action,bt1_0.agreement_id,bt1_0.attempt_count,bt1_0.block_hash,bt1_0.block_number,bt1_0.calldata,bt1_0.calldata_hash,bt1_0.chain_id,bt1_0.created_at,bt1_0.dispatch_started_at,bt1_0.error_message,bt1_0.from_address,bt1_0.idempotency_key,bt1_0.next_attempt_at,bt1_0.nonce,bt1_0.receipt_status,bt1_0.settlement_id,bt1_0.signed_raw_transaction,bt1_0.status,bt1_0.to_address,bt1_0.transaction_hash,bt1_0.updated_at,bt1_0.version from blockchain_transaction bt1_0 where bt1_0.status in (?,?) order by bt1_0.updated_at fetch first ? rows only
2026-09-11T16:19:51.607+07:00 DEBUG 7844 --- [contract-service] [   scheduling-1] org.hibernate.SQL                        : select ss1_0.id,ss1_0.agreement_id,ss1_0.amount,ss1_0.created_at,ss1_0.dispute_deadline,ss1_0.finalize_tx_hash,ss1_0.onchain_session_id,ss1_0.outcome,ss1_0.platform_amount,ss1_0.proposal_evidence_hash,ss1_0.propose_tx_hash,ss1_0.session_id,ss1_0.status,ss1_0.student_refund_amount,ss1_0.tutor_amount,ss1_0.updated_at,ss1_0.version from session_settlement ss1_0 where ss1_0.status=? and ss1_0.dispute_deadline<? order by ss1_0.dispute_deadline fetch first ? rows only
2026-09-11T16:19:53.102+07:00 DEBUG 7844 --- [contract-service] [   scheduling-1] org.hibernate.SQL                        : select bec1_0.id,bec1_0.chain_id,bec1_0.contract_address,bec1_0.last_confirmed_block,bec1_0.last_confirmed_block_hash,bec1_0.updated_at,bec1_0.version from blockchain_event_cursor bec1_0 where bec1_0.chain_id=? and lower(bec1_0.contract_address)=lower(?) for no key update of bec1_0
2026-09-11T16:19:53.758+07:00 DEBUG 7844 --- [contract-service] [   scheduling-1] org.hibernate.SQL                        : update blockchain_event_cursor set chain_id=?,contract_address=?,last_confirmed_block=?,last_confirmed_block_hash=?,updated_at=?,version=? where id=? and version=?
2026-09-11T16:19:53.763+07:00 DEBUG 7844 --- [contract-service] [   scheduling-1] org.hibernate.SQL                        : select bt1_0.id,bt1_0.action,bt1_0.agreement_id,bt1_0.attempt_count,bt1_0.block_hash,bt1_0.block_number,bt1_0.calldata,bt1_0.calldata_hash,bt1_0.chain_id,bt1_0.created_at,bt1_0.dispatch_started_at,bt1_0.error_message,bt1_0.from_address,bt1_0.idempotency_key,bt1_0.next_attempt_at,bt1_0.nonce,bt1_0.receipt_status,bt1_0.settlement_id,bt1_0.signed_raw_transaction,bt1_0.status,bt1_0.to_address,bt1_0.transaction_hash,bt1_0.updated_at,bt1_0.version from blockchain_transaction bt1_0 where bt1_0.status='CREATED' and (bt1_0.next_attempt_at is null or bt1_0.next_attempt_at<=?) order by bt1_0.created_at fetch first ? rows only for no key update of bt1_0
2026-09-11T16:19:53.766+07:00 DEBUG 7844 --- [contract-service] [   scheduling-1] org.hibernate.SQL                        : select bt1_0.id,bt1_0.action,bt1_0.agreement_id,bt1_0.attempt_count,bt1_0.block_hash,bt1_0.block_number,bt1_0.calldata,bt1_0.calldata_hash,bt1_0.chain_id,bt1_0.created_at,bt1_0.dispatch_started_at,bt1_0.error_message,bt1_0.from_address,bt1_0.idempotency_key,bt1_0.next_attempt_at,bt1_0.nonce,bt1_0.receipt_status,bt1_0.settlement_id,bt1_0.signed_raw_transaction,bt1_0.status,bt1_0.to_address,bt1_0.transaction_hash,bt1_0.updated_at,bt1_0.version from blockchain_transaction bt1_0 where bt1_0.status in (?,?) order by bt1_0.updated_at fetch first ? rows only
2026-09-11T16:19:59.119+07:00 DEBUG 7844 --- [contract-service] [   scheduling-1] org.hibernate.SQL                        : select bec1_0.id,bec1_0.chain_id,bec1_0.contract_address,bec1_0.last_confirmed_block,bec1_0.last_confirmed_block_hash,bec1_0.updated_at,bec1_0.version from blockchain_event_cursor bec1_0 where bec1_0.chain_id=? and lower(bec1_0.contract_address)=lower(?) for no key update of bec1_0
2026-09-11T16:19:59.297+07:00 DEBUG 7844 --- [contract-service] [   scheduling-1] org.hibernate.SQL                        : select bt1_0.id,bt1_0.action,bt1_0.agreement_id,bt1_0.attempt_count,bt1_0.block_hash,bt1_0.block_number,bt1_0.calldata,bt1_0.calldata_hash,bt1_0.chain_id,bt1_0.created_at,bt1_0.dispatch_started_at,bt1_0.error_message,bt1_0.from_address,bt1_0.idempotency_key,bt1_0.next_attempt_at,bt1_0.nonce,bt1_0.receipt_status,bt1_0.settlement_id,bt1_0.signed_raw_transaction,bt1_0.status,bt1_0.to_address,bt1_0.transaction_hash,bt1_0.updated_at,bt1_0.version from blockchain_transaction bt1_0 where bt1_0.status='CREATED' and (bt1_0.next_attempt_at is null or bt1_0.next_attempt_at<=?) order by bt1_0.created_at fetch first ? rows only for no key update of bt1_0
2026-09-11T16:19:59.304+07:00 DEBUG 7844 --- [contract-service] [   scheduling-1] org.hibernate.SQL                        : select bt1_0.id,bt1_0.action,bt1_0.agreement_id,bt1_0.attempt_count,bt1_0.block_hash,bt1_0.block_number,bt1_0.calldata,bt1_0.calldata_hash,bt1_0.chain_id,bt1_0.created_at,bt1_0.dispatch_started_at,bt1_0.error_message,bt1_0.from_address,bt1_0.idempotency_key,bt1_0.next_attempt_at,bt1_0.nonce,bt1_0.receipt_status,bt1_0.settlement_id,bt1_0.signed_raw_transaction,bt1_0.status,bt1_0.to_address,bt1_0.transaction_hash,bt1_0.updated_at,bt1_0.version from blockchain_transaction bt1_0 where bt1_0.status in (?,?) order by bt1_0.updated_at fetch first ? rows only
2026-09-11T16:20:01.232+07:00 DEBUG 7844 --- [contract-service] [   scheduling-1] org.hibernate.SQL                        : select ca1_0.id,ca1_0.chain_id,ca1_0.class_name,ca1_0.classroom_id,ca1_0.classroom_reviewer_email,ca1_0.contract_version,ca1_0.created_at,ca1_0.escrow_contract_address,ca1_0.onchain_agreement_id,ca1_0.payment_deadline,ca1_0.platform_wallet,ca1_0.price_per_session_usdc_units,ca1_0.status,ca1_0.student_email,ca1_0.student_id,ca1_0.student_name,ca1_0.student_phone,ca1_0.student_wallet,ca1_0.terms_hash,ca1_0.terms_json,ca1_0.token_address,ca1_0.token_decimals,ca1_0.token_symbol,ca1_0.total_amount_usdc_units,ca1_0.total_price_vnd,ca1_0.total_sessions,ca1_0.tutor_email,ca1_0.tutor_id,ca1_0.tutor_name,ca1_0.tutor_phone,ca1_0.tutor_wallet,ca1_0.updated_at,ca1_0.version,ca1_0.vnd_per_usdc from contract_agreement ca1_0 where ca1_0.status=?
2026-09-11T16:20:04.650+07:00 DEBUG 7844 --- [contract-service] [   scheduling-1] org.hibernate.SQL                        : select bec1_0.id,bec1_0.chain_id,bec1_0.contract_address,bec1_0.last_confirmed_block,bec1_0.last_confirmed_block_hash,bec1_0.updated_at,bec1_0.version from blockchain_event_cursor bec1_0 where bec1_0.chain_id=? and lower(bec1_0.contract_address)=lower(?) for no key update of bec1_0
2026-09-11T16:20:05.309+07:00 DEBUG 7844 --- [contract-service] [   scheduling-1] org.hibernate.SQL                        : update blockchain_event_cursor set chain_id=?,contract_address=?,last_confirmed_block=?,last_confirmed_block_hash=?,updated_at=?,version=? where id=? and version=?
2026-09-11T16:20:05.313+07:00 DEBUG 7844 --- [contract-service] [   scheduling-1] org.hibernate.SQL                        : select bt1_0.id,bt1_0.action,bt1_0.agreement_id,bt1_0.attempt_count,bt1_0.block_hash,bt1_0.block_number,bt1_0.calldata,bt1_0.calldata_hash,bt1_0.chain_id,bt1_0.created_at,bt1_0.dispatch_started_at,bt1_0.error_message,bt1_0.from_address,bt1_0.idempotency_key,bt1_0.next_attempt_at,bt1_0.nonce,bt1_0.receipt_status,bt1_0.settlement_id,bt1_0.signed_raw_transaction,bt1_0.status,bt1_0.to_address,bt1_0.transaction_hash,bt1_0.updated_at,bt1_0.version from blockchain_transaction bt1_0 where bt1_0.status='CREATED' and (bt1_0.next_attempt_at is null or bt1_0.next_attempt_at<=?) order by bt1_0.created_at fetch first ? rows only for no key update of bt1_0
2026-09-11T16:20:05.316+07:00 DEBUG 7844 --- [contract-service] [   scheduling-1] org.hibernate.SQL                        : select bt1_0.id,bt1_0.action,bt1_0.agreement_id,bt1_0.attempt_count,bt1_0.block_hash,bt1_0.block_number,bt1_0.calldata,bt1_0.calldata_hash,bt1_0.chain_id,bt1_0.created_at,bt1_0.dispatch_started_at,bt1_0.error_message,bt1_0.from_address,bt1_0.idempotency_key,bt1_0.next_attempt_at,bt1_0.nonce,bt1_0.receipt_status,bt1_0.settlement_id,bt1_0.signed_raw_transaction,bt1_0.status,bt1_0.to_address,bt1_0.transaction_hash,bt1_0.updated_at,bt1_0.version from blockchain_transaction bt1_0 where bt1_0.status in (?,?) order by bt1_0.updated_at fetch first ? rows only
2026-09-11T16:20:10.672+07:00 DEBUG 7844 --- [contract-service] [   scheduling-1] org.hibernate.SQL                        : select bec1_0.id,bec1_0.chain_id,bec1_0.contract_address,bec1_0.last_confirmed_block,bec1_0.last_confirmed_block_hash,bec1_0.updated_at,bec1_0.version from blockchain_event_cursor bec1_0 where bec1_0.chain_id=? and lower(bec1_0.contract_address)=lower(?) for no key update of bec1_0
2026-09-11T16:20:10.854+07:00 DEBUG 7844 --- [contract-service] [   scheduling-1] org.hibernate.SQL                        : select bt1_0.id,bt1_0.action,bt1_0.agreement_id,bt1_0.attempt_count,bt1_0.block_hash,bt1_0.block_number,bt1_0.calldata,bt1_0.calldata_hash,bt1_0.chain_id,bt1_0.created_at,bt1_0.dispatch_started_at,bt1_0.error_message,bt1_0.from_address,bt1_0.idempotency_key,bt1_0.next_attempt_at,bt1_0.nonce,bt1_0.receipt_status,bt1_0.settlement_id,bt1_0.signed_raw_transaction,bt1_0.status,bt1_0.to_address,bt1_0.transaction_hash,bt1_0.updated_at,bt1_0.version from blockchain_transaction bt1_0 where bt1_0.status='CREATED' and (bt1_0.next_attempt_at is null or bt1_0.next_attempt_at<=?) order by bt1_0.created_at fetch first ? rows only for no key update of bt1_0
2026-09-11T16:20:10.858+07:00 DEBUG 7844 --- [contract-service] [   scheduling-1] org.hibernate.SQL                        : select bt1_0.id,bt1_0.action,bt1_0.agreement_id,bt1_0.attempt_count,bt1_0.block_hash,bt1_0.block_number,bt1_0.calldata,bt1_0.calldata_hash,bt1_0.chain_id,bt1_0.created_at,bt1_0.dispatch_started_at,bt1_0.error_message,bt1_0.from_address,bt1_0.idempotency_key,bt1_0.next_attempt_at,bt1_0.nonce,bt1_0.receipt_status,bt1_0.settlement_id,bt1_0.signed_raw_transaction,bt1_0.status,bt1_0.to_address,bt1_0.transaction_hash,bt1_0.updated_at,bt1_0.version from blockchain_transaction bt1_0 where bt1_0.status in (?,?) order by bt1_0.updated_at fetch first ? rows only
2026-09-11T16:20:16.223+07:00 DEBUG 7844 --- [contract-service] [   scheduling-1] org.hibernate.SQL                        : select bec1_0.id,bec1_0.chain_id,bec1_0.contract_address,bec1_0.last_confirmed_block,bec1_0.last_confirmed_block_hash,bec1_0.updated_at,bec1_0.version from blockchain_event_cursor bec1_0 where bec1_0.chain_id=? and lower(bec1_0.contract_address)=lower(?) for no key update of bec1_0
2026-09-11T16:20:16.753+07:00 DEBUG 7844 --- [contract-service] [   scheduling-1] org.hibernate.SQL                        : update blockchain_event_cursor set chain_id=?,contract_address=?,last_confirmed_block=?,last_confirmed_block_hash=?,updated_at=?,version=? where id=? and version=?
2026-09-11T16:20:16.757+07:00 DEBUG 7844 --- [contract-service] [   scheduling-1] org.hibernate.SQL                        : select bt1_0.id,bt1_0.action,bt1_0.agreement_id,bt1_0.attempt_count,bt1_0.block_hash,bt1_0.block_number,bt1_0.calldata,bt1_0.calldata_hash,bt1_0.chain_id,bt1_0.created_at,bt1_0.dispatch_started_at,bt1_0.error_message,bt1_0.from_address,bt1_0.idempotency_key,bt1_0.next_attempt_at,bt1_0.nonce,bt1_0.receipt_status,bt1_0.settlement_id,bt1_0.signed_raw_transaction,bt1_0.status,bt1_0.to_address,bt1_0.transaction_hash,bt1_0.updated_at,bt1_0.version from blockchain_transaction bt1_0 where bt1_0.status='CREATED' and (bt1_0.next_attempt_at is null or bt1_0.next_attempt_at<=?) order by bt1_0.created_at fetch first ? rows only for no key update of bt1_0
2026-09-11T16:20:16.760+07:00 DEBUG 7844 --- [contract-service] [   scheduling-1] org.hibernate.SQL                        : select bt1_0.id,bt1_0.action,bt1_0.agreement_id,bt1_0.attempt_count,bt1_0.block_hash,bt1_0.block_number,bt1_0.calldata,bt1_0.calldata_hash,bt1_0.chain_id,bt1_0.created_at,bt1_0.dispatch_started_at,bt1_0.error_message,bt1_0.from_address,bt1_0.idempotency_key,bt1_0.next_attempt_at,bt1_0.nonce,bt1_0.receipt_status,bt1_0.settlement_id,bt1_0.signed_raw_transaction,bt1_0.status,bt1_0.to_address,bt1_0.transaction_hash,bt1_0.updated_at,bt1_0.version from blockchain_transaction bt1_0 where bt1_0.status in (?,?) order by bt1_0.updated_at fetch first ? rows only
2026-09-11T16:20:22.167+07:00 DEBUG 7844 --- [contract-service] [   scheduling-1] org.hibernate.SQL                        : select bec1_0.id,bec1_0.chain_id,bec1_0.contract_address,bec1_0.last_confirmed_block,bec1_0.last_confirmed_block_hash,bec1_0.updated_at,bec1_0.version from blockchain_event_cursor bec1_0 where bec1_0.chain_id=? and lower(bec1_0.contract_address)=lower(?) for no key update of bec1_0
2026-09-11T16:20:22.352+07:00 DEBUG 7844 --- [contract-service] [   scheduling-1] org.hibernate.SQL                        : select bt1_0.id,bt1_0.action,bt1_0.agreement_id,bt1_0.attempt_count,bt1_0.block_hash,bt1_0.block_number,bt1_0.calldata,bt1_0.calldata_hash,bt1_0.chain_id,bt1_0.created_at,bt1_0.dispatch_started_at,bt1_0.error_message,bt1_0.from_address,bt1_0.idempotency_key,bt1_0.next_attempt_at,bt1_0.nonce,bt1_0.receipt_status,bt1_0.settlement_id,bt1_0.signed_raw_transaction,bt1_0.status,bt1_0.to_address,bt1_0.transaction_hash,bt1_0.updated_at,bt1_0.version from blockchain_transaction bt1_0 where bt1_0.status='CREATED' and (bt1_0.next_attempt_at is null or bt1_0.next_attempt_at<=?) order by bt1_0.created_at fetch first ? rows only for no key update of bt1_0
2026-09-11T16:20:22.357+07:00 DEBUG 7844 --- [contract-service] [   scheduling-1] org.hibernate.SQL                        : select bt1_0.id,bt1_0.action,bt1_0.agreement_id,bt1_0.attempt_count,bt1_0.block_hash,bt1_0.block_number,bt1_0.calldata,bt1_0.calldata_hash,bt1_0.chain_id,bt1_0.created_at,bt1_0.dispatch_started_at,bt1_0.error_message,bt1_0.from_address,bt1_0.idempotency_key,bt1_0.next_attempt_at,bt1_0.nonce,bt1_0.receipt_status,bt1_0.settlement_id,bt1_0.signed_raw_transaction,bt1_0.status,bt1_0.to_address,bt1_0.transaction_hash,bt1_0.updated_at,bt1_0.version from blockchain_transaction bt1_0 where bt1_0.status in (?,?) order by bt1_0.updated_at fetch first ? rows only
2026-09-11T16:20:27.735+07:00 DEBUG 7844 --- [contract-service] [   scheduling-1] org.hibernate.SQL                        : select bec1_0.id,bec1_0.chain_id,bec1_0.contract_address,bec1_0.last_confirmed_block,bec1_0.last_confirmed_block_hash,bec1_0.updated_at,bec1_0.version from blockchain_event_cursor bec1_0 where bec1_0.chain_id=? and lower(bec1_0.contract_address)=lower(?) for no key update of bec1_0
2026-09-11T16:20:28.389+07:00 DEBUG 7844 --- [contract-service] [   scheduling-1] org.hibernate.SQL                        : update blockchain_event_cursor set chain_id=?,contract_address=?,last_confirmed_block=?,last_confirmed_block_hash=?,updated_at=?,version=? where id=? and version=?
2026-09-11T16:20:28.392+07:00 DEBUG 7844 --- [contract-service] [   scheduling-1] org.hibernate.SQL                        : select bt1_0.id,bt1_0.action,bt1_0.agreement_id,bt1_0.attempt_count,bt1_0.block_hash,bt1_0.block_number,bt1_0.calldata,bt1_0.calldata_hash,bt1_0.chain_id,bt1_0.created_at,bt1_0.dispatch_started_at,bt1_0.error_message,bt1_0.from_address,bt1_0.idempotency_key,bt1_0.next_attempt_at,bt1_0.nonce,bt1_0.receipt_status,bt1_0.settlement_id,bt1_0.signed_raw_transaction,bt1_0.status,bt1_0.to_address,bt1_0.transaction_hash,bt1_0.updated_at,bt1_0.version from blockchain_transaction bt1_0 where bt1_0.status='CREATED' and (bt1_0.next_attempt_at is null or bt1_0.next_attempt_at<=?) order by bt1_0.created_at fetch first ? rows only for no key update of bt1_0
2026-09-11T16:20:28.395+07:00 DEBUG 7844 --- [contract-service] [   scheduling-1] org.hibernate.SQL                        : select bt1_0.id,bt1_0.action,bt1_0.agreement_id,bt1_0.attempt_count,bt1_0.block_hash,bt1_0.block_number,bt1_0.calldata,bt1_0.calldata_hash,bt1_0.chain_id,bt1_0.created_at,bt1_0.dispatch_started_at,bt1_0.error_message,bt1_0.from_address,bt1_0.idempotency_key,bt1_0.next_attempt_at,bt1_0.nonce,bt1_0.receipt_status,bt1_0.settlement_id,bt1_0.signed_raw_transaction,bt1_0.status,bt1_0.to_address,bt1_0.transaction_hash,bt1_0.updated_at,bt1_0.version from blockchain_transaction bt1_0 where bt1_0.status in (?,?) order by bt1_0.updated_at fetch first ? rows only
2026-09-11T16:20:30.664+07:00 DEBUG 7844 --- [contract-service] [   scheduling-1] org.hibernate.SQL                        : select ca1_0.id,ca1_0.chain_id,ca1_0.class_name,ca1_0.classroom_id,ca1_0.classroom_reviewer_email,ca1_0.contract_version,ca1_0.created_at,ca1_0.escrow_contract_address,ca1_0.onchain_agreement_id,ca1_0.payment_deadline,ca1_0.platform_wallet,ca1_0.price_per_session_usdc_units,ca1_0.status,ca1_0.student_email,ca1_0.student_id,ca1_0.student_name,ca1_0.student_phone,ca1_0.student_wallet,ca1_0.terms_hash,ca1_0.terms_json,ca1_0.token_address,ca1_0.token_decimals,ca1_0.token_symbol,ca1_0.total_amount_usdc_units,ca1_0.total_price_vnd,ca1_0.total_sessions,ca1_0.tutor_email,ca1_0.tutor_id,ca1_0.tutor_name,ca1_0.tutor_phone,ca1_0.tutor_wallet,ca1_0.updated_at,ca1_0.version,ca1_0.vnd_per_usdc from contract_agreement ca1_0 where ca1_0.status=? and ca1_0.payment_deadline<?
2026-09-11T16:20:31.238+07:00 DEBUG 7844 --- [contract-service] [   scheduling-1] org.hibernate.SQL                        : select ca1_0.id,ca1_0.chain_id,ca1_0.class_name,ca1_0.classroom_id,ca1_0.classroom_reviewer_email,ca1_0.contract_version,ca1_0.created_at,ca1_0.escrow_contract_address,ca1_0.onchain_agreement_id,ca1_0.payment_deadline,ca1_0.platform_wallet,ca1_0.price_per_session_usdc_units,ca1_0.status,ca1_0.student_email,ca1_0.student_id,ca1_0.student_name,ca1_0.student_phone,ca1_0.student_wallet,ca1_0.terms_hash,ca1_0.terms_json,ca1_0.token_address,ca1_0.token_decimals,ca1_0.token_symbol,ca1_0.total_amount_usdc_units,ca1_0.total_price_vnd,ca1_0.total_sessions,ca1_0.tutor_email,ca1_0.tutor_id,ca1_0.tutor_name,ca1_0.tutor_phone,ca1_0.tutor_wallet,ca1_0.updated_at,ca1_0.version,ca1_0.vnd_per_usdc from contract_agreement ca1_0 where ca1_0.status=?
2026-09-11T16:20:33.745+07:00 DEBUG 7844 --- [contract-service] [   scheduling-1] org.hibernate.SQL                        : select bec1_0.id,bec1_0.chain_id,bec1_0.contract_address,bec1_0.last_confirmed_block,bec1_0.last_confirmed_block_hash,bec1_0.updated_at,bec1_0.version from blockchain_event_cursor bec1_0 where bec1_0.chain_id=? and lower(bec1_0.contract_address)=lower(?) for no key update of bec1_0
2026-09-11T16:20:33.950+07:00 DEBUG 7844 --- [contract-service] [   scheduling-1] org.hibernate.SQL                        : select bt1_0.id,bt1_0.action,bt1_0.agreement_id,bt1_0.attempt_count,bt1_0.block_hash,bt1_0.block_number,bt1_0.calldata,bt1_0.calldata_hash,bt1_0.chain_id,bt1_0.created_at,bt1_0.dispatch_started_at,bt1_0.error_message,bt1_0.from_address,bt1_0.idempotency_key,bt1_0.next_attempt_at,bt1_0.nonce,bt1_0.receipt_status,bt1_0.settlement_id,bt1_0.signed_raw_transaction,bt1_0.status,bt1_0.to_address,bt1_0.transaction_hash,bt1_0.updated_at,bt1_0.version from blockchain_transaction bt1_0 where bt1_0.status='CREATED' and (bt1_0.next_attempt_at is null or bt1_0.next_attempt_at<=?) order by bt1_0.created_at fetch first ? rows only for no key update of bt1_0
2026-09-11T16:20:33.953+07:00 DEBUG 7844 --- [contract-service] [   scheduling-1] org.hibernate.SQL                        : select bt1_0.id,bt1_0.action,bt1_0.agreement_id,bt1_0.attempt_count,bt1_0.block_hash,bt1_0.block_number,bt1_0.calldata,bt1_0.calldata_hash,bt1_0.chain_id,bt1_0.created_at,bt1_0.dispatch_started_at,bt1_0.error_message,bt1_0.from_address,bt1_0.idempotency_key,bt1_0.next_attempt_at,bt1_0.nonce,bt1_0.receipt_status,bt1_0.settlement_id,bt1_0.signed_raw_transaction,bt1_0.status,bt1_0.to_address,bt1_0.transaction_hash,bt1_0.updated_at,bt1_0.version from blockchain_transaction bt1_0 where bt1_0.status in (?,?) order by bt1_0.updated_at fetch first ? rows only
2026-09-11T16:20:39.324+07:00 DEBUG 7844 --- [contract-service] [   scheduling-1] org.hibernate.SQL                        : select bec1_0.id,bec1_0.chain_id,bec1_0.contract_address,bec1_0.last_confirmed_block,bec1_0.last_confirmed_block_hash,bec1_0.updated_at,bec1_0.version from blockchain_event_cursor bec1_0 where bec1_0.chain_id=? and lower(bec1_0.contract_address)=lower(?) for no key update of bec1_0
2026-09-11T16:20:40.049+07:00 DEBUG 7844 --- [contract-service] [   scheduling-1] org.hibernate.SQL                        : update blockchain_event_cursor set chain_id=?,contract_address=?,last_confirmed_block=?,last_confirmed_block_hash=?,updated_at=?,version=? where id=? and version=?
2026-09-11T16:20:40.053+07:00 DEBUG 7844 --- [contract-service] [   scheduling-1] org.hibernate.SQL                        : select bt1_0.id,bt1_0.action,bt1_0.agreement_id,bt1_0.attempt_count,bt1_0.block_hash,bt1_0.block_number,bt1_0.calldata,bt1_0.calldata_hash,bt1_0.chain_id,bt1_0.created_at,bt1_0.dispatch_started_at,bt1_0.error_message,bt1_0.from_address,bt1_0.idempotency_key,bt1_0.next_attempt_at,bt1_0.nonce,bt1_0.receipt_status,bt1_0.settlement_id,bt1_0.signed_raw_transaction,bt1_0.status,bt1_0.to_address,bt1_0.transaction_hash,bt1_0.updated_at,bt1_0.version from blockchain_transaction bt1_0 where bt1_0.status='CREATED' and (bt1_0.next_attempt_at is null or bt1_0.next_attempt_at<=?) order by bt1_0.created_at fetch first ? rows only for no key update of bt1_0
2026-09-11T16:20:40.057+07:00 DEBUG 7844 --- [contract-service] [   scheduling-1] org.hibernate.SQL                        : select bt1_0.id,bt1_0.action,bt1_0.agreement_id,bt1_0.attempt_count,bt1_0.block_hash,bt1_0.block_number,bt1_0.calldata,bt1_0.calldata_hash,bt1_0.chain_id,bt1_0.created_at,bt1_0.dispatch_started_at,bt1_0.error_message,bt1_0.from_address,bt1_0.idempotency_key,bt1_0.next_attempt_at,bt1_0.nonce,bt1_0.receipt_status,bt1_0.settlement_id,bt1_0.signed_raw_transaction,bt1_0.status,bt1_0.to_address,bt1_0.transaction_hash,bt1_0.updated_at,bt1_0.version from blockchain_transaction bt1_0 where bt1_0.status in (?,?) order by bt1_0.updated_at fetch first ? rows only
2026-09-11T16:20:45.397+07:00 DEBUG 7844 --- [contract-service] [   scheduling-1] org.hibernate.SQL                        : select bec1_0.id,bec1_0.chain_id,bec1_0.contract_address,bec1_0.last_confirmed_block,bec1_0.last_confirmed_block_hash,bec1_0.updated_at,bec1_0.version from blockchain_event_cursor bec1_0 where bec1_0.chain_id=? and lower(bec1_0.contract_address)=lower(?) for no key update of bec1_0
2026-09-11T16:20:45.600+07:00 DEBUG 7844 --- [contract-service] [   scheduling-1] org.hibernate.SQL                        : select bt1_0.id,bt1_0.action,bt1_0.agreement_id,bt1_0.attempt_count,bt1_0.block_hash,bt1_0.block_number,bt1_0.calldata,bt1_0.calldata_hash,bt1_0.chain_id,bt1_0.created_at,bt1_0.dispatch_started_at,bt1_0.error_message,bt1_0.from_address,bt1_0.idempotency_key,bt1_0.next_attempt_at,bt1_0.nonce,bt1_0.receipt_status,bt1_0.settlement_id,bt1_0.signed_raw_transaction,bt1_0.status,bt1_0.to_address,bt1_0.transaction_hash,bt1_0.updated_at,bt1_0.version from blockchain_transaction bt1_0 where bt1_0.status='CREATED' and (bt1_0.next_attempt_at is null or bt1_0.next_attempt_at<=?) order by bt1_0.created_at fetch first ? rows only for no key update of bt1_0
2026-09-11T16:20:45.604+07:00 DEBUG 7844 --- [contract-service] [   scheduling-1] org.hibernate.SQL                        : select bt1_0.id,bt1_0.action,bt1_0.agreement_id,bt1_0.attempt_count,bt1_0.block_hash,bt1_0.block_number,bt1_0.calldata,bt1_0.calldata_hash,bt1_0.chain_id,bt1_0.created_at,bt1_0.dispatch_started_at,bt1_0.error_message,bt1_0.from_address,bt1_0.idempotency_key,bt1_0.next_attempt_at,bt1_0.nonce,bt1_0.receipt_status,bt1_0.settlement_id,bt1_0.signed_raw_transaction,bt1_0.status,bt1_0.to_address,bt1_0.transaction_hash,bt1_0.updated_at,bt1_0.version from blockchain_transaction bt1_0 where bt1_0.status in (?,?) order by bt1_0.updated_at fetch first ? rows only
2026-09-11T16:20:50.969+07:00 DEBUG 7844 --- [contract-service] [   scheduling-1] org.hibernate.SQL                        : select bec1_0.id,bec1_0.chain_id,bec1_0.contract_address,bec1_0.last_confirmed_block,bec1_0.last_confirmed_block_hash,bec1_0.updated_at,bec1_0.version from blockchain_event_cursor bec1_0 where bec1_0.chain_id=? and lower(bec1_0.contract_address)=lower(?) for no key update of bec1_0
2026-09-11T16:20:51.672+07:00 DEBUG 7844 --- [contract-service] [   scheduling-1] org.hibernate.SQL                        : update blockchain_event_cursor set chain_id=?,contract_address=?,last_confirmed_block=?,last_confirmed_block_hash=?,updated_at=?,version=? where id=? and version=?
2026-09-11T16:20:51.681+07:00 DEBUG 7844 --- [contract-service] [   scheduling-1] org.hibernate.SQL                        : select bt1_0.id,bt1_0.action,bt1_0.agreement_id,bt1_0.attempt_count,bt1_0.block_hash,bt1_0.block_number,bt1_0.calldata,bt1_0.calldata_hash,bt1_0.chain_id,bt1_0.created_at,bt1_0.dispatch_started_at,bt1_0.error_message,bt1_0.from_address,bt1_0.idempotency_key,bt1_0.next_attempt_at,bt1_0.nonce,bt1_0.receipt_status,bt1_0.settlement_id,bt1_0.signed_raw_transaction,bt1_0.status,bt1_0.to_address,bt1_0.transaction_hash,bt1_0.updated_at,bt1_0.version from blockchain_transaction bt1_0 where bt1_0.status='CREATED' and (bt1_0.next_attempt_at is null or bt1_0.next_attempt_at<=?) order by bt1_0.created_at fetch first ? rows only for no key update of bt1_0
2026-09-11T16:20:51.684+07:00 DEBUG 7844 --- [contract-service] [   scheduling-1] org.hibernate.SQL                        : select bt1_0.id,bt1_0.action,bt1_0.agreement_id,bt1_0.attempt_count,bt1_0.block_hash,bt1_0.block_number,bt1_0.calldata,bt1_0.calldata_hash,bt1_0.chain_id,bt1_0.created_at,bt1_0.dispatch_started_at,bt1_0.error_message,bt1_0.from_address,bt1_0.idempotency_key,bt1_0.next_attempt_at,bt1_0.nonce,bt1_0.receipt_status,bt1_0.settlement_id,bt1_0.signed_raw_transaction,bt1_0.status,bt1_0.to_address,bt1_0.transaction_hash,bt1_0.updated_at,bt1_0.version from blockchain_transaction bt1_0 where bt1_0.status in (?,?) order by bt1_0.updated_at fetch first ? rows only
2026-09-11T16:20:51.686+07:00 DEBUG 7844 --- [contract-service] [   scheduling-1] org.hibernate.SQL                        : select ss1_0.id,ss1_0.agreement_id,ss1_0.amount,ss1_0.created_at,ss1_0.dispute_deadline,ss1_0.finalize_tx_hash,ss1_0.onchain_session_id,ss1_0.outcome,ss1_0.platform_amount,ss1_0.proposal_evidence_hash,ss1_0.propose_tx_hash,ss1_0.session_id,ss1_0.status,ss1_0.student_refund_amount,ss1_0.tutor_amount,ss1_0.updated_at,ss1_0.version from session_settlement ss1_0 where ss1_0.status=? and ss1_0.dispute_deadline<? order by ss1_0.dispute_deadline fetch first ? rows only
2026-09-11T16:20:57.042+07:00 DEBUG 7844 --- [contract-service] [   scheduling-1] org.hibernate.SQL                        : select bec1_0.id,bec1_0.chain_id,bec1_0.contract_address,bec1_0.last_confirmed_block,bec1_0.last_confirmed_block_hash,bec1_0.updated_at,bec1_0.version from blockchain_event_cursor bec1_0 where bec1_0.chain_id=? and lower(bec1_0.contract_address)=lower(?) for no key update of bec1_0
2026-09-11T16:20:57.247+07:00 DEBUG 7844 --- [contract-service] [   scheduling-1] org.hibernate.SQL                        : select bt1_0.id,bt1_0.action,bt1_0.agreement_id,bt1_0.attempt_count,bt1_0.block_hash,bt1_0.block_number,bt1_0.calldata,bt1_0.calldata_hash,bt1_0.chain_id,bt1_0.created_at,bt1_0.dispatch_started_at,bt1_0.error_message,bt1_0.from_address,bt1_0.idempotency_key,bt1_0.next_attempt_at,bt1_0.nonce,bt1_0.receipt_status,bt1_0.settlement_id,bt1_0.signed_raw_transaction,bt1_0.status,bt1_0.to_address,bt1_0.transaction_hash,bt1_0.updated_at,bt1_0.version from blockchain_transaction bt1_0 where bt1_0.status='CREATED' and (bt1_0.next_attempt_at is null or bt1_0.next_attempt_at<=?) order by bt1_0.created_at fetch first ? rows only for no key update of bt1_0
2026-09-11T16:20:57.250+07:00 DEBUG 7844 --- [contract-service] [   scheduling-1] org.hibernate.SQL                        : select bt1_0.id,bt1_0.action,bt1_0.agreement_id,bt1_0.attempt_count,bt1_0.block_hash,bt1_0.block_number,bt1_0.calldata,bt1_0.calldata_hash,bt1_0.chain_id,bt1_0.created_at,bt1_0.dispatch_started_at,bt1_0.error_message,bt1_0.from_address,bt1_0.idempotency_key,bt1_0.next_attempt_at,bt1_0.nonce,bt1_0.receipt_status,bt1_0.settlement_id,bt1_0.signed_raw_transaction,bt1_0.status,bt1_0.to_address,bt1_0.transaction_hash,bt1_0.updated_at,bt1_0.version from blockchain_transaction bt1_0 where bt1_0.status in (?,?) order by bt1_0.updated_at fetch first ? rows only
2026-09-11T16:21:01.249+07:00 DEBUG 7844 --- [contract-service] [   scheduling-1] org.hibernate.SQL                        : select ca1_0.id,ca1_0.chain_id,ca1_0.class_name,ca1_0.classroom_id,ca1_0.classroom_reviewer_email,ca1_0.contract_version,ca1_0.created_at,ca1_0.escrow_contract_address,ca1_0.onchain_agreement_id,ca1_0.payment_deadline,ca1_0.platform_wallet,ca1_0.price_per_session_usdc_units,ca1_0.status,ca1_0.student_email,ca1_0.student_id,ca1_0.student_name,ca1_0.student_phone,ca1_0.student_wallet,ca1_0.terms_hash,ca1_0.terms_json,ca1_0.token_address,ca1_0.token_decimals,ca1_0.token_symbol,ca1_0.total_amount_usdc_units,ca1_0.total_price_vnd,ca1_0.total_sessions,ca1_0.tutor_email,ca1_0.tutor_id,ca1_0.tutor_name,ca1_0.tutor_phone,ca1_0.tutor_wallet,ca1_0.updated_at,ca1_0.version,ca1_0.vnd_per_usdc from contract_agreement ca1_0 where ca1_0.status=?
2026-09-11T16:21:02.603+07:00 DEBUG 7844 --- [contract-service] [   scheduling-1] org.hibernate.SQL                        : select bec1_0.id,bec1_0.chain_id,bec1_0.contract_address,bec1_0.last_confirmed_block,bec1_0.last_confirmed_block_hash,bec1_0.updated_at,bec1_0.version from blockchain_event_cursor bec1_0 where bec1_0.chain_id=? and lower(bec1_0.contract_address)=lower(?) for no key update of bec1_0
2026-09-11T16:21:03.442+07:00 DEBUG 7844 --- [contract-service] [   scheduling-1] org.hibernate.SQL                        : update blockchain_event_cursor set chain_id=?,contract_address=?,last_confirmed_block=?,last_confirmed_block_hash=?,updated_at=?,version=? where id=? and version=?
2026-09-11T16:21:03.447+07:00 DEBUG 7844 --- [contract-service] [   scheduling-1] org.hibernate.SQL                        : select bt1_0.id,bt1_0.action,bt1_0.agreement_id,bt1_0.attempt_count,bt1_0.block_hash,bt1_0.block_number,bt1_0.calldata,bt1_0.calldata_hash,bt1_0.chain_id,bt1_0.created_at,bt1_0.dispatch_started_at,bt1_0.error_message,bt1_0.from_address,bt1_0.idempotency_key,bt1_0.next_attempt_at,bt1_0.nonce,bt1_0.receipt_status,bt1_0.settlement_id,bt1_0.signed_raw_transaction,bt1_0.status,bt1_0.to_address,bt1_0.transaction_hash,bt1_0.updated_at,bt1_0.version from blockchain_transaction bt1_0 where bt1_0.status='CREATED' and (bt1_0.next_attempt_at is null or bt1_0.next_attempt_at<=?) order by bt1_0.created_at fetch first ? rows only for no key update of bt1_0
2026-09-11T16:21:03.450+07:00 DEBUG 7844 --- [contract-service] [   scheduling-1] org.hibernate.SQL                        : select bt1_0.id,bt1_0.action,bt1_0.agreement_id,bt1_0.attempt_count,bt1_0.block_hash,bt1_0.block_number,bt1_0.calldata,bt1_0.calldata_hash,bt1_0.chain_id,bt1_0.created_at,bt1_0.dispatch_started_at,bt1_0.error_message,bt1_0.from_address,bt1_0.idempotency_key,bt1_0.next_attempt_at,bt1_0.nonce,bt1_0.receipt_status,bt1_0.settlement_id,bt1_0.signed_raw_transaction,bt1_0.status,bt1_0.to_address,bt1_0.transaction_hash,bt1_0.updated_at,bt1_0.version from blockchain_transaction bt1_0 where bt1_0.status in (?,?) order by bt1_0.updated_at fetch first ? rows only
2026-09-11T16:21:08.791+07:00 DEBUG 7844 --- [contract-service] [   scheduling-1] org.hibernate.SQL                        : select bec1_0.id,bec1_0.chain_id,bec1_0.contract_address,bec1_0.last_confirmed_block,bec1_0.last_confirmed_block_hash,bec1_0.updated_at,bec1_0.version from blockchain_event_cursor bec1_0 where bec1_0.chain_id=? and lower(bec1_0.contract_address)=lower(?) for no key update of bec1_0
2026-09-11T16:21:08.962+07:00 DEBUG 7844 --- [contract-service] [   scheduling-1] org.hibernate.SQL                        : select bt1_0.id,bt1_0.action,bt1_0.agreement_id,bt1_0.attempt_count,bt1_0.block_hash,bt1_0.block_number,bt1_0.calldata,bt1_0.calldata_hash,bt1_0.chain_id,bt1_0.created_at,bt1_0.dispatch_started_at,bt1_0.error_message,bt1_0.from_address,bt1_0.idempotency_key,bt1_0.next_attempt_at,bt1_0.nonce,bt1_0.receipt_status,bt1_0.settlement_id,bt1_0.signed_raw_transaction,bt1_0.status,bt1_0.to_address,bt1_0.transaction_hash,bt1_0.updated_at,bt1_0.version from blockchain_transaction bt1_0 where bt1_0.status='CREATED' and (bt1_0.next_attempt_at is null or bt1_0.next_attempt_at<=?) order by bt1_0.created_at fetch first ? rows only for no key update of bt1_0
2026-09-11T16:21:08.965+07:00 DEBUG 7844 --- [contract-service] [   scheduling-1] org.hibernate.SQL                        : select bt1_0.id,bt1_0.action,bt1_0.agreement_id,bt1_0.attempt_count,bt1_0.block_hash,bt1_0.block_number,bt1_0.calldata,bt1_0.calldata_hash,bt1_0.chain_id,bt1_0.created_at,bt1_0.dispatch_started_at,bt1_0.error_message,bt1_0.from_address,bt1_0.idempotency_key,bt1_0.next_attempt_at,bt1_0.nonce,bt1_0.receipt_status,bt1_0.settlement_id,bt1_0.signed_raw_transaction,bt1_0.status,bt1_0.to_address,bt1_0.transaction_hash,bt1_0.updated_at,bt1_0.version from blockchain_transaction bt1_0 where bt1_0.status in (?,?) order by bt1_0.updated_at fetch first ? rows only
2026-09-11T16:21:14.336+07:00 DEBUG 7844 --- [contract-service] [   scheduling-1] org.hibernate.SQL                        : select bec1_0.id,bec1_0.chain_id,bec1_0.contract_address,bec1_0.last_confirmed_block,bec1_0.last_confirmed_block_hash,bec1_0.updated_at,bec1_0.version from blockchain_event_cursor bec1_0 where bec1_0.chain_id=? and lower(bec1_0.contract_address)=lower(?) for no key update of bec1_0
2026-09-11T16:21:15.012+07:00 DEBUG 7844 --- [contract-service] [   scheduling-1] org.hibernate.SQL                        : update blockchain_event_cursor set chain_id=?,contract_address=?,last_confirmed_block=?,last_confirmed_block_hash=?,updated_at=?,version=? where id=? and version=?
2026-09-11T16:21:15.017+07:00 DEBUG 7844 --- [contract-service] [   scheduling-1] org.hibernate.SQL                        : select bt1_0.id,bt1_0.action,bt1_0.agreement_id,bt1_0.attempt_count,bt1_0.block_hash,bt1_0.block_number,bt1_0.calldata,bt1_0.calldata_hash,bt1_0.chain_id,bt1_0.created_at,bt1_0.dispatch_started_at,bt1_0.error_message,bt1_0.from_address,bt1_0.idempotency_key,bt1_0.next_attempt_at,bt1_0.nonce,bt1_0.receipt_status,bt1_0.settlement_id,bt1_0.signed_raw_transaction,bt1_0.status,bt1_0.to_address,bt1_0.transaction_hash,bt1_0.updated_at,bt1_0.version from blockchain_transaction bt1_0 where bt1_0.status='CREATED' and (bt1_0.next_attempt_at is null or bt1_0.next_attempt_at<=?) order by bt1_0.created_at fetch first ? rows only for no key update of bt1_0
2026-09-11T16:21:15.019+07:00 DEBUG 7844 --- [contract-service] [   scheduling-1] org.hibernate.SQL                        : select bt1_0.id,bt1_0.action,bt1_0.agreement_id,bt1_0.attempt_count,bt1_0.block_hash,bt1_0.block_number,bt1_0.calldata,bt1_0.calldata_hash,bt1_0.chain_id,bt1_0.created_at,bt1_0.dispatch_started_at,bt1_0.error_message,bt1_0.from_address,bt1_0.idempotency_key,bt1_0.next_attempt_at,bt1_0.nonce,bt1_0.receipt_status,bt1_0.settlement_id,bt1_0.signed_raw_transaction,bt1_0.status,bt1_0.to_address,bt1_0.transaction_hash,bt1_0.updated_at,bt1_0.version from blockchain_transaction bt1_0 where bt1_0.status in (?,?) order by bt1_0.updated_at fetch first ? rows only
2026-09-11T16:21:20.374+07:00 DEBUG 7844 --- [contract-service] [   scheduling-1] org.hibernate.SQL                        : select bec1_0.id,bec1_0.chain_id,bec1_0.contract_address,bec1_0.last_confirmed_block,bec1_0.last_confirmed_block_hash,bec1_0.updated_at,bec1_0.version from blockchain_event_cursor bec1_0 where bec1_0.chain_id=? and lower(bec1_0.contract_address)=lower(?) for no key update of bec1_0
2026-09-11T16:21:20.554+07:00 DEBUG 7844 --- [contract-service] [   scheduling-1] org.hibernate.SQL                        : select bt1_0.id,bt1_0.action,bt1_0.agreement_id,bt1_0.attempt_count,bt1_0.block_hash,bt1_0.block_number,bt1_0.calldata,bt1_0.calldata_hash,bt1_0.chain_id,bt1_0.created_at,bt1_0.dispatch_started_at,bt1_0.error_message,bt1_0.from_address,bt1_0.idempotency_key,bt1_0.next_attempt_at,bt1_0.nonce,bt1_0.receipt_status,bt1_0.settlement_id,bt1_0.signed_raw_transaction,bt1_0.status,bt1_0.to_address,bt1_0.transaction_hash,bt1_0.updated_at,bt1_0.version from blockchain_transaction bt1_0 where bt1_0.status='CREATED' and (bt1_0.next_attempt_at is null or bt1_0.next_attempt_at<=?) order by bt1_0.created_at fetch first ? rows only for no key update of bt1_0
2026-09-11T16:21:20.557+07:00 DEBUG 7844 --- [contract-service] [   scheduling-1] org.hibernate.SQL                        : select bt1_0.id,bt1_0.action,bt1_0.agreement_id,bt1_0.attempt_count,bt1_0.block_hash,bt1_0.block_number,bt1_0.calldata,bt1_0.calldata_hash,bt1_0.chain_id,bt1_0.created_at,bt1_0.dispatch_started_at,bt1_0.error_message,bt1_0.from_address,bt1_0.idempotency_key,bt1_0.next_attempt_at,bt1_0.nonce,bt1_0.receipt_status,bt1_0.settlement_id,bt1_0.signed_raw_transaction,bt1_0.status,bt1_0.to_address,bt1_0.transaction_hash,bt1_0.updated_at,bt1_0.version from blockchain_transaction bt1_0 where bt1_0.status in (?,?) order by bt1_0.updated_at fetch first ? rows only
2026-09-11T16:21:25.906+07:00 DEBUG 7844 --- [contract-service] [   scheduling-1] org.hibernate.SQL                        : select bec1_0.id,bec1_0.chain_id,bec1_0.contract_address,bec1_0.last_confirmed_block,bec1_0.last_confirmed_block_hash,bec1_0.updated_at,bec1_0.version from blockchain_event_cursor bec1_0 where bec1_0.chain_id=? and lower(bec1_0.contract_address)=lower(?) for no key update of bec1_0
2026-09-11T16:21:26.082+07:00 DEBUG 7844 --- [contract-service] [   scheduling-1] org.hibernate.SQL                        : select bt1_0.id,bt1_0.action,bt1_0.agreement_id,bt1_0.attempt_count,bt1_0.block_hash,bt1_0.block_number,bt1_0.calldata,bt1_0.calldata_hash,bt1_0.chain_id,bt1_0.created_at,bt1_0.dispatch_started_at,bt1_0.error_message,bt1_0.from_address,bt1_0.idempotency_key,bt1_0.next_attempt_at,bt1_0.nonce,bt1_0.receipt_status,bt1_0.settlement_id,bt1_0.signed_raw_transaction,bt1_0.status,bt1_0.to_address,bt1_0.transaction_hash,bt1_0.updated_at,bt1_0.version from blockchain_transaction bt1_0 where bt1_0.status='CREATED' and (bt1_0.next_attempt_at is null or bt1_0.next_attempt_at<=?) order by bt1_0.created_at fetch first ? rows only for no key update of bt1_0
2026-09-11T16:21:26.085+07:00 DEBUG 7844 --- [contract-service] [   scheduling-1] org.hibernate.SQL                        : select bt1_0.id,bt1_0.action,bt1_0.agreement_id,bt1_0.attempt_count,bt1_0.block_hash,bt1_0.block_number,bt1_0.calldata,bt1_0.calldata_hash,bt1_0.chain_id,bt1_0.created_at,bt1_0.dispatch_started_at,bt1_0.error_message,bt1_0.from_address,bt1_0.idempotency_key,bt1_0.next_attempt_at,bt1_0.nonce,bt1_0.receipt_status,bt1_0.settlement_id,bt1_0.signed_raw_transaction,bt1_0.status,bt1_0.to_address,bt1_0.transaction_hash,bt1_0.updated_at,bt1_0.version from blockchain_transaction bt1_0 where bt1_0.status in (?,?) order by bt1_0.updated_at fetch first ? rows only
2026-09-11T16:21:30.674+07:00 DEBUG 7844 --- [contract-service] [   scheduling-1] org.hibernate.SQL                        : select ca1_0.id,ca1_0.chain_id,ca1_0.class_name,ca1_0.classroom_id,ca1_0.classroom_reviewer_email,ca1_0.contract_version,ca1_0.created_at,ca1_0.escrow_contract_address,ca1_0.onchain_agreement_id,ca1_0.payment_deadline,ca1_0.platform_wallet,ca1_0.price_per_session_usdc_units,ca1_0.status,ca1_0.student_email,ca1_0.student_id,ca1_0.student_name,ca1_0.student_phone,ca1_0.student_wallet,ca1_0.terms_hash,ca1_0.terms_json,ca1_0.token_address,ca1_0.token_decimals,ca1_0.token_symbol,ca1_0.total_amount_usdc_units,ca1_0.total_price_vnd,ca1_0.total_sessions,ca1_0.tutor_email,ca1_0.tutor_id,ca1_0.tutor_name,ca1_0.tutor_phone,ca1_0.tutor_wallet,ca1_0.updated_at,ca1_0.version,ca1_0.vnd_per_usdc from contract_agreement ca1_0 where ca1_0.status=? and ca1_0.payment_deadline<?
2026-09-11T16:21:31.428+07:00 DEBUG 7844 --- [contract-service] [   scheduling-1] org.hibernate.SQL                        : select bec1_0.id,bec1_0.chain_id,bec1_0.contract_address,bec1_0.last_confirmed_block,bec1_0.last_confirmed_block_hash,bec1_0.updated_at,bec1_0.version from blockchain_event_cursor bec1_0 where bec1_0.chain_id=? and lower(bec1_0.contract_address)=lower(?) for no key update of bec1_0
2026-09-11T16:21:32.110+07:00 DEBUG 7844 --- [contract-service] [   scheduling-1] org.hibernate.SQL                        : update blockchain_event_cursor set chain_id=?,contract_address=?,last_confirmed_block=?,last_confirmed_block_hash=?,updated_at=?,version=? where id=? and version=?
2026-09-11T16:21:32.116+07:00 DEBUG 7844 --- [contract-service] [   scheduling-1] org.hibernate.SQL                        : select bt1_0.id,bt1_0.action,bt1_0.agreement_id,bt1_0.attempt_count,bt1_0.block_hash,bt1_0.block_number,bt1_0.calldata,bt1_0.calldata_hash,bt1_0.chain_id,bt1_0.created_at,bt1_0.dispatch_started_at,bt1_0.error_message,bt1_0.from_address,bt1_0.idempotency_key,bt1_0.next_attempt_at,bt1_0.nonce,bt1_0.receipt_status,bt1_0.settlement_id,bt1_0.signed_raw_transaction,bt1_0.status,bt1_0.to_address,bt1_0.transaction_hash,bt1_0.updated_at,bt1_0.version from blockchain_transaction bt1_0 where bt1_0.status='CREATED' and (bt1_0.next_attempt_at is null or bt1_0.next_attempt_at<=?) order by bt1_0.created_at fetch first ? rows only for no key update of bt1_0
2026-09-11T16:21:32.120+07:00 DEBUG 7844 --- [contract-service] [   scheduling-1] org.hibernate.SQL                        : select bt1_0.id,bt1_0.action,bt1_0.agreement_id,bt1_0.attempt_count,bt1_0.block_hash,bt1_0.block_number,bt1_0.calldata,bt1_0.calldata_hash,bt1_0.chain_id,bt1_0.created_at,bt1_0.dispatch_started_at,bt1_0.error_message,bt1_0.from_address,bt1_0.idempotency_key,bt1_0.next_attempt_at,bt1_0.nonce,bt1_0.receipt_status,bt1_0.settlement_id,bt1_0.signed_raw_transaction,bt1_0.status,bt1_0.to_address,bt1_0.transaction_hash,bt1_0.updated_at,bt1_0.version from blockchain_transaction bt1_0 where bt1_0.status in (?,?) order by bt1_0.updated_at fetch first ? rows only
2026-09-11T16:21:32.121+07:00 DEBUG 7844 --- [contract-service] [   scheduling-1] org.hibernate.SQL                        : select ca1_0.id,ca1_0.chain_id,ca1_0.class_name,ca1_0.classroom_id,ca1_0.classroom_reviewer_email,ca1_0.contract_version,ca1_0.created_at,ca1_0.escrow_contract_address,ca1_0.onchain_agreement_id,ca1_0.payment_deadline,ca1_0.platform_wallet,ca1_0.price_per_session_usdc_units,ca1_0.status,ca1_0.student_email,ca1_0.student_id,ca1_0.student_name,ca1_0.student_phone,ca1_0.student_wallet,ca1_0.terms_hash,ca1_0.terms_json,ca1_0.token_address,ca1_0.token_decimals,ca1_0.token_symbol,ca1_0.total_amount_usdc_units,ca1_0.total_price_vnd,ca1_0.total_sessions,ca1_0.tutor_email,ca1_0.tutor_id,ca1_0.tutor_name,ca1_0.tutor_phone,ca1_0.tutor_wallet,ca1_0.updated_at,ca1_0.version,ca1_0.vnd_per_usdc from contract_agreement ca1_0 where ca1_0.status=?
2026-09-11T16:21:37.475+07:00 DEBUG 7844 --- [contract-service] [   scheduling-1] org.hibernate.SQL                        : select bec1_0.id,bec1_0.chain_id,bec1_0.contract_address,bec1_0.last_confirmed_block,bec1_0.last_confirmed_block_hash,bec1_0.updated_at,bec1_0.version from blockchain_event_cursor bec1_0 where bec1_0.chain_id=? and lower(bec1_0.contract_address)=lower(?) for no key update of bec1_0
2026-09-11T16:21:38.345+07:00 DEBUG 7844 --- [contract-service] [   scheduling-1] org.hibernate.SQL                        : update blockchain_event_cursor set chain_id=?,contract_address=?,last_confirmed_block=?,last_confirmed_block_hash=?,updated_at=?,version=? where id=? and version=?
2026-09-11T16:21:38.350+07:00 DEBUG 7844 --- [contract-service] [   scheduling-1] org.hibernate.SQL                        : select bt1_0.id,bt1_0.action,bt1_0.agreement_id,bt1_0.attempt_count,bt1_0.block_hash,bt1_0.block_number,bt1_0.calldata,bt1_0.calldata_hash,bt1_0.chain_id,bt1_0.created_at,bt1_0.dispatch_started_at,bt1_0.error_message,bt1_0.from_address,bt1_0.idempotency_key,bt1_0.next_attempt_at,bt1_0.nonce,bt1_0.receipt_status,bt1_0.settlement_id,bt1_0.signed_raw_transaction,bt1_0.status,bt1_0.to_address,bt1_0.transaction_hash,bt1_0.updated_at,bt1_0.version from blockchain_transaction bt1_0 where bt1_0.status='CREATED' and (bt1_0.next_attempt_at is null or bt1_0.next_attempt_at<=?) order by bt1_0.created_at fetch first ? rows only for no key update of bt1_0
2026-09-11T16:21:38.352+07:00 DEBUG 7844 --- [contract-service] [   scheduling-1] org.hibernate.SQL                        : select bt1_0.id,bt1_0.action,bt1_0.agreement_id,bt1_0.attempt_count,bt1_0.block_hash,bt1_0.block_number,bt1_0.calldata,bt1_0.calldata_hash,bt1_0.chain_id,bt1_0.created_at,bt1_0.dispatch_started_at,bt1_0.error_message,bt1_0.from_address,bt1_0.idempotency_key,bt1_0.next_attempt_at,bt1_0.nonce,bt1_0.receipt_status,bt1_0.settlement_id,bt1_0.signed_raw_transaction,bt1_0.status,bt1_0.to_address,bt1_0.transaction_hash,bt1_0.updated_at,bt1_0.version from blockchain_transaction bt1_0 where bt1_0.status in (?,?) order by bt1_0.updated_at fetch first ? rows only
2026-09-11T16:21:43.706+07:00 DEBUG 7844 --- [contract-service] [   scheduling-1] org.hibernate.SQL                        : select bec1_0.id,bec1_0.chain_id,bec1_0.contract_address,bec1_0.last_confirmed_block,bec1_0.last_confirmed_block_hash,bec1_0.updated_at,bec1_0.version from blockchain_event_cursor bec1_0 where bec1_0.chain_id=? and lower(bec1_0.contract_address)=lower(?) for no key update of bec1_0
2026-09-11T16:21:43.879+07:00 DEBUG 7844 --- [contract-service] [   scheduling-1] org.hibernate.SQL                        : select bt1_0.id,bt1_0.action,bt1_0.agreement_id,bt1_0.attempt_count,bt1_0.block_hash,bt1_0.block_number,bt1_0.calldata,bt1_0.calldata_hash,bt1_0.chain_id,bt1_0.created_at,bt1_0.dispatch_started_at,bt1_0.error_message,bt1_0.from_address,bt1_0.idempotency_key,bt1_0.next_attempt_at,bt1_0.nonce,bt1_0.receipt_status,bt1_0.settlement_id,bt1_0.signed_raw_transaction,bt1_0.status,bt1_0.to_address,bt1_0.transaction_hash,bt1_0.updated_at,bt1_0.version from blockchain_transaction bt1_0 where bt1_0.status='CREATED' and (bt1_0.next_attempt_at is null or bt1_0.next_attempt_at<=?) order by bt1_0.created_at fetch first ? rows only for no key update of bt1_0
2026-09-11T16:21:43.884+07:00 DEBUG 7844 --- [contract-service] [   scheduling-1] org.hibernate.SQL                        : select bt1_0.id,bt1_0.action,bt1_0.agreement_id,bt1_0.attempt_count,bt1_0.block_hash,bt1_0.block_number,bt1_0.calldata,bt1_0.calldata_hash,bt1_0.chain_id,bt1_0.created_at,bt1_0.dispatch_started_at,bt1_0.error_message,bt1_0.from_address,bt1_0.idempotency_key,bt1_0.next_attempt_at,bt1_0.nonce,bt1_0.receipt_status,bt1_0.settlement_id,bt1_0.signed_raw_transaction,bt1_0.status,bt1_0.to_address,bt1_0.transaction_hash,bt1_0.updated_at,bt1_0.version from blockchain_transaction bt1_0 where bt1_0.status in (?,?) order by bt1_0.updated_at fetch first ? rows only
2026-09-11T16:21:49.237+07:00 DEBUG 7844 --- [contract-service] [   scheduling-1] org.hibernate.SQL                        : select bec1_0.id,bec1_0.chain_id,bec1_0.contract_address,bec1_0.last_confirmed_block,bec1_0.last_confirmed_block_hash,bec1_0.updated_at,bec1_0.version from blockchain_event_cursor bec1_0 where bec1_0.chain_id=? and lower(bec1_0.contract_address)=lower(?) for no key update of bec1_0
2026-09-11T16:21:49.433+07:00 DEBUG 7844 --- [contract-service] [   scheduling-1] org.hibernate.SQL                        : select bt1_0.id,bt1_0.action,bt1_0.agreement_id,bt1_0.attempt_count,bt1_0.block_hash,bt1_0.block_number,bt1_0.calldata,bt1_0.calldata_hash,bt1_0.chain_id,bt1_0.created_at,bt1_0.dispatch_started_at,bt1_0.error_message,bt1_0.from_address,bt1_0.idempotency_key,bt1_0.next_attempt_at,bt1_0.nonce,bt1_0.receipt_status,bt1_0.settlement_id,bt1_0.signed_raw_transaction,bt1_0.status,bt1_0.to_address,bt1_0.transaction_hash,bt1_0.updated_at,bt1_0.version from blockchain_transaction bt1_0 where bt1_0.status='CREATED' and (bt1_0.next_attempt_at is null or bt1_0.next_attempt_at<=?) order by bt1_0.created_at fetch first ? rows only for no key update of bt1_0
2026-09-11T16:21:49.445+07:00 DEBUG 7844 --- [contract-service] [   scheduling-1] org.hibernate.SQL                        : select bt1_0.id,bt1_0.action,bt1_0.agreement_id,bt1_0.attempt_count,bt1_0.block_hash,bt1_0.block_number,bt1_0.calldata,bt1_0.calldata_hash,bt1_0.chain_id,bt1_0.created_at,bt1_0.dispatch_started_at,bt1_0.error_message,bt1_0.from_address,bt1_0.idempotency_key,bt1_0.next_attempt_at,bt1_0.nonce,bt1_0.receipt_status,bt1_0.settlement_id,bt1_0.signed_raw_transaction,bt1_0.status,bt1_0.to_address,bt1_0.transaction_hash,bt1_0.updated_at,bt1_0.version from blockchain_transaction bt1_0 where bt1_0.status in (?,?) order by bt1_0.updated_at fetch first ? rows only
2026-09-11T16:21:51.699+07:00 DEBUG 7844 --- [contract-service] [   scheduling-1] org.hibernate.SQL                        : select ss1_0.id,ss1_0.agreement_id,ss1_0.amount,ss1_0.created_at,ss1_0.dispute_deadline,ss1_0.finalize_tx_hash,ss1_0.onchain_session_id,ss1_0.outcome,ss1_0.platform_amount,ss1_0.proposal_evidence_hash,ss1_0.propose_tx_hash,ss1_0.session_id,ss1_0.status,ss1_0.student_refund_amount,ss1_0.tutor_amount,ss1_0.updated_at,ss1_0.version from session_settlement ss1_0 where ss1_0.status=? and ss1_0.dispute_deadline<? order by ss1_0.dispute_deadline fetch first ? rows only
2026-09-11T16:21:54.789+07:00 DEBUG 7844 --- [contract-service] [   scheduling-1] org.hibernate.SQL                        : select bec1_0.id,bec1_0.chain_id,bec1_0.contract_address,bec1_0.last_confirmed_block,bec1_0.last_confirmed_block_hash,bec1_0.updated_at,bec1_0.version from blockchain_event_cursor bec1_0 where bec1_0.chain_id=? and lower(bec1_0.contract_address)=lower(?) for no key update of bec1_0
2026-09-11T16:21:55.483+07:00 DEBUG 7844 --- [contract-service] [   scheduling-1] org.hibernate.SQL                        : update blockchain_event_cursor set chain_id=?,contract_address=?,last_confirmed_block=?,last_confirmed_block_hash=?,updated_at=?,version=? where id=? and version=?
2026-09-11T16:21:55.487+07:00 DEBUG 7844 --- [contract-service] [   scheduling-1] org.hibernate.SQL                        : select bt1_0.id,bt1_0.action,bt1_0.agreement_id,bt1_0.attempt_count,bt1_0.block_hash,bt1_0.block_number,bt1_0.calldata,bt1_0.calldata_hash,bt1_0.chain_id,bt1_0.created_at,bt1_0.dispatch_started_at,bt1_0.error_message,bt1_0.from_address,bt1_0.idempotency_key,bt1_0.next_attempt_at,bt1_0.nonce,bt1_0.receipt_status,bt1_0.settlement_id,bt1_0.signed_raw_transaction,bt1_0.status,bt1_0.to_address,bt1_0.transaction_hash,bt1_0.updated_at,bt1_0.version from blockchain_transaction bt1_0 where bt1_0.status='CREATED' and (bt1_0.next_attempt_at is null or bt1_0.next_attempt_at<=?) order by bt1_0.created_at fetch first ? rows only for no key update of bt1_0
2026-09-11T16:21:55.494+07:00 DEBUG 7844 --- [contract-service] [   scheduling-1] org.hibernate.SQL                        : select bt1_0.id,bt1_0.action,bt1_0.agreement_id,bt1_0.attempt_count,bt1_0.block_hash,bt1_0.block_number,bt1_0.calldata,bt1_0.calldata_hash,bt1_0.chain_id,bt1_0.created_at,bt1_0.dispatch_started_at,bt1_0.error_message,bt1_0.from_address,bt1_0.idempotency_key,bt1_0.next_attempt_at,bt1_0.nonce,bt1_0.receipt_status,bt1_0.settlement_id,bt1_0.signed_raw_transaction,bt1_0.status,bt1_0.to_address,bt1_0.transaction_hash,bt1_0.updated_at,bt1_0.version from blockchain_transaction bt1_0 where bt1_0.status in (?,?) order by bt1_0.updated_at fetch first ? rows only
2026-09-11T16:22:00.845+07:00 DEBUG 7844 --- [contract-service] [   scheduling-1] org.hibernate.SQL                        : select bec1_0.id,bec1_0.chain_id,bec1_0.contract_address,bec1_0.last_confirmed_block,bec1_0.last_confirmed_block_hash,bec1_0.updated_at,bec1_0.version from blockchain_event_cursor bec1_0 where bec1_0.chain_id=? and lower(bec1_0.contract_address)=lower(?) for no key update of bec1_0
2026-09-11T16:22:01.018+07:00 DEBUG 7844 --- [contract-service] [   scheduling-1] org.hibernate.SQL                        : select bt1_0.id,bt1_0.action,bt1_0.agreement_id,bt1_0.attempt_count,bt1_0.block_hash,bt1_0.block_number,bt1_0.calldata,bt1_0.calldata_hash,bt1_0.chain_id,bt1_0.created_at,bt1_0.dispatch_started_at,bt1_0.error_message,bt1_0.from_address,bt1_0.idempotency_key,bt1_0.next_attempt_at,bt1_0.nonce,bt1_0.receipt_status,bt1_0.settlement_id,bt1_0.signed_raw_transaction,bt1_0.status,bt1_0.to_address,bt1_0.transaction_hash,bt1_0.updated_at,bt1_0.version from blockchain_transaction bt1_0 where bt1_0.status='CREATED' and (bt1_0.next_attempt_at is null or bt1_0.next_attempt_at<=?) order by bt1_0.created_at fetch first ? rows only for no key update of bt1_0
2026-09-11T16:22:01.021+07:00 DEBUG 7844 --- [contract-service] [   scheduling-1] org.hibernate.SQL                        : select bt1_0.id,bt1_0.action,bt1_0.agreement_id,bt1_0.attempt_count,bt1_0.block_hash,bt1_0.block_number,bt1_0.calldata,bt1_0.calldata_hash,bt1_0.chain_id,bt1_0.created_at,bt1_0.dispatch_started_at,bt1_0.error_message,bt1_0.from_address,bt1_0.idempotency_key,bt1_0.next_attempt_at,bt1_0.nonce,bt1_0.receipt_status,bt1_0.settlement_id,bt1_0.signed_raw_transaction,bt1_0.status,bt1_0.to_address,bt1_0.transaction_hash,bt1_0.updated_at,bt1_0.version from blockchain_transaction bt1_0 where bt1_0.status in (?,?) order by bt1_0.updated_at fetch first ? rows only
2026-09-11T16:22:02.133+07:00 DEBUG 7844 --- [contract-service] [   scheduling-1] org.hibernate.SQL                        : select ca1_0.id,ca1_0.chain_id,ca1_0.class_name,ca1_0.classroom_id,ca1_0.classroom_reviewer_email,ca1_0.contract_version,ca1_0.created_at,ca1_0.escrow_contract_address,ca1_0.onchain_agreement_id,ca1_0.payment_deadline,ca1_0.platform_wallet,ca1_0.price_per_session_usdc_units,ca1_0.status,ca1_0.student_email,ca1_0.student_id,ca1_0.student_name,ca1_0.student_phone,ca1_0.student_wallet,ca1_0.terms_hash,ca1_0.terms_json,ca1_0.token_address,ca1_0.token_decimals,ca1_0.token_symbol,ca1_0.total_amount_usdc_units,ca1_0.total_price_vnd,ca1_0.total_sessions,ca1_0.tutor_email,ca1_0.tutor_id,ca1_0.tutor_name,ca1_0.tutor_phone,ca1_0.tutor_wallet,ca1_0.updated_at,ca1_0.version,ca1_0.vnd_per_usdc from contract_agreement ca1_0 where ca1_0.status=?
2026-09-11T16:22:06.374+07:00 DEBUG 7844 --- [contract-service] [   scheduling-1] org.hibernate.SQL                        : select bec1_0.id,bec1_0.chain_id,bec1_0.contract_address,bec1_0.last_confirmed_block,bec1_0.last_confirmed_block_hash,bec1_0.updated_at,bec1_0.version from blockchain_event_cursor bec1_0 where bec1_0.chain_id=? and lower(bec1_0.contract_address)=lower(?) for no key update of bec1_0
2026-09-11T16:22:07.070+07:00 DEBUG 7844 --- [contract-service] [   scheduling-1] org.hibernate.SQL                        : update blockchain_event_cursor set chain_id=?,contract_address=?,last_confirmed_block=?,last_confirmed_block_hash=?,updated_at=?,version=? where id=? and version=?
2026-09-11T16:22:07.074+07:00 DEBUG 7844 --- [contract-service] [   scheduling-1] org.hibernate.SQL                        : select bt1_0.id,bt1_0.action,bt1_0.agreement_id,bt1_0.attempt_count,bt1_0.block_hash,bt1_0.block_number,bt1_0.calldata,bt1_0.calldata_hash,bt1_0.chain_id,bt1_0.created_at,bt1_0.dispatch_started_at,bt1_0.error_message,bt1_0.from_address,bt1_0.idempotency_key,bt1_0.next_attempt_at,bt1_0.nonce,bt1_0.receipt_status,bt1_0.settlement_id,bt1_0.signed_raw_transaction,bt1_0.status,bt1_0.to_address,bt1_0.transaction_hash,bt1_0.updated_at,bt1_0.version from blockchain_transaction bt1_0 where bt1_0.status='CREATED' and (bt1_0.next_attempt_at is null or bt1_0.next_attempt_at<=?) order by bt1_0.created_at fetch first ? rows only for no key update of bt1_0
2026-09-11T16:22:07.077+07:00 DEBUG 7844 --- [contract-service] [   scheduling-1] org.hibernate.SQL                        : select bt1_0.id,bt1_0.action,bt1_0.agreement_id,bt1_0.attempt_count,bt1_0.block_hash,bt1_0.block_number,bt1_0.calldata,bt1_0.calldata_hash,bt1_0.chain_id,bt1_0.created_at,bt1_0.dispatch_started_at,bt1_0.error_message,bt1_0.from_address,bt1_0.idempotency_key,bt1_0.next_attempt_at,bt1_0.nonce,bt1_0.receipt_status,bt1_0.settlement_id,bt1_0.signed_raw_transaction,bt1_0.status,bt1_0.to_address,bt1_0.transaction_hash,bt1_0.updated_at,bt1_0.version from blockchain_transaction bt1_0 where bt1_0.status in (?,?) order by bt1_0.updated_at fetch first ? rows only
2026-09-11T16:22:12.437+07:00 DEBUG 7844 --- [contract-service] [   scheduling-1] org.hibernate.SQL                        : select bec1_0.id,bec1_0.chain_id,bec1_0.contract_address,bec1_0.last_confirmed_block,bec1_0.last_confirmed_block_hash,bec1_0.updated_at,bec1_0.version from blockchain_event_cursor bec1_0 where bec1_0.chain_id=? and lower(bec1_0.contract_address)=lower(?) for no key update of bec1_0
2026-09-11T16:22:12.621+07:00 DEBUG 7844 --- [contract-service] [   scheduling-1] org.hibernate.SQL                        : select bt1_0.id,bt1_0.action,bt1_0.agreement_id,bt1_0.attempt_count,bt1_0.block_hash,bt1_0.block_number,bt1_0.calldata,bt1_0.calldata_hash,bt1_0.chain_id,bt1_0.created_at,bt1_0.dispatch_started_at,bt1_0.error_message,bt1_0.from_address,bt1_0.idempotency_key,bt1_0.next_attempt_at,bt1_0.nonce,bt1_0.receipt_status,bt1_0.settlement_id,bt1_0.signed_raw_transaction,bt1_0.status,bt1_0.to_address,bt1_0.transaction_hash,bt1_0.updated_at,bt1_0.version from blockchain_transaction bt1_0 where bt1_0.status='CREATED' and (bt1_0.next_attempt_at is null or bt1_0.next_attempt_at<=?) order by bt1_0.created_at fetch first ? rows only for no key update of bt1_0
2026-09-11T16:22:12.624+07:00 DEBUG 7844 --- [contract-service] [   scheduling-1] org.hibernate.SQL                        : select bt1_0.id,bt1_0.action,bt1_0.agreement_id,bt1_0.attempt_count,bt1_0.block_hash,bt1_0.block_number,bt1_0.calldata,bt1_0.calldata_hash,bt1_0.chain_id,bt1_0.created_at,bt1_0.dispatch_started_at,bt1_0.error_message,bt1_0.from_address,bt1_0.idempotency_key,bt1_0.next_attempt_at,bt1_0.nonce,bt1_0.receipt_status,bt1_0.settlement_id,bt1_0.signed_raw_transaction,bt1_0.status,bt1_0.to_address,bt1_0.transaction_hash,bt1_0.updated_at,bt1_0.version from blockchain_transaction bt1_0 where bt1_0.status in (?,?) order by bt1_0.updated_at fetch first ? rows only
2026-09-11T16:22:17.989+07:00 DEBUG 7844 --- [contract-service] [   scheduling-1] org.hibernate.SQL                        : select bec1_0.id,bec1_0.chain_id,bec1_0.contract_address,bec1_0.last_confirmed_block,bec1_0.last_confirmed_block_hash,bec1_0.updated_at,bec1_0.version from blockchain_event_cursor bec1_0 where bec1_0.chain_id=? and lower(bec1_0.contract_address)=lower(?) for no key update of bec1_0
2026-09-11T16:22:18.729+07:00 DEBUG 7844 --- [contract-service] [   scheduling-1] org.hibernate.SQL                        : update blockchain_event_cursor set chain_id=?,contract_address=?,last_confirmed_block=?,last_confirmed_block_hash=?,updated_at=?,version=? where id=? and version=?
2026-09-11T16:22:18.733+07:00 DEBUG 7844 --- [contract-service] [   scheduling-1] org.hibernate.SQL                        : select bt1_0.id,bt1_0.action,bt1_0.agreement_id,bt1_0.attempt_count,bt1_0.block_hash,bt1_0.block_number,bt1_0.calldata,bt1_0.calldata_hash,bt1_0.chain_id,bt1_0.created_at,bt1_0.dispatch_started_at,bt1_0.error_message,bt1_0.from_address,bt1_0.idempotency_key,bt1_0.next_attempt_at,bt1_0.nonce,bt1_0.receipt_status,bt1_0.settlement_id,bt1_0.signed_raw_transaction,bt1_0.status,bt1_0.to_address,bt1_0.transaction_hash,bt1_0.updated_at,bt1_0.version from blockchain_transaction bt1_0 where bt1_0.status='CREATED' and (bt1_0.next_attempt_at is null or bt1_0.next_attempt_at<=?) order by bt1_0.created_at fetch first ? rows only for no key update of bt1_0
2026-09-11T16:22:18.736+07:00 DEBUG 7844 --- [contract-service] [   scheduling-1] org.hibernate.SQL                        : select bt1_0.id,bt1_0.action,bt1_0.agreement_id,bt1_0.attempt_count,bt1_0.block_hash,bt1_0.block_number,bt1_0.calldata,bt1_0.calldata_hash,bt1_0.chain_id,bt1_0.created_at,bt1_0.dispatch_started_at,bt1_0.error_message,bt1_0.from_address,bt1_0.idempotency_key,bt1_0.next_attempt_at,bt1_0.nonce,bt1_0.receipt_status,bt1_0.settlement_id,bt1_0.signed_raw_transaction,bt1_0.status,bt1_0.to_address,bt1_0.transaction_hash,bt1_0.updated_at,bt1_0.version from blockchain_transaction bt1_0 where bt1_0.status in (?,?) order by bt1_0.updated_at fetch first ? rows only
2026-09-11T16:22:24.087+07:00 DEBUG 7844 --- [contract-service] [   scheduling-1] org.hibernate.SQL                        : select bec1_0.id,bec1_0.chain_id,bec1_0.contract_address,bec1_0.last_confirmed_block,bec1_0.last_confirmed_block_hash,bec1_0.updated_at,bec1_0.version from blockchain_event_cursor bec1_0 where bec1_0.chain_id=? and lower(bec1_0.contract_address)=lower(?) for no key update of bec1_0
2026-09-11T16:22:24.264+07:00 DEBUG 7844 --- [contract-service] [   scheduling-1] org.hibernate.SQL                        : select bt1_0.id,bt1_0.action,bt1_0.agreement_id,bt1_0.attempt_count,bt1_0.block_hash,bt1_0.block_number,bt1_0.calldata,bt1_0.calldata_hash,bt1_0.chain_id,bt1_0.created_at,bt1_0.dispatch_started_at,bt1_0.error_message,bt1_0.from_address,bt1_0.idempotency_key,bt1_0.next_attempt_at,bt1_0.nonce,bt1_0.receipt_status,bt1_0.settlement_id,bt1_0.signed_raw_transaction,bt1_0.status,bt1_0.to_address,bt1_0.transaction_hash,bt1_0.updated_at,bt1_0.version from blockchain_transaction bt1_0 where bt1_0.status='CREATED' and (bt1_0.next_attempt_at is null or bt1_0.next_attempt_at<=?) order by bt1_0.created_at fetch first ? rows only for no key update of bt1_0
2026-09-11T16:22:24.267+07:00 DEBUG 7844 --- [contract-service] [   scheduling-1] org.hibernate.SQL                        : select bt1_0.id,bt1_0.action,bt1_0.agreement_id,bt1_0.attempt_count,bt1_0.block_hash,bt1_0.block_number,bt1_0.calldata,bt1_0.calldata_hash,bt1_0.chain_id,bt1_0.created_at,bt1_0.dispatch_started_at,bt1_0.error_message,bt1_0.from_address,bt1_0.idempotency_key,bt1_0.next_attempt_at,bt1_0.nonce,bt1_0.receipt_status,bt1_0.settlement_id,bt1_0.signed_raw_transaction,bt1_0.status,bt1_0.to_address,bt1_0.transaction_hash,bt1_0.updated_at,bt1_0.version from blockchain_transaction bt1_0 where bt1_0.status in (?,?) order by bt1_0.updated_at fetch first ? rows only
2026-09-11T16:22:29.637+07:00 DEBUG 7844 --- [contract-service] [   scheduling-1] org.hibernate.SQL                        : select bec1_0.id,bec1_0.chain_id,bec1_0.contract_address,bec1_0.last_confirmed_block,bec1_0.last_confirmed_block_hash,bec1_0.updated_at,bec1_0.version from blockchain_event_cursor bec1_0 where bec1_0.chain_id=? and lower(bec1_0.contract_address)=lower(?) for no key update of bec1_0
2026-09-11T16:22:30.176+07:00 DEBUG 7844 --- [contract-service] [   scheduling-1] org.hibernate.SQL                        : update blockchain_event_cursor set chain_id=?,contract_address=?,last_confirmed_block=?,last_confirmed_block_hash=?,updated_at=?,version=? where id=? and version=?
2026-09-11T16:22:30.180+07:00 DEBUG 7844 --- [contract-service] [   scheduling-1] org.hibernate.SQL                        : select bt1_0.id,bt1_0.action,bt1_0.agreement_id,bt1_0.attempt_count,bt1_0.block_hash,bt1_0.block_number,bt1_0.calldata,bt1_0.calldata_hash,bt1_0.chain_id,bt1_0.created_at,bt1_0.dispatch_started_at,bt1_0.error_message,bt1_0.from_address,bt1_0.idempotency_key,bt1_0.next_attempt_at,bt1_0.nonce,bt1_0.receipt_status,bt1_0.settlement_id,bt1_0.signed_raw_transaction,bt1_0.status,bt1_0.to_address,bt1_0.transaction_hash,bt1_0.updated_at,bt1_0.version from blockchain_transaction bt1_0 where bt1_0.status='CREATED' and (bt1_0.next_attempt_at is null or bt1_0.next_attempt_at<=?) order by bt1_0.created_at fetch first ? rows only for no key update of bt1_0
2026-09-11T16:22:30.183+07:00 DEBUG 7844 --- [contract-service] [   scheduling-1] org.hibernate.SQL                        : select bt1_0.id,bt1_0.action,bt1_0.agreement_id,bt1_0.attempt_count,bt1_0.block_hash,bt1_0.block_number,bt1_0.calldata,bt1_0.calldata_hash,bt1_0.chain_id,bt1_0.created_at,bt1_0.dispatch_started_at,bt1_0.error_message,bt1_0.from_address,bt1_0.idempotency_key,bt1_0.next_attempt_at,bt1_0.nonce,bt1_0.receipt_status,bt1_0.settlement_id,bt1_0.signed_raw_transaction,bt1_0.status,bt1_0.to_address,bt1_0.transaction_hash,bt1_0.updated_at,bt1_0.version from blockchain_transaction bt1_0 where bt1_0.status in (?,?) order by bt1_0.updated_at fetch first ? rows only
2026-09-11T16:22:30.695+07:00 DEBUG 7844 --- [contract-service] [   scheduling-1] org.hibernate.SQL                        : select ca1_0.id,ca1_0.chain_id,ca1_0.class_name,ca1_0.classroom_id,ca1_0.classroom_reviewer_email,ca1_0.contract_version,ca1_0.created_at,ca1_0.escrow_contract_address,ca1_0.onchain_agreement_id,ca1_0.payment_deadline,ca1_0.platform_wallet,ca1_0.price_per_session_usdc_units,ca1_0.status,ca1_0.student_email,ca1_0.student_id,ca1_0.student_name,ca1_0.student_phone,ca1_0.student_wallet,ca1_0.terms_hash,ca1_0.terms_json,ca1_0.token_address,ca1_0.token_decimals,ca1_0.token_symbol,ca1_0.total_amount_usdc_units,ca1_0.total_price_vnd,ca1_0.total_sessions,ca1_0.tutor_email,ca1_0.tutor_id,ca1_0.tutor_name,ca1_0.tutor_phone,ca1_0.tutor_wallet,ca1_0.updated_at,ca1_0.version,ca1_0.vnd_per_usdc from contract_agreement ca1_0 where ca1_0.status=? and ca1_0.payment_deadline<?
2026-09-11T16:22:32.140+07:00 DEBUG 7844 --- [contract-service] [   scheduling-1] org.hibernate.SQL                        : select ca1_0.id,ca1_0.chain_id,ca1_0.class_name,ca1_0.classroom_id,ca1_0.classroom_reviewer_email,ca1_0.contract_version,ca1_0.created_at,ca1_0.escrow_contract_address,ca1_0.onchain_agreement_id,ca1_0.payment_deadline,ca1_0.platform_wallet,ca1_0.price_per_session_usdc_units,ca1_0.status,ca1_0.student_email,ca1_0.student_id,ca1_0.student_name,ca1_0.student_phone,ca1_0.student_wallet,ca1_0.terms_hash,ca1_0.terms_json,ca1_0.token_address,ca1_0.token_decimals,ca1_0.token_symbol,ca1_0.total_amount_usdc_units,ca1_0.total_price_vnd,ca1_0.total_sessions,ca1_0.tutor_email,ca1_0.tutor_id,ca1_0.tutor_name,ca1_0.tutor_phone,ca1_0.tutor_wallet,ca1_0.updated_at,ca1_0.version,ca1_0.vnd_per_usdc from contract_agreement ca1_0 where ca1_0.status=?
2026-09-11T16:22:35.541+07:00 DEBUG 7844 --- [contract-service] [   scheduling-1] org.hibernate.SQL                        : select bec1_0.id,bec1_0.chain_id,bec1_0.contract_address,bec1_0.last_confirmed_block,bec1_0.last_confirmed_block_hash,bec1_0.updated_at,bec1_0.version from blockchain_event_cursor bec1_0 where bec1_0.chain_id=? and lower(bec1_0.contract_address)=lower(?) for no key update of bec1_0
2026-09-11T16:22:35.733+07:00 DEBUG 7844 --- [contract-service] [   scheduling-1] org.hibernate.SQL                        : select bt1_0.id,bt1_0.action,bt1_0.agreement_id,bt1_0.attempt_count,bt1_0.block_hash,bt1_0.block_number,bt1_0.calldata,bt1_0.calldata_hash,bt1_0.chain_id,bt1_0.created_at,bt1_0.dispatch_started_at,bt1_0.error_message,bt1_0.from_address,bt1_0.idempotency_key,bt1_0.next_attempt_at,bt1_0.nonce,bt1_0.receipt_status,bt1_0.settlement_id,bt1_0.signed_raw_transaction,bt1_0.status,bt1_0.to_address,bt1_0.transaction_hash,bt1_0.updated_at,bt1_0.version from blockchain_transaction bt1_0 where bt1_0.status='CREATED' and (bt1_0.next_attempt_at is null or bt1_0.next_attempt_at<=?) order by bt1_0.created_at fetch first ? rows only for no key update of bt1_0
2026-09-11T16:22:35.738+07:00 DEBUG 7844 --- [contract-service] [   scheduling-1] org.hibernate.SQL                        : select bt1_0.id,bt1_0.action,bt1_0.agreement_id,bt1_0.attempt_count,bt1_0.block_hash,bt1_0.block_number,bt1_0.calldata,bt1_0.calldata_hash,bt1_0.chain_id,bt1_0.created_at,bt1_0.dispatch_started_at,bt1_0.error_message,bt1_0.from_address,bt1_0.idempotency_key,bt1_0.next_attempt_at,bt1_0.nonce,bt1_0.receipt_status,bt1_0.settlement_id,bt1_0.signed_raw_transaction,bt1_0.status,bt1_0.to_address,bt1_0.transaction_hash,bt1_0.updated_at,bt1_0.version from blockchain_transaction bt1_0 where bt1_0.status in (?,?) order by bt1_0.updated_at fetch first ? rows only
2026-09-11T16:22:41.107+07:00 DEBUG 7844 --- [contract-service] [   scheduling-1] org.hibernate.SQL                        : select bec1_0.id,bec1_0.chain_id,bec1_0.contract_address,bec1_0.last_confirmed_block,bec1_0.last_confirmed_block_hash,bec1_0.updated_at,bec1_0.version from blockchain_event_cursor bec1_0 where bec1_0.chain_id=? and lower(bec1_0.contract_address)=lower(?) for no key update of bec1_0
2026-09-11T16:22:42.089+07:00 DEBUG 7844 --- [contract-service] [   scheduling-1] org.hibernate.SQL                        : update blockchain_event_cursor set chain_id=?,contract_address=?,last_confirmed_block=?,last_confirmed_block_hash=?,updated_at=?,version=? where id=? and version=?
2026-09-11T16:22:42.094+07:00 DEBUG 7844 --- [contract-service] [   scheduling-1] org.hibernate.SQL                        : select bt1_0.id,bt1_0.action,bt1_0.agreement_id,bt1_0.attempt_count,bt1_0.block_hash,bt1_0.block_number,bt1_0.calldata,bt1_0.calldata_hash,bt1_0.chain_id,bt1_0.created_at,bt1_0.dispatch_started_at,bt1_0.error_message,bt1_0.from_address,bt1_0.idempotency_key,bt1_0.next_attempt_at,bt1_0.nonce,bt1_0.receipt_status,bt1_0.settlement_id,bt1_0.signed_raw_transaction,bt1_0.status,bt1_0.to_address,bt1_0.transaction_hash,bt1_0.updated_at,bt1_0.version from blockchain_transaction bt1_0 where bt1_0.status='CREATED' and (bt1_0.next_attempt_at is null or bt1_0.next_attempt_at<=?) order by bt1_0.created_at fetch first ? rows only for no key update of bt1_0
2026-09-11T16:22:42.099+07:00 DEBUG 7844 --- [contract-service] [   scheduling-1] org.hibernate.SQL                        : select bt1_0.id,bt1_0.action,bt1_0.agreement_id,bt1_0.attempt_count,bt1_0.block_hash,bt1_0.block_number,bt1_0.calldata,bt1_0.calldata_hash,bt1_0.chain_id,bt1_0.created_at,bt1_0.dispatch_started_at,bt1_0.error_message,bt1_0.from_address,bt1_0.idempotency_key,bt1_0.next_attempt_at,bt1_0.nonce,bt1_0.receipt_status,bt1_0.settlement_id,bt1_0.signed_raw_transaction,bt1_0.status,bt1_0.to_address,bt1_0.transaction_hash,bt1_0.updated_at,bt1_0.version from blockchain_transaction bt1_0 where bt1_0.status in (?,?) order by bt1_0.updated_at fetch first ? rows only
2026-09-11T16:22:47.447+07:00 DEBUG 7844 --- [contract-service] [   scheduling-1] org.hibernate.SQL                        : select bec1_0.id,bec1_0.chain_id,bec1_0.contract_address,bec1_0.last_confirmed_block,bec1_0.last_confirmed_block_hash,bec1_0.updated_at,bec1_0.version from blockchain_event_cursor bec1_0 where bec1_0.chain_id=? and lower(bec1_0.contract_address)=lower(?) for no key update of bec1_0
2026-09-11T16:22:47.625+07:00 DEBUG 7844 --- [contract-service] [   scheduling-1] org.hibernate.SQL                        : select bt1_0.id,bt1_0.action,bt1_0.agreement_id,bt1_0.attempt_count,bt1_0.block_hash,bt1_0.block_number,bt1_0.calldata,bt1_0.calldata_hash,bt1_0.chain_id,bt1_0.created_at,bt1_0.dispatch_started_at,bt1_0.error_message,bt1_0.from_address,bt1_0.idempotency_key,bt1_0.next_attempt_at,bt1_0.nonce,bt1_0.receipt_status,bt1_0.settlement_id,bt1_0.signed_raw_transaction,bt1_0.status,bt1_0.to_address,bt1_0.transaction_hash,bt1_0.updated_at,bt1_0.version from blockchain_transaction bt1_0 where bt1_0.status='CREATED' and (bt1_0.next_attempt_at is null or bt1_0.next_attempt_at<=?) order by bt1_0.created_at fetch first ? rows only for no key update of bt1_0
2026-09-11T16:22:47.628+07:00 DEBUG 7844 --- [contract-service] [   scheduling-1] org.hibernate.SQL                        : select bt1_0.id,bt1_0.action,bt1_0.agreement_id,bt1_0.attempt_count,bt1_0.block_hash,bt1_0.block_number,bt1_0.calldata,bt1_0.calldata_hash,bt1_0.chain_id,bt1_0.created_at,bt1_0.dispatch_started_at,bt1_0.error_message,bt1_0.from_address,bt1_0.idempotency_key,bt1_0.next_attempt_at,bt1_0.nonce,bt1_0.receipt_status,bt1_0.settlement_id,bt1_0.signed_raw_transaction,bt1_0.status,bt1_0.to_address,bt1_0.transaction_hash,bt1_0.updated_at,bt1_0.version from blockchain_transaction bt1_0 where bt1_0.status in (?,?) order by bt1_0.updated_at fetch first ? rows only
2026-09-11T16:22:51.709+07:00 DEBUG 7844 --- [contract-service] [   scheduling-1] org.hibernate.SQL                        : select ss1_0.id,ss1_0.agreement_id,ss1_0.amount,ss1_0.created_at,ss1_0.dispute_deadline,ss1_0.finalize_tx_hash,ss1_0.onchain_session_id,ss1_0.outcome,ss1_0.platform_amount,ss1_0.proposal_evidence_hash,ss1_0.propose_tx_hash,ss1_0.session_id,ss1_0.status,ss1_0.student_refund_amount,ss1_0.tutor_amount,ss1_0.updated_at,ss1_0.version from session_settlement ss1_0 where ss1_0.status=? and ss1_0.dispute_deadline<? order by ss1_0.dispute_deadline fetch first ? rows only
2026-09-11T16:22:53.011+07:00 DEBUG 7844 --- [contract-service] [   scheduling-1] org.hibernate.SQL                        : select bec1_0.id,bec1_0.chain_id,bec1_0.contract_address,bec1_0.last_confirmed_block,bec1_0.last_confirmed_block_hash,bec1_0.updated_at,bec1_0.version from blockchain_event_cursor bec1_0 where bec1_0.chain_id=? and lower(bec1_0.contract_address)=lower(?) for no key update of bec1_0
2026-09-11T16:22:54.047+07:00 DEBUG 7844 --- [contract-service] [   scheduling-1] org.hibernate.SQL                        : update blockchain_event_cursor set chain_id=?,contract_address=?,last_confirmed_block=?,last_confirmed_block_hash=?,updated_at=?,version=? where id=? and version=?
2026-09-11T16:22:54.056+07:00 DEBUG 7844 --- [contract-service] [   scheduling-1] org.hibernate.SQL                        : select bt1_0.id,bt1_0.action,bt1_0.agreement_id,bt1_0.attempt_count,bt1_0.block_hash,bt1_0.block_number,bt1_0.calldata,bt1_0.calldata_hash,bt1_0.chain_id,bt1_0.created_at,bt1_0.dispatch_started_at,bt1_0.error_message,bt1_0.from_address,bt1_0.idempotency_key,bt1_0.next_attempt_at,bt1_0.nonce,bt1_0.receipt_status,bt1_0.settlement_id,bt1_0.signed_raw_transaction,bt1_0.status,bt1_0.to_address,bt1_0.transaction_hash,bt1_0.updated_at,bt1_0.version from blockchain_transaction bt1_0 where bt1_0.status='CREATED' and (bt1_0.next_attempt_at is null or bt1_0.next_attempt_at<=?) order by bt1_0.created_at fetch first ? rows only for no key update of bt1_0
2026-09-11T16:22:54.059+07:00 DEBUG 7844 --- [contract-service] [   scheduling-1] org.hibernate.SQL                        : select bt1_0.id,bt1_0.action,bt1_0.agreement_id,bt1_0.attempt_count,bt1_0.block_hash,bt1_0.block_number,bt1_0.calldata,bt1_0.calldata_hash,bt1_0.chain_id,bt1_0.created_at,bt1_0.dispatch_started_at,bt1_0.error_message,bt1_0.from_address,bt1_0.idempotency_key,bt1_0.next_attempt_at,bt1_0.nonce,bt1_0.receipt_status,bt1_0.settlement_id,bt1_0.signed_raw_transaction,bt1_0.status,bt1_0.to_address,bt1_0.transaction_hash,bt1_0.updated_at,bt1_0.version from blockchain_transaction bt1_0 where bt1_0.status in (?,?) order by bt1_0.updated_at fetch first ? rows only
2026-09-11T16:22:59.430+07:00 DEBUG 7844 --- [contract-service] [   scheduling-1] org.hibernate.SQL                        : select bec1_0.id,bec1_0.chain_id,bec1_0.contract_address,bec1_0.last_confirmed_block,bec1_0.last_confirmed_block_hash,bec1_0.updated_at,bec1_0.version from blockchain_event_cursor bec1_0 where bec1_0.chain_id=? and lower(bec1_0.contract_address)=lower(?) for no key update of bec1_0
2026-09-11T16:22:59.644+07:00 DEBUG 7844 --- [contract-service] [   scheduling-1] org.hibernate.SQL                        : select bt1_0.id,bt1_0.action,bt1_0.agreement_id,bt1_0.attempt_count,bt1_0.block_hash,bt1_0.block_number,bt1_0.calldata,bt1_0.calldata_hash,bt1_0.chain_id,bt1_0.created_at,bt1_0.dispatch_started_at,bt1_0.error_message,bt1_0.from_address,bt1_0.idempotency_key,bt1_0.next_attempt_at,bt1_0.nonce,bt1_0.receipt_status,bt1_0.settlement_id,bt1_0.signed_raw_transaction,bt1_0.status,bt1_0.to_address,bt1_0.transaction_hash,bt1_0.updated_at,bt1_0.version from blockchain_transaction bt1_0 where bt1_0.status='CREATED' and (bt1_0.next_attempt_at is null or bt1_0.next_attempt_at<=?) order by bt1_0.created_at fetch first ? rows only for no key update of bt1_0
2026-09-11T16:22:59.648+07:00 DEBUG 7844 --- [contract-service] [   scheduling-1] org.hibernate.SQL                        : select bt1_0.id,bt1_0.action,bt1_0.agreement_id,bt1_0.attempt_count,bt1_0.block_hash,bt1_0.block_number,bt1_0.calldata,bt1_0.calldata_hash,bt1_0.chain_id,bt1_0.created_at,bt1_0.dispatch_started_at,bt1_0.error_message,bt1_0.from_address,bt1_0.idempotency_key,bt1_0.next_attempt_at,bt1_0.nonce,bt1_0.receipt_status,bt1_0.settlement_id,bt1_0.signed_raw_transaction,bt1_0.status,bt1_0.to_address,bt1_0.transaction_hash,bt1_0.updated_at,bt1_0.version from blockchain_transaction bt1_0 where bt1_0.status in (?,?) order by bt1_0.updated_at fetch first ? rows only
2026-09-11T16:23:02.156+07:00 DEBUG 7844 --- [contract-service] [   scheduling-1] org.hibernate.SQL                        : select ca1_0.id,ca1_0.chain_id,ca1_0.class_name,ca1_0.classroom_id,ca1_0.classroom_reviewer_email,ca1_0.contract_version,ca1_0.created_at,ca1_0.escrow_contract_address,ca1_0.onchain_agreement_id,ca1_0.payment_deadline,ca1_0.platform_wallet,ca1_0.price_per_session_usdc_units,ca1_0.status,ca1_0.student_email,ca1_0.student_id,ca1_0.student_name,ca1_0.student_phone,ca1_0.student_wallet,ca1_0.terms_hash,ca1_0.terms_json,ca1_0.token_address,ca1_0.token_decimals,ca1_0.token_symbol,ca1_0.total_amount_usdc_units,ca1_0.total_price_vnd,ca1_0.total_sessions,ca1_0.tutor_email,ca1_0.tutor_id,ca1_0.tutor_name,ca1_0.tutor_phone,ca1_0.tutor_wallet,ca1_0.updated_at,ca1_0.version,ca1_0.vnd_per_usdc from contract_agreement ca1_0 where ca1_0.status=?
2026-09-11T16:23:04.996+07:00 DEBUG 7844 --- [contract-service] [   scheduling-1] org.hibernate.SQL                        : select bec1_0.id,bec1_0.chain_id,bec1_0.contract_address,bec1_0.last_confirmed_block,bec1_0.last_confirmed_block_hash,bec1_0.updated_at,bec1_0.version from blockchain_event_cursor bec1_0 where bec1_0.chain_id=? and lower(bec1_0.contract_address)=lower(?) for no key update of bec1_0
2026-09-11T16:23:05.704+07:00 DEBUG 7844 --- [contract-service] [   scheduling-1] org.hibernate.SQL                        : update blockchain_event_cursor set chain_id=?,contract_address=?,last_confirmed_block=?,last_confirmed_block_hash=?,updated_at=?,version=? where id=? and version=?
2026-09-11T16:23:05.711+07:00 DEBUG 7844 --- [contract-service] [   scheduling-1] org.hibernate.SQL                        : select bt1_0.id,bt1_0.action,bt1_0.agreement_id,bt1_0.attempt_count,bt1_0.block_hash,bt1_0.block_number,bt1_0.calldata,bt1_0.calldata_hash,bt1_0.chain_id,bt1_0.created_at,bt1_0.dispatch_started_at,bt1_0.error_message,bt1_0.from_address,bt1_0.idempotency_key,bt1_0.next_attempt_at,bt1_0.nonce,bt1_0.receipt_status,bt1_0.settlement_id,bt1_0.signed_raw_transaction,bt1_0.status,bt1_0.to_address,bt1_0.transaction_hash,bt1_0.updated_at,bt1_0.version from blockchain_transaction bt1_0 where bt1_0.status='CREATED' and (bt1_0.next_attempt_at is null or bt1_0.next_attempt_at<=?) order by bt1_0.created_at fetch first ? rows only for no key update of bt1_0
2026-09-11T16:23:05.715+07:00 DEBUG 7844 --- [contract-service] [   scheduling-1] org.hibernate.SQL                        : select bt1_0.id,bt1_0.action,bt1_0.agreement_id,bt1_0.attempt_count,bt1_0.block_hash,bt1_0.block_number,bt1_0.calldata,bt1_0.calldata_hash,bt1_0.chain_id,bt1_0.created_at,bt1_0.dispatch_started_at,bt1_0.error_message,bt1_0.from_address,bt1_0.idempotency_key,bt1_0.next_attempt_at,bt1_0.nonce,bt1_0.receipt_status,bt1_0.settlement_id,bt1_0.signed_raw_transaction,bt1_0.status,bt1_0.to_address,bt1_0.transaction_hash,bt1_0.updated_at,bt1_0.version from blockchain_transaction bt1_0 where bt1_0.status in (?,?) order by bt1_0.updated_at fetch first ? rows only
2026-09-11T16:23:11.067+07:00 DEBUG 7844 --- [contract-service] [   scheduling-1] org.hibernate.SQL                        : select bec1_0.id,bec1_0.chain_id,bec1_0.contract_address,bec1_0.last_confirmed_block,bec1_0.last_confirmed_block_hash,bec1_0.updated_at,bec1_0.version from blockchain_event_cursor bec1_0 where bec1_0.chain_id=? and lower(bec1_0.contract_address)=lower(?) for no key update of bec1_0
2026-09-11T16:23:11.265+07:00 DEBUG 7844 --- [contract-service] [   scheduling-1] org.hibernate.SQL                        : select bt1_0.id,bt1_0.action,bt1_0.agreement_id,bt1_0.attempt_count,bt1_0.block_hash,bt1_0.block_number,bt1_0.calldata,bt1_0.calldata_hash,bt1_0.chain_id,bt1_0.created_at,bt1_0.dispatch_started_at,bt1_0.error_message,bt1_0.from_address,bt1_0.idempotency_key,bt1_0.next_attempt_at,bt1_0.nonce,bt1_0.receipt_status,bt1_0.settlement_id,bt1_0.signed_raw_transaction,bt1_0.status,bt1_0.to_address,bt1_0.transaction_hash,bt1_0.updated_at,bt1_0.version from blockchain_transaction bt1_0 where bt1_0.status='CREATED' and (bt1_0.next_attempt_at is null or bt1_0.next_attempt_at<=?) order by bt1_0.created_at fetch first ? rows only for no key update of bt1_0
2026-09-11T16:23:11.268+07:00 DEBUG 7844 --- [contract-service] [   scheduling-1] org.hibernate.SQL                        : select bt1_0.id,bt1_0.action,bt1_0.agreement_id,bt1_0.attempt_count,bt1_0.block_hash,bt1_0.block_number,bt1_0.calldata,bt1_0.calldata_hash,bt1_0.chain_id,bt1_0.created_at,bt1_0.dispatch_started_at,bt1_0.error_message,bt1_0.from_address,bt1_0.idempotency_key,bt1_0.next_attempt_at,bt1_0.nonce,bt1_0.receipt_status,bt1_0.settlement_id,bt1_0.signed_raw_transaction,bt1_0.status,bt1_0.to_address,bt1_0.transaction_hash,bt1_0.updated_at,bt1_0.version from blockchain_transaction bt1_0 where bt1_0.status in (?,?) order by bt1_0.updated_at fetch first ? rows only
2026-09-11T16:23:16.741+07:00 DEBUG 7844 --- [contract-service] [   scheduling-1] org.hibernate.SQL                        : select bec1_0.id,bec1_0.chain_id,bec1_0.contract_address,bec1_0.last_confirmed_block,bec1_0.last_confirmed_block_hash,bec1_0.updated_at,bec1_0.version from blockchain_event_cursor bec1_0 where bec1_0.chain_id=? and lower(bec1_0.contract_address)=lower(?) for no key update of bec1_0
2026-09-11T16:23:17.434+07:00 DEBUG 7844 --- [contract-service] [   scheduling-1] org.hibernate.SQL                        : update blockchain_event_cursor set chain_id=?,contract_address=?,last_confirmed_block=?,last_confirmed_block_hash=?,updated_at=?,version=? where id=? and version=?
2026-09-11T16:23:17.438+07:00 DEBUG 7844 --- [contract-service] [   scheduling-1] org.hibernate.SQL                        : select bt1_0.id,bt1_0.action,bt1_0.agreement_id,bt1_0.attempt_count,bt1_0.block_hash,bt1_0.block_number,bt1_0.calldata,bt1_0.calldata_hash,bt1_0.chain_id,bt1_0.created_at,bt1_0.dispatch_started_at,bt1_0.error_message,bt1_0.from_address,bt1_0.idempotency_key,bt1_0.next_attempt_at,bt1_0.nonce,bt1_0.receipt_status,bt1_0.settlement_id,bt1_0.signed_raw_transaction,bt1_0.status,bt1_0.to_address,bt1_0.transaction_hash,bt1_0.updated_at,bt1_0.version from blockchain_transaction bt1_0 where bt1_0.status='CREATED' and (bt1_0.next_attempt_at is null or bt1_0.next_attempt_at<=?) order by bt1_0.created_at fetch first ? rows only for no key update of bt1_0
2026-09-11T16:23:17.444+07:00 DEBUG 7844 --- [contract-service] [   scheduling-1] org.hibernate.SQL                        : select bt1_0.id,bt1_0.action,bt1_0.agreement_id,bt1_0.attempt_count,bt1_0.block_hash,bt1_0.block_number,bt1_0.calldata,bt1_0.calldata_hash,bt1_0.chain_id,bt1_0.created_at,bt1_0.dispatch_started_at,bt1_0.error_message,bt1_0.from_address,bt1_0.idempotency_key,bt1_0.next_attempt_at,bt1_0.nonce,bt1_0.receipt_status,bt1_0.settlement_id,bt1_0.signed_raw_transaction,bt1_0.status,bt1_0.to_address,bt1_0.transaction_hash,bt1_0.updated_at,bt1_0.version from blockchain_transaction bt1_0 where bt1_0.status in (?,?) order by bt1_0.updated_at fetch first ? rows only
2026-09-11T16:23:22.797+07:00 DEBUG 7844 --- [contract-service] [   scheduling-1] org.hibernate.SQL                        : select bec1_0.id,bec1_0.chain_id,bec1_0.contract_address,bec1_0.last_confirmed_block,bec1_0.last_confirmed_block_hash,bec1_0.updated_at,bec1_0.version from blockchain_event_cursor bec1_0 where bec1_0.chain_id=? and lower(bec1_0.contract_address)=lower(?) for no key update of bec1_0
2026-09-11T16:23:22.977+07:00 DEBUG 7844 --- [contract-service] [   scheduling-1] org.hibernate.SQL                        : select bt1_0.id,bt1_0.action,bt1_0.agreement_id,bt1_0.attempt_count,bt1_0.block_hash,bt1_0.block_number,bt1_0.calldata,bt1_0.calldata_hash,bt1_0.chain_id,bt1_0.created_at,bt1_0.dispatch_started_at,bt1_0.error_message,bt1_0.from_address,bt1_0.idempotency_key,bt1_0.next_attempt_at,bt1_0.nonce,bt1_0.receipt_status,bt1_0.settlement_id,bt1_0.signed_raw_transaction,bt1_0.status,bt1_0.to_address,bt1_0.transaction_hash,bt1_0.updated_at,bt1_0.version from blockchain_transaction bt1_0 where bt1_0.status='CREATED' and (bt1_0.next_attempt_at is null or bt1_0.next_attempt_at<=?) order by bt1_0.created_at fetch first ? rows only for no key update of bt1_0
2026-09-11T16:23:22.986+07:00 DEBUG 7844 --- [contract-service] [   scheduling-1] org.hibernate.SQL                        : select bt1_0.id,bt1_0.action,bt1_0.agreement_id,bt1_0.attempt_count,bt1_0.block_hash,bt1_0.block_number,bt1_0.calldata,bt1_0.calldata_hash,bt1_0.chain_id,bt1_0.created_at,bt1_0.dispatch_started_at,bt1_0.error_message,bt1_0.from_address,bt1_0.idempotency_key,bt1_0.next_attempt_at,bt1_0.nonce,bt1_0.receipt_status,bt1_0.settlement_id,bt1_0.signed_raw_transaction,bt1_0.status,bt1_0.to_address,bt1_0.transaction_hash,bt1_0.updated_at,bt1_0.version from blockchain_transaction bt1_0 where bt1_0.status in (?,?) order by bt1_0.updated_at fetch first ? rows only
2026-09-11T16:23:28.332+07:00 DEBUG 7844 --- [contract-service] [   scheduling-1] org.hibernate.SQL                        : select bec1_0.id,bec1_0.chain_id,bec1_0.contract_address,bec1_0.last_confirmed_block,bec1_0.last_confirmed_block_hash,bec1_0.updated_at,bec1_0.version from blockchain_event_cursor bec1_0 where bec1_0.chain_id=? and lower(bec1_0.contract_address)=lower(?) for no key update of bec1_0
2026-09-11T16:23:29.074+07:00 DEBUG 7844 --- [contract-service] [   scheduling-1] org.hibernate.SQL                        : update blockchain_event_cursor set chain_id=?,contract_address=?,last_confirmed_block=?,last_confirmed_block_hash=?,updated_at=?,version=? where id=? and version=?
2026-09-11T16:23:29.086+07:00 DEBUG 7844 --- [contract-service] [   scheduling-1] org.hibernate.SQL                        : select bt1_0.id,bt1_0.action,bt1_0.agreement_id,bt1_0.attempt_count,bt1_0.block_hash,bt1_0.block_number,bt1_0.calldata,bt1_0.calldata_hash,bt1_0.chain_id,bt1_0.created_at,bt1_0.dispatch_started_at,bt1_0.error_message,bt1_0.from_address,bt1_0.idempotency_key,bt1_0.next_attempt_at,bt1_0.nonce,bt1_0.receipt_status,bt1_0.settlement_id,bt1_0.signed_raw_transaction,bt1_0.status,bt1_0.to_address,bt1_0.transaction_hash,bt1_0.updated_at,bt1_0.version from blockchain_transaction bt1_0 where bt1_0.status='CREATED' and (bt1_0.next_attempt_at is null or bt1_0.next_attempt_at<=?) order by bt1_0.created_at fetch first ? rows only for no key update of bt1_0
2026-09-11T16:23:29.099+07:00 DEBUG 7844 --- [contract-service] [   scheduling-1] org.hibernate.SQL                        : select bt1_0.id,bt1_0.action,bt1_0.agreement_id,bt1_0.attempt_count,bt1_0.block_hash,bt1_0.block_number,bt1_0.calldata,bt1_0.calldata_hash,bt1_0.chain_id,bt1_0.created_at,bt1_0.dispatch_started_at,bt1_0.error_message,bt1_0.from_address,bt1_0.idempotency_key,bt1_0.next_attempt_at,bt1_0.nonce,bt1_0.receipt_status,bt1_0.settlement_id,bt1_0.signed_raw_transaction,bt1_0.status,bt1_0.to_address,bt1_0.transaction_hash,bt1_0.updated_at,bt1_0.version from blockchain_transaction bt1_0 where bt1_0.status in (?,?) order by bt1_0.updated_at fetch first ? rows only
2026-09-11T16:23:30.710+07:00 DEBUG 7844 --- [contract-service] [   scheduling-1] org.hibernate.SQL                        : select ca1_0.id,ca1_0.chain_id,ca1_0.class_name,ca1_0.classroom_id,ca1_0.classroom_reviewer_email,ca1_0.contract_version,ca1_0.created_at,ca1_0.escrow_contract_address,ca1_0.onchain_agreement_id,ca1_0.payment_deadline,ca1_0.platform_wallet,ca1_0.price_per_session_usdc_units,ca1_0.status,ca1_0.student_email,ca1_0.student_id,ca1_0.student_name,ca1_0.student_phone,ca1_0.student_wallet,ca1_0.terms_hash,ca1_0.terms_json,ca1_0.token_address,ca1_0.token_decimals,ca1_0.token_symbol,ca1_0.total_amount_usdc_units,ca1_0.total_price_vnd,ca1_0.total_sessions,ca1_0.tutor_email,ca1_0.tutor_id,ca1_0.tutor_name,ca1_0.tutor_phone,ca1_0.tutor_wallet,ca1_0.updated_at,ca1_0.version,ca1_0.vnd_per_usdc from contract_agreement ca1_0 where ca1_0.status=? and ca1_0.payment_deadline<?
2026-09-11T16:23:32.175+07:00 DEBUG 7844 --- [contract-service] [   scheduling-1] org.hibernate.SQL                        : select ca1_0.id,ca1_0.chain_id,ca1_0.class_name,ca1_0.classroom_id,ca1_0.classroom_reviewer_email,ca1_0.contract_version,ca1_0.created_at,ca1_0.escrow_contract_address,ca1_0.onchain_agreement_id,ca1_0.payment_deadline,ca1_0.platform_wallet,ca1_0.price_per_session_usdc_units,ca1_0.status,ca1_0.student_email,ca1_0.student_id,ca1_0.student_name,ca1_0.student_phone,ca1_0.student_wallet,ca1_0.terms_hash,ca1_0.terms_json,ca1_0.token_address,ca1_0.token_decimals,ca1_0.token_symbol,ca1_0.total_amount_usdc_units,ca1_0.total_price_vnd,ca1_0.total_sessions,ca1_0.tutor_email,ca1_0.tutor_id,ca1_0.tutor_name,ca1_0.tutor_phone,ca1_0.tutor_wallet,ca1_0.updated_at,ca1_0.version,ca1_0.vnd_per_usdc from contract_agreement ca1_0 where ca1_0.status=?
2026-09-11T16:23:34.589+07:00 DEBUG 7844 --- [contract-service] [   scheduling-1] org.hibernate.SQL                        : select bec1_0.id,bec1_0.chain_id,bec1_0.contract_address,bec1_0.last_confirmed_block,bec1_0.last_confirmed_block_hash,bec1_0.updated_at,bec1_0.version from blockchain_event_cursor bec1_0 where bec1_0.chain_id=? and lower(bec1_0.contract_address)=lower(?) for no key update of bec1_0
2026-09-11T16:23:34.779+07:00 DEBUG 7844 --- [contract-service] [   scheduling-1] org.hibernate.SQL                        : select bt1_0.id,bt1_0.action,bt1_0.agreement_id,bt1_0.attempt_count,bt1_0.block_hash,bt1_0.block_number,bt1_0.calldata,bt1_0.calldata_hash,bt1_0.chain_id,bt1_0.created_at,bt1_0.dispatch_started_at,bt1_0.error_message,bt1_0.from_address,bt1_0.idempotency_key,bt1_0.next_attempt_at,bt1_0.nonce,bt1_0.receipt_status,bt1_0.settlement_id,bt1_0.signed_raw_transaction,bt1_0.status,bt1_0.to_address,bt1_0.transaction_hash,bt1_0.updated_at,bt1_0.version from blockchain_transaction bt1_0 where bt1_0.status='CREATED' and (bt1_0.next_attempt_at is null or bt1_0.next_attempt_at<=?) order by bt1_0.created_at fetch first ? rows only for no key update of bt1_0
2026-09-11T16:23:34.783+07:00 DEBUG 7844 --- [contract-service] [   scheduling-1] org.hibernate.SQL                        : select bt1_0.id,bt1_0.action,bt1_0.agreement_id,bt1_0.attempt_count,bt1_0.block_hash,bt1_0.block_number,bt1_0.calldata,bt1_0.calldata_hash,bt1_0.chain_id,bt1_0.created_at,bt1_0.dispatch_started_at,bt1_0.error_message,bt1_0.from_address,bt1_0.idempotency_key,bt1_0.next_attempt_at,bt1_0.nonce,bt1_0.receipt_status,bt1_0.settlement_id,bt1_0.signed_raw_transaction,bt1_0.status,bt1_0.to_address,bt1_0.transaction_hash,bt1_0.updated_at,bt1_0.version from blockchain_transaction bt1_0 where bt1_0.status in (?,?) order by bt1_0.updated_at fetch first ? rows only
2026-09-11T16:23:40.138+07:00 DEBUG 7844 --- [contract-service] [   scheduling-1] org.hibernate.SQL                        : select bec1_0.id,bec1_0.chain_id,bec1_0.contract_address,bec1_0.last_confirmed_block,bec1_0.last_confirmed_block_hash,bec1_0.updated_at,bec1_0.version from blockchain_event_cursor bec1_0 where bec1_0.chain_id=? and lower(bec1_0.contract_address)=lower(?) for no key update of bec1_0
2026-09-11T16:23:40.832+07:00 DEBUG 7844 --- [contract-service] [   scheduling-1] org.hibernate.SQL                        : update blockchain_event_cursor set chain_id=?,contract_address=?,last_confirmed_block=?,last_confirmed_block_hash=?,updated_at=?,version=? where id=? and version=?
2026-09-11T16:23:40.847+07:00 DEBUG 7844 --- [contract-service] [   scheduling-1] org.hibernate.SQL                        : select bt1_0.id,bt1_0.action,bt1_0.agreement_id,bt1_0.attempt_count,bt1_0.block_hash,bt1_0.block_number,bt1_0.calldata,bt1_0.calldata_hash,bt1_0.chain_id,bt1_0.created_at,bt1_0.dispatch_started_at,bt1_0.error_message,bt1_0.from_address,bt1_0.idempotency_key,bt1_0.next_attempt_at,bt1_0.nonce,bt1_0.receipt_status,bt1_0.settlement_id,bt1_0.signed_raw_transaction,bt1_0.status,bt1_0.to_address,bt1_0.transaction_hash,bt1_0.updated_at,bt1_0.version from blockchain_transaction bt1_0 where bt1_0.status='CREATED' and (bt1_0.next_attempt_at is null or bt1_0.next_attempt_at<=?) order by bt1_0.created_at fetch first ? rows only for no key update of bt1_0
2026-09-11T16:23:40.856+07:00 DEBUG 7844 --- [contract-service] [   scheduling-1] org.hibernate.SQL                        : select bt1_0.id,bt1_0.action,bt1_0.agreement_id,bt1_0.attempt_count,bt1_0.block_hash,bt1_0.block_number,bt1_0.calldata,bt1_0.calldata_hash,bt1_0.chain_id,bt1_0.created_at,bt1_0.dispatch_started_at,bt1_0.error_message,bt1_0.from_address,bt1_0.idempotency_key,bt1_0.next_attempt_at,bt1_0.nonce,bt1_0.receipt_status,bt1_0.settlement_id,bt1_0.signed_raw_transaction,bt1_0.status,bt1_0.to_address,bt1_0.transaction_hash,bt1_0.updated_at,bt1_0.version from blockchain_transaction bt1_0 where bt1_0.status in (?,?) order by bt1_0.updated_at fetch first ? rows only
2026-09-11T16:23:46.189+07:00 DEBUG 7844 --- [contract-service] [   scheduling-1] org.hibernate.SQL                        : select bec1_0.id,bec1_0.chain_id,bec1_0.contract_address,bec1_0.last_confirmed_block,bec1_0.last_confirmed_block_hash,bec1_0.updated_at,bec1_0.version from blockchain_event_cursor bec1_0 where bec1_0.chain_id=? and lower(bec1_0.contract_address)=lower(?) for no key update of bec1_0
2026-09-11T16:23:46.370+07:00 DEBUG 7844 --- [contract-service] [   scheduling-1] org.hibernate.SQL                        : select bt1_0.id,bt1_0.action,bt1_0.agreement_id,bt1_0.attempt_count,bt1_0.block_hash,bt1_0.block_number,bt1_0.calldata,bt1_0.calldata_hash,bt1_0.chain_id,bt1_0.created_at,bt1_0.dispatch_started_at,bt1_0.error_message,bt1_0.from_address,bt1_0.idempotency_key,bt1_0.next_attempt_at,bt1_0.nonce,bt1_0.receipt_status,bt1_0.settlement_id,bt1_0.signed_raw_transaction,bt1_0.status,bt1_0.to_address,bt1_0.transaction_hash,bt1_0.updated_at,bt1_0.version from blockchain_transaction bt1_0 where bt1_0.status='CREATED' and (bt1_0.next_attempt_at is null or bt1_0.next_attempt_at<=?) order by bt1_0.created_at fetch first ? rows only for no key update of bt1_0
2026-09-11T16:23:46.376+07:00 DEBUG 7844 --- [contract-service] [   scheduling-1] org.hibernate.SQL                        : select bt1_0.id,bt1_0.action,bt1_0.agreement_id,bt1_0.attempt_count,bt1_0.block_hash,bt1_0.block_number,bt1_0.calldata,bt1_0.calldata_hash,bt1_0.chain_id,bt1_0.created_at,bt1_0.dispatch_started_at,bt1_0.error_message,bt1_0.from_address,bt1_0.idempotency_key,bt1_0.next_attempt_at,bt1_0.nonce,bt1_0.receipt_status,bt1_0.settlement_id,bt1_0.signed_raw_transaction,bt1_0.status,bt1_0.to_address,bt1_0.transaction_hash,bt1_0.updated_at,bt1_0.version from blockchain_transaction bt1_0 where bt1_0.status in (?,?) order by bt1_0.updated_at fetch first ? rows only
2026-09-11T16:23:51.722+07:00 DEBUG 7844 --- [contract-service] [   scheduling-1] org.hibernate.SQL                        : select bec1_0.id,bec1_0.chain_id,bec1_0.contract_address,bec1_0.last_confirmed_block,bec1_0.last_confirmed_block_hash,bec1_0.updated_at,bec1_0.version from blockchain_event_cursor bec1_0 where bec1_0.chain_id=? and lower(bec1_0.contract_address)=lower(?) for no key update of bec1_0
2026-09-11T16:23:52.429+07:00 DEBUG 7844 --- [contract-service] [   scheduling-1] org.hibernate.SQL                        : update blockchain_event_cursor set chain_id=?,contract_address=?,last_confirmed_block=?,last_confirmed_block_hash=?,updated_at=?,version=? where id=? and version=?
2026-09-11T16:23:52.438+07:00 DEBUG 7844 --- [contract-service] [   scheduling-1] org.hibernate.SQL                        : select bt1_0.id,bt1_0.action,bt1_0.agreement_id,bt1_0.attempt_count,bt1_0.block_hash,bt1_0.block_number,bt1_0.calldata,bt1_0.calldata_hash,bt1_0.chain_id,bt1_0.created_at,bt1_0.dispatch_started_at,bt1_0.error_message,bt1_0.from_address,bt1_0.idempotency_key,bt1_0.next_attempt_at,bt1_0.nonce,bt1_0.receipt_status,bt1_0.settlement_id,bt1_0.signed_raw_transaction,bt1_0.status,bt1_0.to_address,bt1_0.transaction_hash,bt1_0.updated_at,bt1_0.version from blockchain_transaction bt1_0 where bt1_0.status='CREATED' and (bt1_0.next_attempt_at is null or bt1_0.next_attempt_at<=?) order by bt1_0.created_at fetch first ? rows only for no key update of bt1_0
2026-09-11T16:23:52.443+07:00 DEBUG 7844 --- [contract-service] [   scheduling-1] org.hibernate.SQL                        : select bt1_0.id,bt1_0.action,bt1_0.agreement_id,bt1_0.attempt_count,bt1_0.block_hash,bt1_0.block_number,bt1_0.calldata,bt1_0.calldata_hash,bt1_0.chain_id,bt1_0.created_at,bt1_0.dispatch_started_at,bt1_0.error_message,bt1_0.from_address,bt1_0.idempotency_key,bt1_0.next_attempt_at,bt1_0.nonce,bt1_0.receipt_status,bt1_0.settlement_id,bt1_0.signed_raw_transaction,bt1_0.status,bt1_0.to_address,bt1_0.transaction_hash,bt1_0.updated_at,bt1_0.version from blockchain_transaction bt1_0 where bt1_0.status in (?,?) order by bt1_0.updated_at fetch first ? rows only
2026-09-11T16:23:52.445+07:00 DEBUG 7844 --- [contract-service] [   scheduling-1] org.hibernate.SQL                        : select ss1_0.id,ss1_0.agreement_id,ss1_0.amount,ss1_0.created_at,ss1_0.dispute_deadline,ss1_0.finalize_tx_hash,ss1_0.onchain_session_id,ss1_0.outcome,ss1_0.platform_amount,ss1_0.proposal_evidence_hash,ss1_0.propose_tx_hash,ss1_0.session_id,ss1_0.status,ss1_0.student_refund_amount,ss1_0.tutor_amount,ss1_0.updated_at,ss1_0.version from session_settlement ss1_0 where ss1_0.status=? and ss1_0.dispute_deadline<? order by ss1_0.dispute_deadline fetch first ? rows only
2026-09-11T16:23:57.796+07:00 DEBUG 7844 --- [contract-service] [   scheduling-1] org.hibernate.SQL                        : select bec1_0.id,bec1_0.chain_id,bec1_0.contract_address,bec1_0.last_confirmed_block,bec1_0.last_confirmed_block_hash,bec1_0.updated_at,bec1_0.version from blockchain_event_cursor bec1_0 where bec1_0.chain_id=? and lower(bec1_0.contract_address)=lower(?) for no key update of bec1_0
2026-09-11T16:23:57.954+07:00 DEBUG 7844 --- [contract-service] [   scheduling-1] org.hibernate.SQL                        : select bt1_0.id,bt1_0.action,bt1_0.agreement_id,bt1_0.attempt_count,bt1_0.block_hash,bt1_0.block_number,bt1_0.calldata,bt1_0.calldata_hash,bt1_0.chain_id,bt1_0.created_at,bt1_0.dispatch_started_at,bt1_0.error_message,bt1_0.from_address,bt1_0.idempotency_key,bt1_0.next_attempt_at,bt1_0.nonce,bt1_0.receipt_status,bt1_0.settlement_id,bt1_0.signed_raw_transaction,bt1_0.status,bt1_0.to_address,bt1_0.transaction_hash,bt1_0.updated_at,bt1_0.version from blockchain_transaction bt1_0 where bt1_0.status='CREATED' and (bt1_0.next_attempt_at is null or bt1_0.next_attempt_at<=?) order by bt1_0.created_at fetch first ? rows only for no key update of bt1_0
2026-09-11T16:23:57.958+07:00 DEBUG 7844 --- [contract-service] [   scheduling-1] org.hibernate.SQL                        : select bt1_0.id,bt1_0.action,bt1_0.agreement_id,bt1_0.attempt_count,bt1_0.block_hash,bt1_0.block_number,bt1_0.calldata,bt1_0.calldata_hash,bt1_0.chain_id,bt1_0.created_at,bt1_0.dispatch_started_at,bt1_0.error_message,bt1_0.from_address,bt1_0.idempotency_key,bt1_0.next_attempt_at,bt1_0.nonce,bt1_0.receipt_status,bt1_0.settlement_id,bt1_0.signed_raw_transaction,bt1_0.status,bt1_0.to_address,bt1_0.transaction_hash,bt1_0.updated_at,bt1_0.version from blockchain_transaction bt1_0 where bt1_0.status in (?,?) order by bt1_0.updated_at fetch first ? rows only
2026-09-11T16:24:02.186+07:00 DEBUG 7844 --- [contract-service] [   scheduling-1] org.hibernate.SQL                        : select ca1_0.id,ca1_0.chain_id,ca1_0.class_name,ca1_0.classroom_id,ca1_0.classroom_reviewer_email,ca1_0.contract_version,ca1_0.created_at,ca1_0.escrow_contract_address,ca1_0.onchain_agreement_id,ca1_0.payment_deadline,ca1_0.platform_wallet,ca1_0.price_per_session_usdc_units,ca1_0.status,ca1_0.student_email,ca1_0.student_id,ca1_0.student_name,ca1_0.student_phone,ca1_0.student_wallet,ca1_0.terms_hash,ca1_0.terms_json,ca1_0.token_address,ca1_0.token_decimals,ca1_0.token_symbol,ca1_0.total_amount_usdc_units,ca1_0.total_price_vnd,ca1_0.total_sessions,ca1_0.tutor_email,ca1_0.tutor_id,ca1_0.tutor_name,ca1_0.tutor_phone,ca1_0.tutor_wallet,ca1_0.updated_at,ca1_0.version,ca1_0.vnd_per_usdc from contract_agreement ca1_0 where ca1_0.status=?
2026-09-11T16:24:03.536+07:00 DEBUG 7844 --- [contract-service] [   scheduling-1] org.hibernate.SQL                        : select bec1_0.id,bec1_0.chain_id,bec1_0.contract_address,bec1_0.last_confirmed_block,bec1_0.last_confirmed_block_hash,bec1_0.updated_at,bec1_0.version from blockchain_event_cursor bec1_0 where bec1_0.chain_id=? and lower(bec1_0.contract_address)=lower(?) for no key update of bec1_0
2026-09-11T16:24:04.057+07:00 DEBUG 7844 --- [contract-service] [   scheduling-1] org.hibernate.SQL                        : update blockchain_event_cursor set chain_id=?,contract_address=?,last_confirmed_block=?,last_confirmed_block_hash=?,updated_at=?,version=? where id=? and version=?
2026-09-11T16:24:04.064+07:00 DEBUG 7844 --- [contract-service] [   scheduling-1] org.hibernate.SQL                        : select bt1_0.id,bt1_0.action,bt1_0.agreement_id,bt1_0.attempt_count,bt1_0.block_hash,bt1_0.block_number,bt1_0.calldata,bt1_0.calldata_hash,bt1_0.chain_id,bt1_0.created_at,bt1_0.dispatch_started_at,bt1_0.error_message,bt1_0.from_address,bt1_0.idempotency_key,bt1_0.next_attempt_at,bt1_0.nonce,bt1_0.receipt_status,bt1_0.settlement_id,bt1_0.signed_raw_transaction,bt1_0.status,bt1_0.to_address,bt1_0.transaction_hash,bt1_0.updated_at,bt1_0.version from blockchain_transaction bt1_0 where bt1_0.status='CREATED' and (bt1_0.next_attempt_at is null or bt1_0.next_attempt_at<=?) order by bt1_0.created_at fetch first ? rows only for no key update of bt1_0
2026-09-11T16:24:04.073+07:00 DEBUG 7844 --- [contract-service] [   scheduling-1] org.hibernate.SQL                        : select bt1_0.id,bt1_0.action,bt1_0.agreement_id,bt1_0.attempt_count,bt1_0.block_hash,bt1_0.block_number,bt1_0.calldata,bt1_0.calldata_hash,bt1_0.chain_id,bt1_0.created_at,bt1_0.dispatch_started_at,bt1_0.error_message,bt1_0.from_address,bt1_0.idempotency_key,bt1_0.next_attempt_at,bt1_0.nonce,bt1_0.receipt_status,bt1_0.settlement_id,bt1_0.signed_raw_transaction,bt1_0.status,bt1_0.to_address,bt1_0.transaction_hash,bt1_0.updated_at,bt1_0.version from blockchain_transaction bt1_0 where bt1_0.status in (?,?) order by bt1_0.updated_at fetch first ? rows only
2026-09-11T16:24:09.394+07:00 DEBUG 7844 --- [contract-service] [   scheduling-1] org.hibernate.SQL                        : select bec1_0.id,bec1_0.chain_id,bec1_0.contract_address,bec1_0.last_confirmed_block,bec1_0.last_confirmed_block_hash,bec1_0.updated_at,bec1_0.version from blockchain_event_cursor bec1_0 where bec1_0.chain_id=? and lower(bec1_0.contract_address)=lower(?) for no key update of bec1_0
2026-09-11T16:24:09.568+07:00 DEBUG 7844 --- [contract-service] [   scheduling-1] org.hibernate.SQL                        : select bt1_0.id,bt1_0.action,bt1_0.agreement_id,bt1_0.attempt_count,bt1_0.block_hash,bt1_0.block_number,bt1_0.calldata,bt1_0.calldata_hash,bt1_0.chain_id,bt1_0.created_at,bt1_0.dispatch_started_at,bt1_0.error_message,bt1_0.from_address,bt1_0.idempotency_key,bt1_0.next_attempt_at,bt1_0.nonce,bt1_0.receipt_status,bt1_0.settlement_id,bt1_0.signed_raw_transaction,bt1_0.status,bt1_0.to_address,bt1_0.transaction_hash,bt1_0.updated_at,bt1_0.version from blockchain_transaction bt1_0 where bt1_0.status='CREATED' and (bt1_0.next_attempt_at is null or bt1_0.next_attempt_at<=?) order by bt1_0.created_at fetch first ? rows only for no key update of bt1_0
2026-09-11T16:24:09.574+07:00 DEBUG 7844 --- [contract-service] [   scheduling-1] org.hibernate.SQL                        : select bt1_0.id,bt1_0.action,bt1_0.agreement_id,bt1_0.attempt_count,bt1_0.block_hash,bt1_0.block_number,bt1_0.calldata,bt1_0.calldata_hash,bt1_0.chain_id,bt1_0.created_at,bt1_0.dispatch_started_at,bt1_0.error_message,bt1_0.from_address,bt1_0.idempotency_key,bt1_0.next_attempt_at,bt1_0.nonce,bt1_0.receipt_status,bt1_0.settlement_id,bt1_0.signed_raw_transaction,bt1_0.status,bt1_0.to_address,bt1_0.transaction_hash,bt1_0.updated_at,bt1_0.version from blockchain_transaction bt1_0 where bt1_0.status in (?,?) order by bt1_0.updated_at fetch first ? rows only
2026-09-11T16:24:14.906+07:00 DEBUG 7844 --- [contract-service] [   scheduling-1] org.hibernate.SQL                        : select bec1_0.id,bec1_0.chain_id,bec1_0.contract_address,bec1_0.last_confirmed_block,bec1_0.last_confirmed_block_hash,bec1_0.updated_at,bec1_0.version from blockchain_event_cursor bec1_0 where bec1_0.chain_id=? and lower(bec1_0.contract_address)=lower(?) for no key update of bec1_0
2026-09-11T16:24:15.092+07:00 DEBUG 7844 --- [contract-service] [   scheduling-1] org.hibernate.SQL                        : select bt1_0.id,bt1_0.action,bt1_0.agreement_id,bt1_0.attempt_count,bt1_0.block_hash,bt1_0.block_number,bt1_0.calldata,bt1_0.calldata_hash,bt1_0.chain_id,bt1_0.created_at,bt1_0.dispatch_started_at,bt1_0.error_message,bt1_0.from_address,bt1_0.idempotency_key,bt1_0.next_attempt_at,bt1_0.nonce,bt1_0.receipt_status,bt1_0.settlement_id,bt1_0.signed_raw_transaction,bt1_0.status,bt1_0.to_address,bt1_0.transaction_hash,bt1_0.updated_at,bt1_0.version from blockchain_transaction bt1_0 where bt1_0.status='CREATED' and (bt1_0.next_attempt_at is null or bt1_0.next_attempt_at<=?) order by bt1_0.created_at fetch first ? rows only for no key update of bt1_0
2026-09-11T16:24:15.098+07:00 DEBUG 7844 --- [contract-service] [   scheduling-1] org.hibernate.SQL                        : select bt1_0.id,bt1_0.action,bt1_0.agreement_id,bt1_0.attempt_count,bt1_0.block_hash,bt1_0.block_number,bt1_0.calldata,bt1_0.calldata_hash,bt1_0.chain_id,bt1_0.created_at,bt1_0.dispatch_started_at,bt1_0.error_message,bt1_0.from_address,bt1_0.idempotency_key,bt1_0.next_attempt_at,bt1_0.nonce,bt1_0.receipt_status,bt1_0.settlement_id,bt1_0.signed_raw_transaction,bt1_0.status,bt1_0.to_address,bt1_0.transaction_hash,bt1_0.updated_at,bt1_0.version from blockchain_transaction bt1_0 where bt1_0.status in (?,?) order by bt1_0.updated_at fetch first ? rows only
2026-09-11T16:24:20.417+07:00 DEBUG 7844 --- [contract-service] [   scheduling-1] org.hibernate.SQL                        : select bec1_0.id,bec1_0.chain_id,bec1_0.contract_address,bec1_0.last_confirmed_block,bec1_0.last_confirmed_block_hash,bec1_0.updated_at,bec1_0.version from blockchain_event_cursor bec1_0 where bec1_0.chain_id=? and lower(bec1_0.contract_address)=lower(?) for no key update of bec1_0
2026-09-11T16:24:20.750+07:00 DEBUG 7844 --- [contract-service] [   scheduling-1] org.hibernate.SQL                        : select bt1_0.id,bt1_0.action,bt1_0.agreement_id,bt1_0.attempt_count,bt1_0.block_hash,bt1_0.block_number,bt1_0.calldata,bt1_0.calldata_hash,bt1_0.chain_id,bt1_0.created_at,bt1_0.dispatch_started_at,bt1_0.error_message,bt1_0.from_address,bt1_0.idempotency_key,bt1_0.next_attempt_at,bt1_0.nonce,bt1_0.receipt_status,bt1_0.settlement_id,bt1_0.signed_raw_transaction,bt1_0.status,bt1_0.to_address,bt1_0.transaction_hash,bt1_0.updated_at,bt1_0.version from blockchain_transaction bt1_0 where bt1_0.status='CREATED' and (bt1_0.next_attempt_at is null or bt1_0.next_attempt_at<=?) order by bt1_0.created_at fetch first ? rows only for no key update of bt1_0
2026-09-11T16:24:20.754+07:00 DEBUG 7844 --- [contract-service] [   scheduling-1] org.hibernate.SQL                        : select bt1_0.id,bt1_0.action,bt1_0.agreement_id,bt1_0.attempt_count,bt1_0.block_hash,bt1_0.block_number,bt1_0.calldata,bt1_0.calldata_hash,bt1_0.chain_id,bt1_0.created_at,bt1_0.dispatch_started_at,bt1_0.error_message,bt1_0.from_address,bt1_0.idempotency_key,bt1_0.next_attempt_at,bt1_0.nonce,bt1_0.receipt_status,bt1_0.settlement_id,bt1_0.signed_raw_transaction,bt1_0.status,bt1_0.to_address,bt1_0.transaction_hash,bt1_0.updated_at,bt1_0.version from blockchain_transaction bt1_0 where bt1_0.status in (?,?) order by bt1_0.updated_at fetch first ? rows only
2026-09-11T16:24:26.374+07:00 DEBUG 7844 --- [contract-service] [   scheduling-1] org.hibernate.SQL                        : select bec1_0.id,bec1_0.chain_id,bec1_0.contract_address,bec1_0.last_confirmed_block,bec1_0.last_confirmed_block_hash,bec1_0.updated_at,bec1_0.version from blockchain_event_cursor bec1_0 where bec1_0.chain_id=? and lower(bec1_0.contract_address)=lower(?) for no key update of bec1_0
2026-09-11T16:24:27.548+07:00 DEBUG 7844 --- [contract-service] [   scheduling-1] org.hibernate.SQL                        : update blockchain_event_cursor set chain_id=?,contract_address=?,last_confirmed_block=?,last_confirmed_block_hash=?,updated_at=?,version=? where id=? and version=?
2026-09-11T16:24:27.553+07:00 DEBUG 7844 --- [contract-service] [   scheduling-1] org.hibernate.SQL                        : select bt1_0.id,bt1_0.action,bt1_0.agreement_id,bt1_0.attempt_count,bt1_0.block_hash,bt1_0.block_number,bt1_0.calldata,bt1_0.calldata_hash,bt1_0.chain_id,bt1_0.created_at,bt1_0.dispatch_started_at,bt1_0.error_message,bt1_0.from_address,bt1_0.idempotency_key,bt1_0.next_attempt_at,bt1_0.nonce,bt1_0.receipt_status,bt1_0.settlement_id,bt1_0.signed_raw_transaction,bt1_0.status,bt1_0.to_address,bt1_0.transaction_hash,bt1_0.updated_at,bt1_0.version from blockchain_transaction bt1_0 where bt1_0.status='CREATED' and (bt1_0.next_attempt_at is null or bt1_0.next_attempt_at<=?) order by bt1_0.created_at fetch first ? rows only for no key update of bt1_0
2026-09-11T16:24:27.555+07:00 DEBUG 7844 --- [contract-service] [   scheduling-1] org.hibernate.SQL                        : select bt1_0.id,bt1_0.action,bt1_0.agreement_id,bt1_0.attempt_count,bt1_0.block_hash,bt1_0.block_number,bt1_0.calldata,bt1_0.calldata_hash,bt1_0.chain_id,bt1_0.created_at,bt1_0.dispatch_started_at,bt1_0.error_message,bt1_0.from_address,bt1_0.idempotency_key,bt1_0.next_attempt_at,bt1_0.nonce,bt1_0.receipt_status,bt1_0.settlement_id,bt1_0.signed_raw_transaction,bt1_0.status,bt1_0.to_address,bt1_0.transaction_hash,bt1_0.updated_at,bt1_0.version from blockchain_transaction bt1_0 where bt1_0.status in (?,?) order by bt1_0.updated_at fetch first ? rows only
2026-09-11T16:24:30.729+07:00 DEBUG 7844 --- [contract-service] [   scheduling-1] org.hibernate.SQL                        : select ca1_0.id,ca1_0.chain_id,ca1_0.class_name,ca1_0.classroom_id,ca1_0.classroom_reviewer_email,ca1_0.contract_version,ca1_0.created_at,ca1_0.escrow_contract_address,ca1_0.onchain_agreement_id,ca1_0.payment_deadline,ca1_0.platform_wallet,ca1_0.price_per_session_usdc_units,ca1_0.status,ca1_0.student_email,ca1_0.student_id,ca1_0.student_name,ca1_0.student_phone,ca1_0.student_wallet,ca1_0.terms_hash,ca1_0.terms_json,ca1_0.token_address,ca1_0.token_decimals,ca1_0.token_symbol,ca1_0.total_amount_usdc_units,ca1_0.total_price_vnd,ca1_0.total_sessions,ca1_0.tutor_email,ca1_0.tutor_id,ca1_0.tutor_name,ca1_0.tutor_phone,ca1_0.tutor_wallet,ca1_0.updated_at,ca1_0.version,ca1_0.vnd_per_usdc from contract_agreement ca1_0 where ca1_0.status=? and ca1_0.payment_deadline<?
2026-09-11T16:24:32.194+07:00 DEBUG 7844 --- [contract-service] [   scheduling-1] org.hibernate.SQL                        : select ca1_0.id,ca1_0.chain_id,ca1_0.class_name,ca1_0.classroom_id,ca1_0.classroom_reviewer_email,ca1_0.contract_version,ca1_0.created_at,ca1_0.escrow_contract_address,ca1_0.onchain_agreement_id,ca1_0.payment_deadline,ca1_0.platform_wallet,ca1_0.price_per_session_usdc_units,ca1_0.status,ca1_0.student_email,ca1_0.student_id,ca1_0.student_name,ca1_0.student_phone,ca1_0.student_wallet,ca1_0.terms_hash,ca1_0.terms_json,ca1_0.token_address,ca1_0.token_decimals,ca1_0.token_symbol,ca1_0.total_amount_usdc_units,ca1_0.total_price_vnd,ca1_0.total_sessions,ca1_0.tutor_email,ca1_0.tutor_id,ca1_0.tutor_name,ca1_0.tutor_phone,ca1_0.tutor_wallet,ca1_0.updated_at,ca1_0.version,ca1_0.vnd_per_usdc from contract_agreement ca1_0 where ca1_0.status=?
2026-09-11T16:24:32.907+07:00 DEBUG 7844 --- [contract-service] [   scheduling-1] org.hibernate.SQL                        : select bec1_0.id,bec1_0.chain_id,bec1_0.contract_address,bec1_0.last_confirmed_block,bec1_0.last_confirmed_block_hash,bec1_0.updated_at,bec1_0.version from blockchain_event_cursor bec1_0 where bec1_0.chain_id=? and lower(bec1_0.contract_address)=lower(?) for no key update of bec1_0
2026-09-11T16:24:33.150+07:00 DEBUG 7844 --- [contract-service] [   scheduling-1] org.hibernate.SQL                        : select bt1_0.id,bt1_0.action,bt1_0.agreement_id,bt1_0.attempt_count,bt1_0.block_hash,bt1_0.block_number,bt1_0.calldata,bt1_0.calldata_hash,bt1_0.chain_id,bt1_0.created_at,bt1_0.dispatch_started_at,bt1_0.error_message,bt1_0.from_address,bt1_0.idempotency_key,bt1_0.next_attempt_at,bt1_0.nonce,bt1_0.receipt_status,bt1_0.settlement_id,bt1_0.signed_raw_transaction,bt1_0.status,bt1_0.to_address,bt1_0.transaction_hash,bt1_0.updated_at,bt1_0.version from blockchain_transaction bt1_0 where bt1_0.status='CREATED' and (bt1_0.next_attempt_at is null or bt1_0.next_attempt_at<=?) order by bt1_0.created_at fetch first ? rows only for no key update of bt1_0
2026-09-11T16:24:33.152+07:00 DEBUG 7844 --- [contract-service] [   scheduling-1] org.hibernate.SQL                        : select bt1_0.id,bt1_0.action,bt1_0.agreement_id,bt1_0.attempt_count,bt1_0.block_hash,bt1_0.block_number,bt1_0.calldata,bt1_0.calldata_hash,bt1_0.chain_id,bt1_0.created_at,bt1_0.dispatch_started_at,bt1_0.error_message,bt1_0.from_address,bt1_0.idempotency_key,bt1_0.next_attempt_at,bt1_0.nonce,bt1_0.receipt_status,bt1_0.settlement_id,bt1_0.signed_raw_transaction,bt1_0.status,bt1_0.to_address,bt1_0.transaction_hash,bt1_0.updated_at,bt1_0.version from blockchain_transaction bt1_0 where bt1_0.status in (?,?) order by bt1_0.updated_at fetch first ? rows only
2026-09-11T16:24:38.496+07:00 DEBUG 7844 --- [contract-service] [   scheduling-1] org.hibernate.SQL                        : select bec1_0.id,bec1_0.chain_id,bec1_0.contract_address,bec1_0.last_confirmed_block,bec1_0.last_confirmed_block_hash,bec1_0.updated_at,bec1_0.version from blockchain_event_cursor bec1_0 where bec1_0.chain_id=? and lower(bec1_0.contract_address)=lower(?) for no key update of bec1_0
2026-09-11T16:24:39.225+07:00 DEBUG 7844 --- [contract-service] [   scheduling-1] org.hibernate.SQL                        : update blockchain_event_cursor set chain_id=?,contract_address=?,last_confirmed_block=?,last_confirmed_block_hash=?,updated_at=?,version=? where id=? and version=?
2026-09-11T16:24:39.229+07:00 DEBUG 7844 --- [contract-service] [   scheduling-1] org.hibernate.SQL                        : select bt1_0.id,bt1_0.action,bt1_0.agreement_id,bt1_0.attempt_count,bt1_0.block_hash,bt1_0.block_number,bt1_0.calldata,bt1_0.calldata_hash,bt1_0.chain_id,bt1_0.created_at,bt1_0.dispatch_started_at,bt1_0.error_message,bt1_0.from_address,bt1_0.idempotency_key,bt1_0.next_attempt_at,bt1_0.nonce,bt1_0.receipt_status,bt1_0.settlement_id,bt1_0.signed_raw_transaction,bt1_0.status,bt1_0.to_address,bt1_0.transaction_hash,bt1_0.updated_at,bt1_0.version from blockchain_transaction bt1_0 where bt1_0.status='CREATED' and (bt1_0.next_attempt_at is null or bt1_0.next_attempt_at<=?) order by bt1_0.created_at fetch first ? rows only for no key update of bt1_0
2026-09-11T16:24:39.232+07:00 DEBUG 7844 --- [contract-service] [   scheduling-1] org.hibernate.SQL                        : select bt1_0.id,bt1_0.action,bt1_0.agreement_id,bt1_0.attempt_count,bt1_0.block_hash,bt1_0.block_number,bt1_0.calldata,bt1_0.calldata_hash,bt1_0.chain_id,bt1_0.created_at,bt1_0.dispatch_started_at,bt1_0.error_message,bt1_0.from_address,bt1_0.idempotency_key,bt1_0.next_attempt_at,bt1_0.nonce,bt1_0.receipt_status,bt1_0.settlement_id,bt1_0.signed_raw_transaction,bt1_0.status,bt1_0.to_address,bt1_0.transaction_hash,bt1_0.updated_at,bt1_0.version from blockchain_transaction bt1_0 where bt1_0.status in (?,?) order by bt1_0.updated_at fetch first ? rows only
2026-09-11T16:24:44.587+07:00 DEBUG 7844 --- [contract-service] [   scheduling-1] org.hibernate.SQL                        : select bec1_0.id,bec1_0.chain_id,bec1_0.contract_address,bec1_0.last_confirmed_block,bec1_0.last_confirmed_block_hash,bec1_0.updated_at,bec1_0.version from blockchain_event_cursor bec1_0 where bec1_0.chain_id=? and lower(bec1_0.contract_address)=lower(?) for no key update of bec1_0
2026-09-11T16:24:44.766+07:00 DEBUG 7844 --- [contract-service] [   scheduling-1] org.hibernate.SQL                        : select bt1_0.id,bt1_0.action,bt1_0.agreement_id,bt1_0.attempt_count,bt1_0.block_hash,bt1_0.block_number,bt1_0.calldata,bt1_0.calldata_hash,bt1_0.chain_id,bt1_0.created_at,bt1_0.dispatch_started_at,bt1_0.error_message,bt1_0.from_address,bt1_0.idempotency_key,bt1_0.next_attempt_at,bt1_0.nonce,bt1_0.receipt_status,bt1_0.settlement_id,bt1_0.signed_raw_transaction,bt1_0.status,bt1_0.to_address,bt1_0.transaction_hash,bt1_0.updated_at,bt1_0.version from blockchain_transaction bt1_0 where bt1_0.status='CREATED' and (bt1_0.next_attempt_at is null or bt1_0.next_attempt_at<=?) order by bt1_0.created_at fetch first ? rows only for no key update of bt1_0
2026-09-11T16:24:44.770+07:00 DEBUG 7844 --- [contract-service] [   scheduling-1] org.hibernate.SQL                        : select bt1_0.id,bt1_0.action,bt1_0.agreement_id,bt1_0.attempt_count,bt1_0.block_hash,bt1_0.block_number,bt1_0.calldata,bt1_0.calldata_hash,bt1_0.chain_id,bt1_0.created_at,bt1_0.dispatch_started_at,bt1_0.error_message,bt1_0.from_address,bt1_0.idempotency_key,bt1_0.next_attempt_at,bt1_0.nonce,bt1_0.receipt_status,bt1_0.settlement_id,bt1_0.signed_raw_transaction,bt1_0.status,bt1_0.to_address,bt1_0.transaction_hash,bt1_0.updated_at,bt1_0.version from blockchain_transaction bt1_0 where bt1_0.status in (?,?) order by bt1_0.updated_at fetch first ? rows only
2026-09-11T16:24:50.113+07:00 DEBUG 7844 --- [contract-service] [   scheduling-1] org.hibernate.SQL                        : select bec1_0.id,bec1_0.chain_id,bec1_0.contract_address,bec1_0.last_confirmed_block,bec1_0.last_confirmed_block_hash,bec1_0.updated_at,bec1_0.version from blockchain_event_cursor bec1_0 where bec1_0.chain_id=? and lower(bec1_0.contract_address)=lower(?) for no key update of bec1_0
2026-09-11T16:24:50.625+07:00 DEBUG 7844 --- [contract-service] [   scheduling-1] org.hibernate.SQL                        : update blockchain_event_cursor set chain_id=?,contract_address=?,last_confirmed_block=?,last_confirmed_block_hash=?,updated_at=?,version=? where id=? and version=?
2026-09-11T16:24:50.629+07:00 DEBUG 7844 --- [contract-service] [   scheduling-1] org.hibernate.SQL                        : select bt1_0.id,bt1_0.action,bt1_0.agreement_id,bt1_0.attempt_count,bt1_0.block_hash,bt1_0.block_number,bt1_0.calldata,bt1_0.calldata_hash,bt1_0.chain_id,bt1_0.created_at,bt1_0.dispatch_started_at,bt1_0.error_message,bt1_0.from_address,bt1_0.idempotency_key,bt1_0.next_attempt_at,bt1_0.nonce,bt1_0.receipt_status,bt1_0.settlement_id,bt1_0.signed_raw_transaction,bt1_0.status,bt1_0.to_address,bt1_0.transaction_hash,bt1_0.updated_at,bt1_0.version from blockchain_transaction bt1_0 where bt1_0.status='CREATED' and (bt1_0.next_attempt_at is null or bt1_0.next_attempt_at<=?) order by bt1_0.created_at fetch first ? rows only for no key update of bt1_0
2026-09-11T16:24:50.633+07:00 DEBUG 7844 --- [contract-service] [   scheduling-1] org.hibernate.SQL                        : select bt1_0.id,bt1_0.action,bt1_0.agreement_id,bt1_0.attempt_count,bt1_0.block_hash,bt1_0.block_number,bt1_0.calldata,bt1_0.calldata_hash,bt1_0.chain_id,bt1_0.created_at,bt1_0.dispatch_started_at,bt1_0.error_message,bt1_0.from_address,bt1_0.idempotency_key,bt1_0.next_attempt_at,bt1_0.nonce,bt1_0.receipt_status,bt1_0.settlement_id,bt1_0.signed_raw_transaction,bt1_0.status,bt1_0.to_address,bt1_0.transaction_hash,bt1_0.updated_at,bt1_0.version from blockchain_transaction bt1_0 where bt1_0.status in (?,?) order by bt1_0.updated_at fetch first ? rows only
2026-09-11T16:24:52.461+07:00 DEBUG 7844 --- [contract-service] [   scheduling-1] org.hibernate.SQL                        : select ss1_0.id,ss1_0.agreement_id,ss1_0.amount,ss1_0.created_at,ss1_0.dispute_deadline,ss1_0.finalize_tx_hash,ss1_0.onchain_session_id,ss1_0.outcome,ss1_0.platform_amount,ss1_0.proposal_evidence_hash,ss1_0.propose_tx_hash,ss1_0.session_id,ss1_0.status,ss1_0.student_refund_amount,ss1_0.tutor_amount,ss1_0.updated_at,ss1_0.version from session_settlement ss1_0 where ss1_0.status=? and ss1_0.dispute_deadline<? order by ss1_0.dispute_deadline fetch first ? rows only
2026-09-11T16:24:55.972+07:00 DEBUG 7844 --- [contract-service] [   scheduling-1] org.hibernate.SQL                        : select bec1_0.id,bec1_0.chain_id,bec1_0.contract_address,bec1_0.last_confirmed_block,bec1_0.last_confirmed_block_hash,bec1_0.updated_at,bec1_0.version from blockchain_event_cursor bec1_0 where bec1_0.chain_id=? and lower(bec1_0.contract_address)=lower(?) for no key update of bec1_0
2026-09-11T16:24:56.142+07:00 DEBUG 7844 --- [contract-service] [   scheduling-1] org.hibernate.SQL                        : select bt1_0.id,bt1_0.action,bt1_0.agreement_id,bt1_0.attempt_count,bt1_0.block_hash,bt1_0.block_number,bt1_0.calldata,bt1_0.calldata_hash,bt1_0.chain_id,bt1_0.created_at,bt1_0.dispatch_started_at,bt1_0.error_message,bt1_0.from_address,bt1_0.idempotency_key,bt1_0.next_attempt_at,bt1_0.nonce,bt1_0.receipt_status,bt1_0.settlement_id,bt1_0.signed_raw_transaction,bt1_0.status,bt1_0.to_address,bt1_0.transaction_hash,bt1_0.updated_at,bt1_0.version from blockchain_transaction bt1_0 where bt1_0.status='CREATED' and (bt1_0.next_attempt_at is null or bt1_0.next_attempt_at<=?) order by bt1_0.created_at fetch first ? rows only for no key update of bt1_0
2026-09-11T16:24:56.145+07:00 DEBUG 7844 --- [contract-service] [   scheduling-1] org.hibernate.SQL                        : select bt1_0.id,bt1_0.action,bt1_0.agreement_id,bt1_0.attempt_count,bt1_0.block_hash,bt1_0.block_number,bt1_0.calldata,bt1_0.calldata_hash,bt1_0.chain_id,bt1_0.created_at,bt1_0.dispatch_started_at,bt1_0.error_message,bt1_0.from_address,bt1_0.idempotency_key,bt1_0.next_attempt_at,bt1_0.nonce,bt1_0.receipt_status,bt1_0.settlement_id,bt1_0.signed_raw_transaction,bt1_0.status,bt1_0.to_address,bt1_0.transaction_hash,bt1_0.updated_at,bt1_0.version from blockchain_transaction bt1_0 where bt1_0.status in (?,?) order by bt1_0.updated_at fetch first ? rows only
2026-09-11T16:25:01.607+07:00 DEBUG 7844 --- [contract-service] [   scheduling-1] org.hibernate.SQL                        : select bec1_0.id,bec1_0.chain_id,bec1_0.contract_address,bec1_0.last_confirmed_block,bec1_0.last_confirmed_block_hash,bec1_0.updated_at,bec1_0.version from blockchain_event_cursor bec1_0 where bec1_0.chain_id=? and lower(bec1_0.contract_address)=lower(?) for no key update of bec1_0
2026-09-11T16:25:01.779+07:00 DEBUG 7844 --- [contract-service] [   scheduling-1] org.hibernate.SQL                        : select bt1_0.id,bt1_0.action,bt1_0.agreement_id,bt1_0.attempt_count,bt1_0.block_hash,bt1_0.block_number,bt1_0.calldata,bt1_0.calldata_hash,bt1_0.chain_id,bt1_0.created_at,bt1_0.dispatch_started_at,bt1_0.error_message,bt1_0.from_address,bt1_0.idempotency_key,bt1_0.next_attempt_at,bt1_0.nonce,bt1_0.receipt_status,bt1_0.settlement_id,bt1_0.signed_raw_transaction,bt1_0.status,bt1_0.to_address,bt1_0.transaction_hash,bt1_0.updated_at,bt1_0.version from blockchain_transaction bt1_0 where bt1_0.status='CREATED' and (bt1_0.next_attempt_at is null or bt1_0.next_attempt_at<=?) order by bt1_0.created_at fetch first ? rows only for no key update of bt1_0
2026-09-11T16:25:01.786+07:00 DEBUG 7844 --- [contract-service] [   scheduling-1] org.hibernate.SQL                        : select bt1_0.id,bt1_0.action,bt1_0.agreement_id,bt1_0.attempt_count,bt1_0.block_hash,bt1_0.block_number,bt1_0.calldata,bt1_0.calldata_hash,bt1_0.chain_id,bt1_0.created_at,bt1_0.dispatch_started_at,bt1_0.error_message,bt1_0.from_address,bt1_0.idempotency_key,bt1_0.next_attempt_at,bt1_0.nonce,bt1_0.receipt_status,bt1_0.settlement_id,bt1_0.signed_raw_transaction,bt1_0.status,bt1_0.to_address,bt1_0.transaction_hash,bt1_0.updated_at,bt1_0.version from blockchain_transaction bt1_0 where bt1_0.status in (?,?) order by bt1_0.updated_at fetch first ? rows only
2026-09-11T16:25:02.209+07:00 DEBUG 7844 --- [contract-service] [   scheduling-1] org.hibernate.SQL                        : select ca1_0.id,ca1_0.chain_id,ca1_0.class_name,ca1_0.classroom_id,ca1_0.classroom_reviewer_email,ca1_0.contract_version,ca1_0.created_at,ca1_0.escrow_contract_address,ca1_0.onchain_agreement_id,ca1_0.payment_deadline,ca1_0.platform_wallet,ca1_0.price_per_session_usdc_units,ca1_0.status,ca1_0.student_email,ca1_0.student_id,ca1_0.student_name,ca1_0.student_phone,ca1_0.student_wallet,ca1_0.terms_hash,ca1_0.terms_json,ca1_0.token_address,ca1_0.token_decimals,ca1_0.token_symbol,ca1_0.total_amount_usdc_units,ca1_0.total_price_vnd,ca1_0.total_sessions,ca1_0.tutor_email,ca1_0.tutor_id,ca1_0.tutor_name,ca1_0.tutor_phone,ca1_0.tutor_wallet,ca1_0.updated_at,ca1_0.version,ca1_0.vnd_per_usdc from contract_agreement ca1_0 where ca1_0.status=?
2026-09-11T16:25:07.182+07:00 DEBUG 7844 --- [contract-service] [   scheduling-1] org.hibernate.SQL                        : select bec1_0.id,bec1_0.chain_id,bec1_0.contract_address,bec1_0.last_confirmed_block,bec1_0.last_confirmed_block_hash,bec1_0.updated_at,bec1_0.version from blockchain_event_cursor bec1_0 where bec1_0.chain_id=? and lower(bec1_0.contract_address)=lower(?) for no key update of bec1_0
2026-09-11T16:25:07.828+07:00 DEBUG 7844 --- [contract-service] [   scheduling-1] org.hibernate.SQL                        : update blockchain_event_cursor set chain_id=?,contract_address=?,last_confirmed_block=?,last_confirmed_block_hash=?,updated_at=?,version=? where id=? and version=?
2026-09-11T16:25:07.830+07:00 DEBUG 7844 --- [contract-service] [   scheduling-1] org.hibernate.SQL                        : select bt1_0.id,bt1_0.action,bt1_0.agreement_id,bt1_0.attempt_count,bt1_0.block_hash,bt1_0.block_number,bt1_0.calldata,bt1_0.calldata_hash,bt1_0.chain_id,bt1_0.created_at,bt1_0.dispatch_started_at,bt1_0.error_message,bt1_0.from_address,bt1_0.idempotency_key,bt1_0.next_attempt_at,bt1_0.nonce,bt1_0.receipt_status,bt1_0.settlement_id,bt1_0.signed_raw_transaction,bt1_0.status,bt1_0.to_address,bt1_0.transaction_hash,bt1_0.updated_at,bt1_0.version from blockchain_transaction bt1_0 where bt1_0.status='CREATED' and (bt1_0.next_attempt_at is null or bt1_0.next_attempt_at<=?) order by bt1_0.created_at fetch first ? rows only for no key update of bt1_0
2026-09-11T16:25:07.834+07:00 DEBUG 7844 --- [contract-service] [   scheduling-1] org.hibernate.SQL                        : select bt1_0.id,bt1_0.action,bt1_0.agreement_id,bt1_0.attempt_count,bt1_0.block_hash,bt1_0.block_number,bt1_0.calldata,bt1_0.calldata_hash,bt1_0.chain_id,bt1_0.created_at,bt1_0.dispatch_started_at,bt1_0.error_message,bt1_0.from_address,bt1_0.idempotency_key,bt1_0.next_attempt_at,bt1_0.nonce,bt1_0.receipt_status,bt1_0.settlement_id,bt1_0.signed_raw_transaction,bt1_0.status,bt1_0.to_address,bt1_0.transaction_hash,bt1_0.updated_at,bt1_0.version from blockchain_transaction bt1_0 where bt1_0.status in (?,?) order by bt1_0.updated_at fetch first ? rows only
2026-09-11T16:25:13.186+07:00 DEBUG 7844 --- [contract-service] [   scheduling-1] org.hibernate.SQL                        : select bec1_0.id,bec1_0.chain_id,bec1_0.contract_address,bec1_0.last_confirmed_block,bec1_0.last_confirmed_block_hash,bec1_0.updated_at,bec1_0.version from blockchain_event_cursor bec1_0 where bec1_0.chain_id=? and lower(bec1_0.contract_address)=lower(?) for no key update of bec1_0
2026-09-11T16:25:13.358+07:00 DEBUG 7844 --- [contract-service] [   scheduling-1] org.hibernate.SQL                        : select bt1_0.id,bt1_0.action,bt1_0.agreement_id,bt1_0.attempt_count,bt1_0.block_hash,bt1_0.block_number,bt1_0.calldata,bt1_0.calldata_hash,bt1_0.chain_id,bt1_0.created_at,bt1_0.dispatch_started_at,bt1_0.error_message,bt1_0.from_address,bt1_0.idempotency_key,bt1_0.next_attempt_at,bt1_0.nonce,bt1_0.receipt_status,bt1_0.settlement_id,bt1_0.signed_raw_transaction,bt1_0.status,bt1_0.to_address,bt1_0.transaction_hash,bt1_0.updated_at,bt1_0.version from blockchain_transaction bt1_0 where bt1_0.status='CREATED' and (bt1_0.next_attempt_at is null or bt1_0.next_attempt_at<=?) order by bt1_0.created_at fetch first ? rows only for no key update of bt1_0
2026-09-11T16:25:13.366+07:00 DEBUG 7844 --- [contract-service] [   scheduling-1] org.hibernate.SQL                        : select bt1_0.id,bt1_0.action,bt1_0.agreement_id,bt1_0.attempt_count,bt1_0.block_hash,bt1_0.block_number,bt1_0.calldata,bt1_0.calldata_hash,bt1_0.chain_id,bt1_0.created_at,bt1_0.dispatch_started_at,bt1_0.error_message,bt1_0.from_address,bt1_0.idempotency_key,bt1_0.next_attempt_at,bt1_0.nonce,bt1_0.receipt_status,bt1_0.settlement_id,bt1_0.signed_raw_transaction,bt1_0.status,bt1_0.to_address,bt1_0.transaction_hash,bt1_0.updated_at,bt1_0.version from blockchain_transaction bt1_0 where bt1_0.status in (?,?) order by bt1_0.updated_at fetch first ? rows only
2026-09-11T16:25:18.699+07:00 DEBUG 7844 --- [contract-service] [   scheduling-1] org.hibernate.SQL                        : select bec1_0.id,bec1_0.chain_id,bec1_0.contract_address,bec1_0.last_confirmed_block,bec1_0.last_confirmed_block_hash,bec1_0.updated_at,bec1_0.version from blockchain_event_cursor bec1_0 where bec1_0.chain_id=? and lower(bec1_0.contract_address)=lower(?) for no key update of bec1_0
2026-09-11T16:25:19.427+07:00 DEBUG 7844 --- [contract-service] [   scheduling-1] org.hibernate.SQL                        : update blockchain_event_cursor set chain_id=?,contract_address=?,last_confirmed_block=?,last_confirmed_block_hash=?,updated_at=?,version=? where id=? and version=?
2026-09-11T16:25:19.432+07:00 DEBUG 7844 --- [contract-service] [   scheduling-1] org.hibernate.SQL                        : select bt1_0.id,bt1_0.action,bt1_0.agreement_id,bt1_0.attempt_count,bt1_0.block_hash,bt1_0.block_number,bt1_0.calldata,bt1_0.calldata_hash,bt1_0.chain_id,bt1_0.created_at,bt1_0.dispatch_started_at,bt1_0.error_message,bt1_0.from_address,bt1_0.idempotency_key,bt1_0.next_attempt_at,bt1_0.nonce,bt1_0.receipt_status,bt1_0.settlement_id,bt1_0.signed_raw_transaction,bt1_0.status,bt1_0.to_address,bt1_0.transaction_hash,bt1_0.updated_at,bt1_0.version from blockchain_transaction bt1_0 where bt1_0.status='CREATED' and (bt1_0.next_attempt_at is null or bt1_0.next_attempt_at<=?) order by bt1_0.created_at fetch first ? rows only for no key update of bt1_0
2026-09-11T16:25:19.435+07:00 DEBUG 7844 --- [contract-service] [   scheduling-1] org.hibernate.SQL                        : select bt1_0.id,bt1_0.action,bt1_0.agreement_id,bt1_0.attempt_count,bt1_0.block_hash,bt1_0.block_number,bt1_0.calldata,bt1_0.calldata_hash,bt1_0.chain_id,bt1_0.created_at,bt1_0.dispatch_started_at,bt1_0.error_message,bt1_0.from_address,bt1_0.idempotency_key,bt1_0.next_attempt_at,bt1_0.nonce,bt1_0.receipt_status,bt1_0.settlement_id,bt1_0.signed_raw_transaction,bt1_0.status,bt1_0.to_address,bt1_0.transaction_hash,bt1_0.updated_at,bt1_0.version from blockchain_transaction bt1_0 where bt1_0.status in (?,?) order by bt1_0.updated_at fetch first ? rows only
2026-09-11T16:25:24.757+07:00 DEBUG 7844 --- [contract-service] [   scheduling-1] org.hibernate.SQL                        : select bec1_0.id,bec1_0.chain_id,bec1_0.contract_address,bec1_0.last_confirmed_block,bec1_0.last_confirmed_block_hash,bec1_0.updated_at,bec1_0.version from blockchain_event_cursor bec1_0 where bec1_0.chain_id=? and lower(bec1_0.contract_address)=lower(?) for no key update of bec1_0
2026-09-11T16:25:24.918+07:00 DEBUG 7844 --- [contract-service] [   scheduling-1] org.hibernate.SQL                        : select bt1_0.id,bt1_0.action,bt1_0.agreement_id,bt1_0.attempt_count,bt1_0.block_hash,bt1_0.block_number,bt1_0.calldata,bt1_0.calldata_hash,bt1_0.chain_id,bt1_0.created_at,bt1_0.dispatch_started_at,bt1_0.error_message,bt1_0.from_address,bt1_0.idempotency_key,bt1_0.next_attempt_at,bt1_0.nonce,bt1_0.receipt_status,bt1_0.settlement_id,bt1_0.signed_raw_transaction,bt1_0.status,bt1_0.to_address,bt1_0.transaction_hash,bt1_0.updated_at,bt1_0.version from blockchain_transaction bt1_0 where bt1_0.status='CREATED' and (bt1_0.next_attempt_at is null or bt1_0.next_attempt_at<=?) order by bt1_0.created_at fetch first ? rows only for no key update of bt1_0
2026-09-11T16:25:24.921+07:00 DEBUG 7844 --- [contract-service] [   scheduling-1] org.hibernate.SQL                        : select bt1_0.id,bt1_0.action,bt1_0.agreement_id,bt1_0.attempt_count,bt1_0.block_hash,bt1_0.block_number,bt1_0.calldata,bt1_0.calldata_hash,bt1_0.chain_id,bt1_0.created_at,bt1_0.dispatch_started_at,bt1_0.error_message,bt1_0.from_address,bt1_0.idempotency_key,bt1_0.next_attempt_at,bt1_0.nonce,bt1_0.receipt_status,bt1_0.settlement_id,bt1_0.signed_raw_transaction,bt1_0.status,bt1_0.to_address,bt1_0.transaction_hash,bt1_0.updated_at,bt1_0.version from blockchain_transaction bt1_0 where bt1_0.status in (?,?) order by bt1_0.updated_at fetch first ? rows only
2026-09-11T16:25:30.247+07:00 DEBUG 7844 --- [contract-service] [   scheduling-1] org.hibernate.SQL                        : select bec1_0.id,bec1_0.chain_id,bec1_0.contract_address,bec1_0.last_confirmed_block,bec1_0.last_confirmed_block_hash,bec1_0.updated_at,bec1_0.version from blockchain_event_cursor bec1_0 where bec1_0.chain_id=? and lower(bec1_0.contract_address)=lower(?) for no key update of bec1_0
2026-09-11T16:25:31.028+07:00 DEBUG 7844 --- [contract-service] [   scheduling-1] org.hibernate.SQL                        : update blockchain_event_cursor set chain_id=?,contract_address=?,last_confirmed_block=?,last_confirmed_block_hash=?,updated_at=?,version=? where id=? and version=?
2026-09-11T16:25:31.032+07:00 DEBUG 7844 --- [contract-service] [   scheduling-1] org.hibernate.SQL                        : select bt1_0.id,bt1_0.action,bt1_0.agreement_id,bt1_0.attempt_count,bt1_0.block_hash,bt1_0.block_number,bt1_0.calldata,bt1_0.calldata_hash,bt1_0.chain_id,bt1_0.created_at,bt1_0.dispatch_started_at,bt1_0.error_message,bt1_0.from_address,bt1_0.idempotency_key,bt1_0.next_attempt_at,bt1_0.nonce,bt1_0.receipt_status,bt1_0.settlement_id,bt1_0.signed_raw_transaction,bt1_0.status,bt1_0.to_address,bt1_0.transaction_hash,bt1_0.updated_at,bt1_0.version from blockchain_transaction bt1_0 where bt1_0.status='CREATED' and (bt1_0.next_attempt_at is null or bt1_0.next_attempt_at<=?) order by bt1_0.created_at fetch first ? rows only for no key update of bt1_0
2026-09-11T16:25:31.036+07:00 DEBUG 7844 --- [contract-service] [   scheduling-1] org.hibernate.SQL                        : select bt1_0.id,bt1_0.action,bt1_0.agreement_id,bt1_0.attempt_count,bt1_0.block_hash,bt1_0.block_number,bt1_0.calldata,bt1_0.calldata_hash,bt1_0.chain_id,bt1_0.created_at,bt1_0.dispatch_started_at,bt1_0.error_message,bt1_0.from_address,bt1_0.idempotency_key,bt1_0.next_attempt_at,bt1_0.nonce,bt1_0.receipt_status,bt1_0.settlement_id,bt1_0.signed_raw_transaction,bt1_0.status,bt1_0.to_address,bt1_0.transaction_hash,bt1_0.updated_at,bt1_0.version from blockchain_transaction bt1_0 where bt1_0.status in (?,?) order by bt1_0.updated_at fetch first ? rows only
2026-09-11T16:25:31.038+07:00 DEBUG 7844 --- [contract-service] [   scheduling-1] org.hibernate.SQL                        : select ca1_0.id,ca1_0.chain_id,ca1_0.class_name,ca1_0.classroom_id,ca1_0.classroom_reviewer_email,ca1_0.contract_version,ca1_0.created_at,ca1_0.escrow_contract_address,ca1_0.onchain_agreement_id,ca1_0.payment_deadline,ca1_0.platform_wallet,ca1_0.price_per_session_usdc_units,ca1_0.status,ca1_0.student_email,ca1_0.student_id,ca1_0.student_name,ca1_0.student_phone,ca1_0.student_wallet,ca1_0.terms_hash,ca1_0.terms_json,ca1_0.token_address,ca1_0.token_decimals,ca1_0.token_symbol,ca1_0.total_amount_usdc_units,ca1_0.total_price_vnd,ca1_0.total_sessions,ca1_0.tutor_email,ca1_0.tutor_id,ca1_0.tutor_name,ca1_0.tutor_phone,ca1_0.tutor_wallet,ca1_0.updated_at,ca1_0.version,ca1_0.vnd_per_usdc from contract_agreement ca1_0 where ca1_0.status=? and ca1_0.payment_deadline<?
2026-09-11T16:25:32.225+07:00 DEBUG 7844 --- [contract-service] [   scheduling-1] org.hibernate.SQL                        : select ca1_0.id,ca1_0.chain_id,ca1_0.class_name,ca1_0.classroom_id,ca1_0.classroom_reviewer_email,ca1_0.contract_version,ca1_0.created_at,ca1_0.escrow_contract_address,ca1_0.onchain_agreement_id,ca1_0.payment_deadline,ca1_0.platform_wallet,ca1_0.price_per_session_usdc_units,ca1_0.status,ca1_0.student_email,ca1_0.student_id,ca1_0.student_name,ca1_0.student_phone,ca1_0.student_wallet,ca1_0.terms_hash,ca1_0.terms_json,ca1_0.token_address,ca1_0.token_decimals,ca1_0.token_symbol,ca1_0.total_amount_usdc_units,ca1_0.total_price_vnd,ca1_0.total_sessions,ca1_0.tutor_email,ca1_0.tutor_id,ca1_0.tutor_name,ca1_0.tutor_phone,ca1_0.tutor_wallet,ca1_0.updated_at,ca1_0.version,ca1_0.vnd_per_usdc from contract_agreement ca1_0 where ca1_0.status=?
2026-09-11T16:25:36.374+07:00 DEBUG 7844 --- [contract-service] [   scheduling-1] org.hibernate.SQL                        : select bec1_0.id,bec1_0.chain_id,bec1_0.contract_address,bec1_0.last_confirmed_block,bec1_0.last_confirmed_block_hash,bec1_0.updated_at,bec1_0.version from blockchain_event_cursor bec1_0 where bec1_0.chain_id=? and lower(bec1_0.contract_address)=lower(?) for no key update of bec1_0
2026-09-11T16:25:36.546+07:00 DEBUG 7844 --- [contract-service] [   scheduling-1] org.hibernate.SQL                        : select bt1_0.id,bt1_0.action,bt1_0.agreement_id,bt1_0.attempt_count,bt1_0.block_hash,bt1_0.block_number,bt1_0.calldata,bt1_0.calldata_hash,bt1_0.chain_id,bt1_0.created_at,bt1_0.dispatch_started_at,bt1_0.error_message,bt1_0.from_address,bt1_0.idempotency_key,bt1_0.next_attempt_at,bt1_0.nonce,bt1_0.receipt_status,bt1_0.settlement_id,bt1_0.signed_raw_transaction,bt1_0.status,bt1_0.to_address,bt1_0.transaction_hash,bt1_0.updated_at,bt1_0.version from blockchain_transaction bt1_0 where bt1_0.status='CREATED' and (bt1_0.next_attempt_at is null or bt1_0.next_attempt_at<=?) order by bt1_0.created_at fetch first ? rows only for no key update of bt1_0
2026-09-11T16:25:36.549+07:00 DEBUG 7844 --- [contract-service] [   scheduling-1] org.hibernate.SQL                        : select bt1_0.id,bt1_0.action,bt1_0.agreement_id,bt1_0.attempt_count,bt1_0.block_hash,bt1_0.block_number,bt1_0.calldata,bt1_0.calldata_hash,bt1_0.chain_id,bt1_0.created_at,bt1_0.dispatch_started_at,bt1_0.error_message,bt1_0.from_address,bt1_0.idempotency_key,bt1_0.next_attempt_at,bt1_0.nonce,bt1_0.receipt_status,bt1_0.settlement_id,bt1_0.signed_raw_transaction,bt1_0.status,bt1_0.to_address,bt1_0.transaction_hash,bt1_0.updated_at,bt1_0.version from blockchain_transaction bt1_0 where bt1_0.status in (?,?) order by bt1_0.updated_at fetch first ? rows only
2026-09-11T16:25:41.887+07:00 DEBUG 7844 --- [contract-service] [   scheduling-1] org.hibernate.SQL                        : select bec1_0.id,bec1_0.chain_id,bec1_0.contract_address,bec1_0.last_confirmed_block,bec1_0.last_confirmed_block_hash,bec1_0.updated_at,bec1_0.version from blockchain_event_cursor bec1_0 where bec1_0.chain_id=? and lower(bec1_0.contract_address)=lower(?) for no key update of bec1_0
2026-09-11T16:25:42.374+07:00 DEBUG 7844 --- [contract-service] [   scheduling-1] org.hibernate.SQL                        : update blockchain_event_cursor set chain_id=?,contract_address=?,last_confirmed_block=?,last_confirmed_block_hash=?,updated_at=?,version=? where id=? and version=?
2026-09-11T16:25:42.379+07:00 DEBUG 7844 --- [contract-service] [   scheduling-1] org.hibernate.SQL                        : select bt1_0.id,bt1_0.action,bt1_0.agreement_id,bt1_0.attempt_count,bt1_0.block_hash,bt1_0.block_number,bt1_0.calldata,bt1_0.calldata_hash,bt1_0.chain_id,bt1_0.created_at,bt1_0.dispatch_started_at,bt1_0.error_message,bt1_0.from_address,bt1_0.idempotency_key,bt1_0.next_attempt_at,bt1_0.nonce,bt1_0.receipt_status,bt1_0.settlement_id,bt1_0.signed_raw_transaction,bt1_0.status,bt1_0.to_address,bt1_0.transaction_hash,bt1_0.updated_at,bt1_0.version from blockchain_transaction bt1_0 where bt1_0.status='CREATED' and (bt1_0.next_attempt_at is null or bt1_0.next_attempt_at<=?) order by bt1_0.created_at fetch first ? rows only for no key update of bt1_0
2026-09-11T16:25:42.384+07:00 DEBUG 7844 --- [contract-service] [   scheduling-1] org.hibernate.SQL                        : select bt1_0.id,bt1_0.action,bt1_0.agreement_id,bt1_0.attempt_count,bt1_0.block_hash,bt1_0.block_number,bt1_0.calldata,bt1_0.calldata_hash,bt1_0.chain_id,bt1_0.created_at,bt1_0.dispatch_started_at,bt1_0.error_message,bt1_0.from_address,bt1_0.idempotency_key,bt1_0.next_attempt_at,bt1_0.nonce,bt1_0.receipt_status,bt1_0.settlement_id,bt1_0.signed_raw_transaction,bt1_0.status,bt1_0.to_address,bt1_0.transaction_hash,bt1_0.updated_at,bt1_0.version from blockchain_transaction bt1_0 where bt1_0.status in (?,?) order by bt1_0.updated_at fetch first ? rows only
2026-09-11T16:25:47.741+07:00 DEBUG 7844 --- [contract-service] [   scheduling-1] org.hibernate.SQL                        : select bec1_0.id,bec1_0.chain_id,bec1_0.contract_address,bec1_0.last_confirmed_block,bec1_0.last_confirmed_block_hash,bec1_0.updated_at,bec1_0.version from blockchain_event_cursor bec1_0 where bec1_0.chain_id=? and lower(bec1_0.contract_address)=lower(?) for no key update of bec1_0
2026-09-11T16:25:47.981+07:00 DEBUG 7844 --- [contract-service] [   scheduling-1] org.hibernate.SQL                        : select bt1_0.id,bt1_0.action,bt1_0.agreement_id,bt1_0.attempt_count,bt1_0.block_hash,bt1_0.block_number,bt1_0.calldata,bt1_0.calldata_hash,bt1_0.chain_id,bt1_0.created_at,bt1_0.dispatch_started_at,bt1_0.error_message,bt1_0.from_address,bt1_0.idempotency_key,bt1_0.next_attempt_at,bt1_0.nonce,bt1_0.receipt_status,bt1_0.settlement_id,bt1_0.signed_raw_transaction,bt1_0.status,bt1_0.to_address,bt1_0.transaction_hash,bt1_0.updated_at,bt1_0.version from blockchain_transaction bt1_0 where bt1_0.status='CREATED' and (bt1_0.next_attempt_at is null or bt1_0.next_attempt_at<=?) order by bt1_0.created_at fetch first ? rows only for no key update of bt1_0
2026-09-11T16:25:47.986+07:00 DEBUG 7844 --- [contract-service] [   scheduling-1] org.hibernate.SQL                        : select bt1_0.id,bt1_0.action,bt1_0.agreement_id,bt1_0.attempt_count,bt1_0.block_hash,bt1_0.block_number,bt1_0.calldata,bt1_0.calldata_hash,bt1_0.chain_id,bt1_0.created_at,bt1_0.dispatch_started_at,bt1_0.error_message,bt1_0.from_address,bt1_0.idempotency_key,bt1_0.next_attempt_at,bt1_0.nonce,bt1_0.receipt_status,bt1_0.settlement_id,bt1_0.signed_raw_transaction,bt1_0.status,bt1_0.to_address,bt1_0.transaction_hash,bt1_0.updated_at,bt1_0.version from blockchain_transaction bt1_0 where bt1_0.status in (?,?) order by bt1_0.updated_at fetch first ? rows only
2026-09-11T16:25:52.472+07:00 DEBUG 7844 --- [contract-service] [   scheduling-1] org.hibernate.SQL                        : select ss1_0.id,ss1_0.agreement_id,ss1_0.amount,ss1_0.created_at,ss1_0.dispute_deadline,ss1_0.finalize_tx_hash,ss1_0.onchain_session_id,ss1_0.outcome,ss1_0.platform_amount,ss1_0.proposal_evidence_hash,ss1_0.propose_tx_hash,ss1_0.session_id,ss1_0.status,ss1_0.student_refund_amount,ss1_0.tutor_amount,ss1_0.updated_at,ss1_0.version from session_settlement ss1_0 where ss1_0.status=? and ss1_0.dispute_deadline<? order by ss1_0.dispute_deadline fetch first ? rows only
2026-09-11T16:25:53.352+07:00 DEBUG 7844 --- [contract-service] [   scheduling-1] org.hibernate.SQL                        : select bec1_0.id,bec1_0.chain_id,bec1_0.contract_address,bec1_0.last_confirmed_block,bec1_0.last_confirmed_block_hash,bec1_0.updated_at,bec1_0.version from blockchain_event_cursor bec1_0 where bec1_0.chain_id=? and lower(bec1_0.contract_address)=lower(?) for no key update of bec1_0
2026-09-11T16:25:54.085+07:00 DEBUG 7844 --- [contract-service] [   scheduling-1] org.hibernate.SQL                        : update blockchain_event_cursor set chain_id=?,contract_address=?,last_confirmed_block=?,last_confirmed_block_hash=?,updated_at=?,version=? where id=? and version=?
2026-09-11T16:25:54.091+07:00 DEBUG 7844 --- [contract-service] [   scheduling-1] org.hibernate.SQL                        : select bt1_0.id,bt1_0.action,bt1_0.agreement_id,bt1_0.attempt_count,bt1_0.block_hash,bt1_0.block_number,bt1_0.calldata,bt1_0.calldata_hash,bt1_0.chain_id,bt1_0.created_at,bt1_0.dispatch_started_at,bt1_0.error_message,bt1_0.from_address,bt1_0.idempotency_key,bt1_0.next_attempt_at,bt1_0.nonce,bt1_0.receipt_status,bt1_0.settlement_id,bt1_0.signed_raw_transaction,bt1_0.status,bt1_0.to_address,bt1_0.transaction_hash,bt1_0.updated_at,bt1_0.version from blockchain_transaction bt1_0 where bt1_0.status='CREATED' and (bt1_0.next_attempt_at is null or bt1_0.next_attempt_at<=?) order by bt1_0.created_at fetch first ? rows only for no key update of bt1_0
2026-09-11T16:25:54.094+07:00 DEBUG 7844 --- [contract-service] [   scheduling-1] org.hibernate.SQL                        : select bt1_0.id,bt1_0.action,bt1_0.agreement_id,bt1_0.attempt_count,bt1_0.block_hash,bt1_0.block_number,bt1_0.calldata,bt1_0.calldata_hash,bt1_0.chain_id,bt1_0.created_at,bt1_0.dispatch_started_at,bt1_0.error_message,bt1_0.from_address,bt1_0.idempotency_key,bt1_0.next_attempt_at,bt1_0.nonce,bt1_0.receipt_status,bt1_0.settlement_id,bt1_0.signed_raw_transaction,bt1_0.status,bt1_0.to_address,bt1_0.transaction_hash,bt1_0.updated_at,bt1_0.version from blockchain_transaction bt1_0 where bt1_0.status in (?,?) order by bt1_0.updated_at fetch first ? rows only
2026-09-11T16:25:59.425+07:00 DEBUG 7844 --- [contract-service] [   scheduling-1] org.hibernate.SQL                        : select bec1_0.id,bec1_0.chain_id,bec1_0.contract_address,bec1_0.last_confirmed_block,bec1_0.last_confirmed_block_hash,bec1_0.updated_at,bec1_0.version from blockchain_event_cursor bec1_0 where bec1_0.chain_id=? and lower(bec1_0.contract_address)=lower(?) for no key update of bec1_0
2026-09-11T16:25:59.587+07:00 DEBUG 7844 --- [contract-service] [   scheduling-1] org.hibernate.SQL                        : select bt1_0.id,bt1_0.action,bt1_0.agreement_id,bt1_0.attempt_count,bt1_0.block_hash,bt1_0.block_number,bt1_0.calldata,bt1_0.calldata_hash,bt1_0.chain_id,bt1_0.created_at,bt1_0.dispatch_started_at,bt1_0.error_message,bt1_0.from_address,bt1_0.idempotency_key,bt1_0.next_attempt_at,bt1_0.nonce,bt1_0.receipt_status,bt1_0.settlement_id,bt1_0.signed_raw_transaction,bt1_0.status,bt1_0.to_address,bt1_0.transaction_hash,bt1_0.updated_at,bt1_0.version from blockchain_transaction bt1_0 where bt1_0.status='CREATED' and (bt1_0.next_attempt_at is null or bt1_0.next_attempt_at<=?) order by bt1_0.created_at fetch first ? rows only for no key update of bt1_0
2026-09-11T16:25:59.590+07:00 DEBUG 7844 --- [contract-service] [   scheduling-1] org.hibernate.SQL                        : select bt1_0.id,bt1_0.action,bt1_0.agreement_id,bt1_0.attempt_count,bt1_0.block_hash,bt1_0.block_number,bt1_0.calldata,bt1_0.calldata_hash,bt1_0.chain_id,bt1_0.created_at,bt1_0.dispatch_started_at,bt1_0.error_message,bt1_0.from_address,bt1_0.idempotency_key,bt1_0.next_attempt_at,bt1_0.nonce,bt1_0.receipt_status,bt1_0.settlement_id,bt1_0.signed_raw_transaction,bt1_0.status,bt1_0.to_address,bt1_0.transaction_hash,bt1_0.updated_at,bt1_0.version from blockchain_transaction bt1_0 where bt1_0.status in (?,?) order by bt1_0.updated_at fetch first ? rows only
2026-09-11T16:26:02.231+07:00 DEBUG 7844 --- [contract-service] [   scheduling-1] org.hibernate.SQL                        : select ca1_0.id,ca1_0.chain_id,ca1_0.class_name,ca1_0.classroom_id,ca1_0.classroom_reviewer_email,ca1_0.contract_version,ca1_0.created_at,ca1_0.escrow_contract_address,ca1_0.onchain_agreement_id,ca1_0.payment_deadline,ca1_0.platform_wallet,ca1_0.price_per_session_usdc_units,ca1_0.status,ca1_0.student_email,ca1_0.student_id,ca1_0.student_name,ca1_0.student_phone,ca1_0.student_wallet,ca1_0.terms_hash,ca1_0.terms_json,ca1_0.token_address,ca1_0.token_decimals,ca1_0.token_symbol,ca1_0.total_amount_usdc_units,ca1_0.total_price_vnd,ca1_0.total_sessions,ca1_0.tutor_email,ca1_0.tutor_id,ca1_0.tutor_name,ca1_0.tutor_phone,ca1_0.tutor_wallet,ca1_0.updated_at,ca1_0.version,ca1_0.vnd_per_usdc from contract_agreement ca1_0 where ca1_0.status=?
2026-09-11T16:26:04.922+07:00 DEBUG 7844 --- [contract-service] [   scheduling-1] org.hibernate.SQL                        : select bec1_0.id,bec1_0.chain_id,bec1_0.contract_address,bec1_0.last_confirmed_block,bec1_0.last_confirmed_block_hash,bec1_0.updated_at,bec1_0.version from blockchain_event_cursor bec1_0 where bec1_0.chain_id=? and lower(bec1_0.contract_address)=lower(?) for no key update of bec1_0
2026-09-11T16:26:05.868+07:00 DEBUG 7844 --- [contract-service] [   scheduling-1] org.hibernate.SQL                        : update blockchain_event_cursor set chain_id=?,contract_address=?,last_confirmed_block=?,last_confirmed_block_hash=?,updated_at=?,version=? where id=? and version=?
2026-09-11T16:26:05.872+07:00 DEBUG 7844 --- [contract-service] [   scheduling-1] org.hibernate.SQL                        : select bt1_0.id,bt1_0.action,bt1_0.agreement_id,bt1_0.attempt_count,bt1_0.block_hash,bt1_0.block_number,bt1_0.calldata,bt1_0.calldata_hash,bt1_0.chain_id,bt1_0.created_at,bt1_0.dispatch_started_at,bt1_0.error_message,bt1_0.from_address,bt1_0.idempotency_key,bt1_0.next_attempt_at,bt1_0.nonce,bt1_0.receipt_status,bt1_0.settlement_id,bt1_0.signed_raw_transaction,bt1_0.status,bt1_0.to_address,bt1_0.transaction_hash,bt1_0.updated_at,bt1_0.version from blockchain_transaction bt1_0 where bt1_0.status='CREATED' and (bt1_0.next_attempt_at is null or bt1_0.next_attempt_at<=?) order by bt1_0.created_at fetch first ? rows only for no key update of bt1_0
2026-09-11T16:26:05.875+07:00 DEBUG 7844 --- [contract-service] [   scheduling-1] org.hibernate.SQL                        : select bt1_0.id,bt1_0.action,bt1_0.agreement_id,bt1_0.attempt_count,bt1_0.block_hash,bt1_0.block_number,bt1_0.calldata,bt1_0.calldata_hash,bt1_0.chain_id,bt1_0.created_at,bt1_0.dispatch_started_at,bt1_0.error_message,bt1_0.from_address,bt1_0.idempotency_key,bt1_0.next_attempt_at,bt1_0.nonce,bt1_0.receipt_status,bt1_0.settlement_id,bt1_0.signed_raw_transaction,bt1_0.status,bt1_0.to_address,bt1_0.transaction_hash,bt1_0.updated_at,bt1_0.version from blockchain_transaction bt1_0 where bt1_0.status in (?,?) order by bt1_0.updated_at fetch first ? rows only
2026-09-11T16:26:11.216+07:00 DEBUG 7844 --- [contract-service] [   scheduling-1] org.hibernate.SQL                        : select bec1_0.id,bec1_0.chain_id,bec1_0.contract_address,bec1_0.last_confirmed_block,bec1_0.last_confirmed_block_hash,bec1_0.updated_at,bec1_0.version from blockchain_event_cursor bec1_0 where bec1_0.chain_id=? and lower(bec1_0.contract_address)=lower(?) for no key update of bec1_0
2026-09-11T16:26:11.381+07:00 DEBUG 7844 --- [contract-service] [   scheduling-1] org.hibernate.SQL                        : select bt1_0.id,bt1_0.action,bt1_0.agreement_id,bt1_0.attempt_count,bt1_0.block_hash,bt1_0.block_number,bt1_0.calldata,bt1_0.calldata_hash,bt1_0.chain_id,bt1_0.created_at,bt1_0.dispatch_started_at,bt1_0.error_message,bt1_0.from_address,bt1_0.idempotency_key,bt1_0.next_attempt_at,bt1_0.nonce,bt1_0.receipt_status,bt1_0.settlement_id,bt1_0.signed_raw_transaction,bt1_0.status,bt1_0.to_address,bt1_0.transaction_hash,bt1_0.updated_at,bt1_0.version from blockchain_transaction bt1_0 where bt1_0.status='CREATED' and (bt1_0.next_attempt_at is null or bt1_0.next_attempt_at<=?) order by bt1_0.created_at fetch first ? rows only for no key update of bt1_0
2026-09-11T16:26:11.386+07:00 DEBUG 7844 --- [contract-service] [   scheduling-1] org.hibernate.SQL                        : select bt1_0.id,bt1_0.action,bt1_0.agreement_id,bt1_0.attempt_count,bt1_0.block_hash,bt1_0.block_number,bt1_0.calldata,bt1_0.calldata_hash,bt1_0.chain_id,bt1_0.created_at,bt1_0.dispatch_started_at,bt1_0.error_message,bt1_0.from_address,bt1_0.idempotency_key,bt1_0.next_attempt_at,bt1_0.nonce,bt1_0.receipt_status,bt1_0.settlement_id,bt1_0.signed_raw_transaction,bt1_0.status,bt1_0.to_address,bt1_0.transaction_hash,bt1_0.updated_at,bt1_0.version from blockchain_transaction bt1_0 where bt1_0.status in (?,?) order by bt1_0.updated_at fetch first ? rows only
2026-09-11T16:26:16.697+07:00 DEBUG 7844 --- [contract-service] [   scheduling-1] org.hibernate.SQL                        : select bec1_0.id,bec1_0.chain_id,bec1_0.contract_address,bec1_0.last_confirmed_block,bec1_0.last_confirmed_block_hash,bec1_0.updated_at,bec1_0.version from blockchain_event_cursor bec1_0 where bec1_0.chain_id=? and lower(bec1_0.contract_address)=lower(?) for no key update of bec1_0
2026-09-11T16:26:17.412+07:00 DEBUG 7844 --- [contract-service] [   scheduling-1] org.hibernate.SQL                        : update blockchain_event_cursor set chain_id=?,contract_address=?,last_confirmed_block=?,last_confirmed_block_hash=?,updated_at=?,version=? where id=? and version=?
2026-09-11T16:26:17.416+07:00 DEBUG 7844 --- [contract-service] [   scheduling-1] org.hibernate.SQL                        : select bt1_0.id,bt1_0.action,bt1_0.agreement_id,bt1_0.attempt_count,bt1_0.block_hash,bt1_0.block_number,bt1_0.calldata,bt1_0.calldata_hash,bt1_0.chain_id,bt1_0.created_at,bt1_0.dispatch_started_at,bt1_0.error_message,bt1_0.from_address,bt1_0.idempotency_key,bt1_0.next_attempt_at,bt1_0.nonce,bt1_0.receipt_status,bt1_0.settlement_id,bt1_0.signed_raw_transaction,bt1_0.status,bt1_0.to_address,bt1_0.transaction_hash,bt1_0.updated_at,bt1_0.version from blockchain_transaction bt1_0 where bt1_0.status='CREATED' and (bt1_0.next_attempt_at is null or bt1_0.next_attempt_at<=?) order by bt1_0.created_at fetch first ? rows only for no key update of bt1_0
2026-09-11T16:26:17.420+07:00 DEBUG 7844 --- [contract-service] [   scheduling-1] org.hibernate.SQL                        : select bt1_0.id,bt1_0.action,bt1_0.agreement_id,bt1_0.attempt_count,bt1_0.block_hash,bt1_0.block_number,bt1_0.calldata,bt1_0.calldata_hash,bt1_0.chain_id,bt1_0.created_at,bt1_0.dispatch_started_at,bt1_0.error_message,bt1_0.from_address,bt1_0.idempotency_key,bt1_0.next_attempt_at,bt1_0.nonce,bt1_0.receipt_status,bt1_0.settlement_id,bt1_0.signed_raw_transaction,bt1_0.status,bt1_0.to_address,bt1_0.transaction_hash,bt1_0.updated_at,bt1_0.version from blockchain_transaction bt1_0 where bt1_0.status in (?,?) order by bt1_0.updated_at fetch first ? rows only
2026-09-11T16:26:22.758+07:00 DEBUG 7844 --- [contract-service] [   scheduling-1] org.hibernate.SQL                        : select bec1_0.id,bec1_0.chain_id,bec1_0.contract_address,bec1_0.last_confirmed_block,bec1_0.last_confirmed_block_hash,bec1_0.updated_at,bec1_0.version from blockchain_event_cursor bec1_0 where bec1_0.chain_id=? and lower(bec1_0.contract_address)=lower(?) for no key update of bec1_0
2026-09-11T16:26:22.930+07:00 DEBUG 7844 --- [contract-service] [   scheduling-1] org.hibernate.SQL                        : select bt1_0.id,bt1_0.action,bt1_0.agreement_id,bt1_0.attempt_count,bt1_0.block_hash,bt1_0.block_number,bt1_0.calldata,bt1_0.calldata_hash,bt1_0.chain_id,bt1_0.created_at,bt1_0.dispatch_started_at,bt1_0.error_message,bt1_0.from_address,bt1_0.idempotency_key,bt1_0.next_attempt_at,bt1_0.nonce,bt1_0.receipt_status,bt1_0.settlement_id,bt1_0.signed_raw_transaction,bt1_0.status,bt1_0.to_address,bt1_0.transaction_hash,bt1_0.updated_at,bt1_0.version from blockchain_transaction bt1_0 where bt1_0.status='CREATED' and (bt1_0.next_attempt_at is null or bt1_0.next_attempt_at<=?) order by bt1_0.created_at fetch first ? rows only for no key update of bt1_0
2026-09-11T16:26:22.935+07:00 DEBUG 7844 --- [contract-service] [   scheduling-1] org.hibernate.SQL                        : select bt1_0.id,bt1_0.action,bt1_0.agreement_id,bt1_0.attempt_count,bt1_0.block_hash,bt1_0.block_number,bt1_0.calldata,bt1_0.calldata_hash,bt1_0.chain_id,bt1_0.created_at,bt1_0.dispatch_started_at,bt1_0.error_message,bt1_0.from_address,bt1_0.idempotency_key,bt1_0.next_attempt_at,bt1_0.nonce,bt1_0.receipt_status,bt1_0.settlement_id,bt1_0.signed_raw_transaction,bt1_0.status,bt1_0.to_address,bt1_0.transaction_hash,bt1_0.updated_at,bt1_0.version from blockchain_transaction bt1_0 where bt1_0.status in (?,?) order by bt1_0.updated_at fetch first ? rows only
2026-09-11T16:26:28.267+07:00 DEBUG 7844 --- [contract-service] [   scheduling-1] org.hibernate.SQL                        : select bec1_0.id,bec1_0.chain_id,bec1_0.contract_address,bec1_0.last_confirmed_block,bec1_0.last_confirmed_block_hash,bec1_0.updated_at,bec1_0.version from blockchain_event_cursor bec1_0 where bec1_0.chain_id=? and lower(bec1_0.contract_address)=lower(?) for no key update of bec1_0
2026-09-11T16:26:28.948+07:00 DEBUG 7844 --- [contract-service] [   scheduling-1] org.hibernate.SQL                        : update blockchain_event_cursor set chain_id=?,contract_address=?,last_confirmed_block=?,last_confirmed_block_hash=?,updated_at=?,version=? where id=? and version=?
2026-09-11T16:26:28.954+07:00 DEBUG 7844 --- [contract-service] [   scheduling-1] org.hibernate.SQL                        : select bt1_0.id,bt1_0.action,bt1_0.agreement_id,bt1_0.attempt_count,bt1_0.block_hash,bt1_0.block_number,bt1_0.calldata,bt1_0.calldata_hash,bt1_0.chain_id,bt1_0.created_at,bt1_0.dispatch_started_at,bt1_0.error_message,bt1_0.from_address,bt1_0.idempotency_key,bt1_0.next_attempt_at,bt1_0.nonce,bt1_0.receipt_status,bt1_0.settlement_id,bt1_0.signed_raw_transaction,bt1_0.status,bt1_0.to_address,bt1_0.transaction_hash,bt1_0.updated_at,bt1_0.version from blockchain_transaction bt1_0 where bt1_0.status='CREATED' and (bt1_0.next_attempt_at is null or bt1_0.next_attempt_at<=?) order by bt1_0.created_at fetch first ? rows only for no key update of bt1_0
2026-09-11T16:26:28.958+07:00 DEBUG 7844 --- [contract-service] [   scheduling-1] org.hibernate.SQL                        : select bt1_0.id,bt1_0.action,bt1_0.agreement_id,bt1_0.attempt_count,bt1_0.block_hash,bt1_0.block_number,bt1_0.calldata,bt1_0.calldata_hash,bt1_0.chain_id,bt1_0.created_at,bt1_0.dispatch_started_at,bt1_0.error_message,bt1_0.from_address,bt1_0.idempotency_key,bt1_0.next_attempt_at,bt1_0.nonce,bt1_0.receipt_status,bt1_0.settlement_id,bt1_0.signed_raw_transaction,bt1_0.status,bt1_0.to_address,bt1_0.transaction_hash,bt1_0.updated_at,bt1_0.version from blockchain_transaction bt1_0 where bt1_0.status in (?,?) order by bt1_0.updated_at fetch first ? rows only
2026-09-11T16:26:31.054+07:00 DEBUG 7844 --- [contract-service] [   scheduling-1] org.hibernate.SQL                        : select ca1_0.id,ca1_0.chain_id,ca1_0.class_name,ca1_0.classroom_id,ca1_0.classroom_reviewer_email,ca1_0.contract_version,ca1_0.created_at,ca1_0.escrow_contract_address,ca1_0.onchain_agreement_id,ca1_0.payment_deadline,ca1_0.platform_wallet,ca1_0.price_per_session_usdc_units,ca1_0.status,ca1_0.student_email,ca1_0.student_id,ca1_0.student_name,ca1_0.student_phone,ca1_0.student_wallet,ca1_0.terms_hash,ca1_0.terms_json,ca1_0.token_address,ca1_0.token_decimals,ca1_0.token_symbol,ca1_0.total_amount_usdc_units,ca1_0.total_price_vnd,ca1_0.total_sessions,ca1_0.tutor_email,ca1_0.tutor_id,ca1_0.tutor_name,ca1_0.tutor_phone,ca1_0.tutor_wallet,ca1_0.updated_at,ca1_0.version,ca1_0.vnd_per_usdc from contract_agreement ca1_0 where ca1_0.status=? and ca1_0.payment_deadline<?
2026-09-11T16:26:32.247+07:00 DEBUG 7844 --- [contract-service] [   scheduling-1] org.hibernate.SQL                        : select ca1_0.id,ca1_0.chain_id,ca1_0.class_name,ca1_0.classroom_id,ca1_0.classroom_reviewer_email,ca1_0.contract_version,ca1_0.created_at,ca1_0.escrow_contract_address,ca1_0.onchain_agreement_id,ca1_0.payment_deadline,ca1_0.platform_wallet,ca1_0.price_per_session_usdc_units,ca1_0.status,ca1_0.student_email,ca1_0.student_id,ca1_0.student_name,ca1_0.student_phone,ca1_0.student_wallet,ca1_0.terms_hash,ca1_0.terms_json,ca1_0.token_address,ca1_0.token_decimals,ca1_0.token_symbol,ca1_0.total_amount_usdc_units,ca1_0.total_price_vnd,ca1_0.total_sessions,ca1_0.tutor_email,ca1_0.tutor_id,ca1_0.tutor_name,ca1_0.tutor_phone,ca1_0.tutor_wallet,ca1_0.updated_at,ca1_0.version,ca1_0.vnd_per_usdc from contract_agreement ca1_0 where ca1_0.status=?
2026-09-11T16:26:34.534+07:00 DEBUG 7844 --- [contract-service] [   scheduling-1] org.hibernate.SQL                        : select bec1_0.id,bec1_0.chain_id,bec1_0.contract_address,bec1_0.last_confirmed_block,bec1_0.last_confirmed_block_hash,bec1_0.updated_at,bec1_0.version from blockchain_event_cursor bec1_0 where bec1_0.chain_id=? and lower(bec1_0.contract_address)=lower(?) for no key update of bec1_0
2026-09-11T16:26:34.717+07:00 DEBUG 7844 --- [contract-service] [   scheduling-1] org.hibernate.SQL                        : select bt1_0.id,bt1_0.action,bt1_0.agreement_id,bt1_0.attempt_count,bt1_0.block_hash,bt1_0.block_number,bt1_0.calldata,bt1_0.calldata_hash,bt1_0.chain_id,bt1_0.created_at,bt1_0.dispatch_started_at,bt1_0.error_message,bt1_0.from_address,bt1_0.idempotency_key,bt1_0.next_attempt_at,bt1_0.nonce,bt1_0.receipt_status,bt1_0.settlement_id,bt1_0.signed_raw_transaction,bt1_0.status,bt1_0.to_address,bt1_0.transaction_hash,bt1_0.updated_at,bt1_0.version from blockchain_transaction bt1_0 where bt1_0.status='CREATED' and (bt1_0.next_attempt_at is null or bt1_0.next_attempt_at<=?) order by bt1_0.created_at fetch first ? rows only for no key update of bt1_0
2026-09-11T16:26:34.723+07:00 DEBUG 7844 --- [contract-service] [   scheduling-1] org.hibernate.SQL                        : select bt1_0.id,bt1_0.action,bt1_0.agreement_id,bt1_0.attempt_count,bt1_0.block_hash,bt1_0.block_number,bt1_0.calldata,bt1_0.calldata_hash,bt1_0.chain_id,bt1_0.created_at,bt1_0.dispatch_started_at,bt1_0.error_message,bt1_0.from_address,bt1_0.idempotency_key,bt1_0.next_attempt_at,bt1_0.nonce,bt1_0.receipt_status,bt1_0.settlement_id,bt1_0.signed_raw_transaction,bt1_0.status,bt1_0.to_address,bt1_0.transaction_hash,bt1_0.updated_at,bt1_0.version from blockchain_transaction bt1_0 where bt1_0.status in (?,?) order by bt1_0.updated_at fetch first ? rows only
2026-09-11T16:26:40.064+07:00 DEBUG 7844 --- [contract-service] [   scheduling-1] org.hibernate.SQL                        : select bec1_0.id,bec1_0.chain_id,bec1_0.contract_address,bec1_0.last_confirmed_block,bec1_0.last_confirmed_block_hash,bec1_0.updated_at,bec1_0.version from blockchain_event_cursor bec1_0 where bec1_0.chain_id=? and lower(bec1_0.contract_address)=lower(?) for no key update of bec1_0
2026-09-11T16:26:40.730+07:00 DEBUG 7844 --- [contract-service] [   scheduling-1] org.hibernate.SQL                        : update blockchain_event_cursor set chain_id=?,contract_address=?,last_confirmed_block=?,last_confirmed_block_hash=?,updated_at=?,version=? where id=? and version=?
2026-09-11T16:26:40.735+07:00 DEBUG 7844 --- [contract-service] [   scheduling-1] org.hibernate.SQL                        : select bt1_0.id,bt1_0.action,bt1_0.agreement_id,bt1_0.attempt_count,bt1_0.block_hash,bt1_0.block_number,bt1_0.calldata,bt1_0.calldata_hash,bt1_0.chain_id,bt1_0.created_at,bt1_0.dispatch_started_at,bt1_0.error_message,bt1_0.from_address,bt1_0.idempotency_key,bt1_0.next_attempt_at,bt1_0.nonce,bt1_0.receipt_status,bt1_0.settlement_id,bt1_0.signed_raw_transaction,bt1_0.status,bt1_0.to_address,bt1_0.transaction_hash,bt1_0.updated_at,bt1_0.version from blockchain_transaction bt1_0 where bt1_0.status='CREATED' and (bt1_0.next_attempt_at is null or bt1_0.next_attempt_at<=?) order by bt1_0.created_at fetch first ? rows only for no key update of bt1_0
2026-09-11T16:26:40.740+07:00 DEBUG 7844 --- [contract-service] [   scheduling-1] org.hibernate.SQL                        : select bt1_0.id,bt1_0.action,bt1_0.agreement_id,bt1_0.attempt_count,bt1_0.block_hash,bt1_0.block_number,bt1_0.calldata,bt1_0.calldata_hash,bt1_0.chain_id,bt1_0.created_at,bt1_0.dispatch_started_at,bt1_0.error_message,bt1_0.from_address,bt1_0.idempotency_key,bt1_0.next_attempt_at,bt1_0.nonce,bt1_0.receipt_status,bt1_0.settlement_id,bt1_0.signed_raw_transaction,bt1_0.status,bt1_0.to_address,bt1_0.transaction_hash,bt1_0.updated_at,bt1_0.version from blockchain_transaction bt1_0 where bt1_0.status in (?,?) order by bt1_0.updated_at fetch first ? rows only
2026-09-11T16:26:46.391+07:00 DEBUG 7844 --- [contract-service] [   scheduling-1] org.hibernate.SQL                        : select bec1_0.id,bec1_0.chain_id,bec1_0.contract_address,bec1_0.last_confirmed_block,bec1_0.last_confirmed_block_hash,bec1_0.updated_at,bec1_0.version from blockchain_event_cursor bec1_0 where bec1_0.chain_id=? and lower(bec1_0.contract_address)=lower(?) for no key update of bec1_0
2026-09-11T16:26:48.072+07:00 DEBUG 7844 --- [contract-service] [   scheduling-1] org.hibernate.SQL                        : select bt1_0.id,bt1_0.action,bt1_0.agreement_id,bt1_0.attempt_count,bt1_0.block_hash,bt1_0.block_number,bt1_0.calldata,bt1_0.calldata_hash,bt1_0.chain_id,bt1_0.created_at,bt1_0.dispatch_started_at,bt1_0.error_message,bt1_0.from_address,bt1_0.idempotency_key,bt1_0.next_attempt_at,bt1_0.nonce,bt1_0.receipt_status,bt1_0.settlement_id,bt1_0.signed_raw_transaction,bt1_0.status,bt1_0.to_address,bt1_0.transaction_hash,bt1_0.updated_at,bt1_0.version from blockchain_transaction bt1_0 where bt1_0.status='CREATED' and (bt1_0.next_attempt_at is null or bt1_0.next_attempt_at<=?) order by bt1_0.created_at fetch first ? rows only for no key update of bt1_0
2026-09-11T16:26:48.076+07:00 DEBUG 7844 --- [contract-service] [   scheduling-1] org.hibernate.SQL                        : select bt1_0.id,bt1_0.action,bt1_0.agreement_id,bt1_0.attempt_count,bt1_0.block_hash,bt1_0.block_number,bt1_0.calldata,bt1_0.calldata_hash,bt1_0.chain_id,bt1_0.created_at,bt1_0.dispatch_started_at,bt1_0.error_message,bt1_0.from_address,bt1_0.idempotency_key,bt1_0.next_attempt_at,bt1_0.nonce,bt1_0.receipt_status,bt1_0.settlement_id,bt1_0.signed_raw_transaction,bt1_0.status,bt1_0.to_address,bt1_0.transaction_hash,bt1_0.updated_at,bt1_0.version from blockchain_transaction bt1_0 where bt1_0.status in (?,?) order by bt1_0.updated_at fetch first ? rows only
2026-09-11T16:26:52.485+07:00 DEBUG 7844 --- [contract-service] [   scheduling-1] org.hibernate.SQL                        : select ss1_0.id,ss1_0.agreement_id,ss1_0.amount,ss1_0.created_at,ss1_0.dispute_deadline,ss1_0.finalize_tx_hash,ss1_0.onchain_session_id,ss1_0.outcome,ss1_0.platform_amount,ss1_0.proposal_evidence_hash,ss1_0.propose_tx_hash,ss1_0.session_id,ss1_0.status,ss1_0.student_refund_amount,ss1_0.tutor_amount,ss1_0.updated_at,ss1_0.version from session_settlement ss1_0 where ss1_0.status=? and ss1_0.dispute_deadline<? order by ss1_0.dispute_deadline fetch first ? rows only
2026-09-11T16:26:53.471+07:00 DEBUG 7844 --- [contract-service] [   scheduling-1] org.hibernate.SQL                        : select bec1_0.id,bec1_0.chain_id,bec1_0.contract_address,bec1_0.last_confirmed_block,bec1_0.last_confirmed_block_hash,bec1_0.updated_at,bec1_0.version from blockchain_event_cursor bec1_0 where bec1_0.chain_id=? and lower(bec1_0.contract_address)=lower(?) for no key update of bec1_0
2026-09-11T16:26:54.560+07:00 DEBUG 7844 --- [contract-service] [   scheduling-1] org.hibernate.SQL                        : update blockchain_event_cursor set chain_id=?,contract_address=?,last_confirmed_block=?,last_confirmed_block_hash=?,updated_at=?,version=? where id=? and version=?
2026-09-11T16:26:54.575+07:00 DEBUG 7844 --- [contract-service] [   scheduling-1] org.hibernate.SQL                        : select bt1_0.id,bt1_0.action,bt1_0.agreement_id,bt1_0.attempt_count,bt1_0.block_hash,bt1_0.block_number,bt1_0.calldata,bt1_0.calldata_hash,bt1_0.chain_id,bt1_0.created_at,bt1_0.dispatch_started_at,bt1_0.error_message,bt1_0.from_address,bt1_0.idempotency_key,bt1_0.next_attempt_at,bt1_0.nonce,bt1_0.receipt_status,bt1_0.settlement_id,bt1_0.signed_raw_transaction,bt1_0.status,bt1_0.to_address,bt1_0.transaction_hash,bt1_0.updated_at,bt1_0.version from blockchain_transaction bt1_0 where bt1_0.status='CREATED' and (bt1_0.next_attempt_at is null or bt1_0.next_attempt_at<=?) order by bt1_0.created_at fetch first ? rows only for no key update of bt1_0
2026-09-11T16:26:54.587+07:00 DEBUG 7844 --- [contract-service] [   scheduling-1] org.hibernate.SQL                        : select bt1_0.id,bt1_0.action,bt1_0.agreement_id,bt1_0.attempt_count,bt1_0.block_hash,bt1_0.block_number,bt1_0.calldata,bt1_0.calldata_hash,bt1_0.chain_id,bt1_0.created_at,bt1_0.dispatch_started_at,bt1_0.error_message,bt1_0.from_address,bt1_0.idempotency_key,bt1_0.next_attempt_at,bt1_0.nonce,bt1_0.receipt_status,bt1_0.settlement_id,bt1_0.signed_raw_transaction,bt1_0.status,bt1_0.to_address,bt1_0.transaction_hash,bt1_0.updated_at,bt1_0.version from blockchain_transaction bt1_0 where bt1_0.status in (?,?) order by bt1_0.updated_at fetch first ? rows only
2026-09-11T16:26:59.921+07:00 DEBUG 7844 --- [contract-service] [   scheduling-1] org.hibernate.SQL                        : select bec1_0.id,bec1_0.chain_id,bec1_0.contract_address,bec1_0.last_confirmed_block,bec1_0.last_confirmed_block_hash,bec1_0.updated_at,bec1_0.version from blockchain_event_cursor bec1_0 where bec1_0.chain_id=? and lower(bec1_0.contract_address)=lower(?) for no key update of bec1_0
2026-09-11T16:27:00.102+07:00 DEBUG 7844 --- [contract-service] [   scheduling-1] org.hibernate.SQL                        : select bt1_0.id,bt1_0.action,bt1_0.agreement_id,bt1_0.attempt_count,bt1_0.block_hash,bt1_0.block_number,bt1_0.calldata,bt1_0.calldata_hash,bt1_0.chain_id,bt1_0.created_at,bt1_0.dispatch_started_at,bt1_0.error_message,bt1_0.from_address,bt1_0.idempotency_key,bt1_0.next_attempt_at,bt1_0.nonce,bt1_0.receipt_status,bt1_0.settlement_id,bt1_0.signed_raw_transaction,bt1_0.status,bt1_0.to_address,bt1_0.transaction_hash,bt1_0.updated_at,bt1_0.version from blockchain_transaction bt1_0 where bt1_0.status='CREATED' and (bt1_0.next_attempt_at is null or bt1_0.next_attempt_at<=?) order by bt1_0.created_at fetch first ? rows only for no key update of bt1_0
2026-09-11T16:27:00.107+07:00 DEBUG 7844 --- [contract-service] [   scheduling-1] org.hibernate.SQL                        : select bt1_0.id,bt1_0.action,bt1_0.agreement_id,bt1_0.attempt_count,bt1_0.block_hash,bt1_0.block_number,bt1_0.calldata,bt1_0.calldata_hash,bt1_0.chain_id,bt1_0.created_at,bt1_0.dispatch_started_at,bt1_0.error_message,bt1_0.from_address,bt1_0.idempotency_key,bt1_0.next_attempt_at,bt1_0.nonce,bt1_0.receipt_status,bt1_0.settlement_id,bt1_0.signed_raw_transaction,bt1_0.status,bt1_0.to_address,bt1_0.transaction_hash,bt1_0.updated_at,bt1_0.version from blockchain_transaction bt1_0 where bt1_0.status in (?,?) order by bt1_0.updated_at fetch first ? rows only
2026-09-11T16:27:02.260+07:00 DEBUG 7844 --- [contract-service] [   scheduling-1] org.hibernate.SQL                        : select ca1_0.id,ca1_0.chain_id,ca1_0.class_name,ca1_0.classroom_id,ca1_0.classroom_reviewer_email,ca1_0.contract_version,ca1_0.created_at,ca1_0.escrow_contract_address,ca1_0.onchain_agreement_id,ca1_0.payment_deadline,ca1_0.platform_wallet,ca1_0.price_per_session_usdc_units,ca1_0.status,ca1_0.student_email,ca1_0.student_id,ca1_0.student_name,ca1_0.student_phone,ca1_0.student_wallet,ca1_0.terms_hash,ca1_0.terms_json,ca1_0.token_address,ca1_0.token_decimals,ca1_0.token_symbol,ca1_0.total_amount_usdc_units,ca1_0.total_price_vnd,ca1_0.total_sessions,ca1_0.tutor_email,ca1_0.tutor_id,ca1_0.tutor_name,ca1_0.tutor_phone,ca1_0.tutor_wallet,ca1_0.updated_at,ca1_0.version,ca1_0.vnd_per_usdc from contract_agreement ca1_0 where ca1_0.status=?
2026-09-11T16:27:05.401+07:00 DEBUG 7844 --- [contract-service] [   scheduling-1] org.hibernate.SQL                        : select bec1_0.id,bec1_0.chain_id,bec1_0.contract_address,bec1_0.last_confirmed_block,bec1_0.last_confirmed_block_hash,bec1_0.updated_at,bec1_0.version from blockchain_event_cursor bec1_0 where bec1_0.chain_id=? and lower(bec1_0.contract_address)=lower(?) for no key update of bec1_0
2026-09-11T16:27:06.037+07:00 DEBUG 7844 --- [contract-service] [   scheduling-1] org.hibernate.SQL                        : update blockchain_event_cursor set chain_id=?,contract_address=?,last_confirmed_block=?,last_confirmed_block_hash=?,updated_at=?,version=? where id=? and version=?
2026-09-11T16:27:06.058+07:00 DEBUG 7844 --- [contract-service] [   scheduling-1] org.hibernate.SQL                        : select bt1_0.id,bt1_0.action,bt1_0.agreement_id,bt1_0.attempt_count,bt1_0.block_hash,bt1_0.block_number,bt1_0.calldata,bt1_0.calldata_hash,bt1_0.chain_id,bt1_0.created_at,bt1_0.dispatch_started_at,bt1_0.error_message,bt1_0.from_address,bt1_0.idempotency_key,bt1_0.next_attempt_at,bt1_0.nonce,bt1_0.receipt_status,bt1_0.settlement_id,bt1_0.signed_raw_transaction,bt1_0.status,bt1_0.to_address,bt1_0.transaction_hash,bt1_0.updated_at,bt1_0.version from blockchain_transaction bt1_0 where bt1_0.status='CREATED' and (bt1_0.next_attempt_at is null or bt1_0.next_attempt_at<=?) order by bt1_0.created_at fetch first ? rows only for no key update of bt1_0
2026-09-11T16:27:06.075+07:00 DEBUG 7844 --- [contract-service] [   scheduling-1] org.hibernate.SQL                        : select bt1_0.id,bt1_0.action,bt1_0.agreement_id,bt1_0.attempt_count,bt1_0.block_hash,bt1_0.block_number,bt1_0.calldata,bt1_0.calldata_hash,bt1_0.chain_id,bt1_0.created_at,bt1_0.dispatch_started_at,bt1_0.error_message,bt1_0.from_address,bt1_0.idempotency_key,bt1_0.next_attempt_at,bt1_0.nonce,bt1_0.receipt_status,bt1_0.settlement_id,bt1_0.signed_raw_transaction,bt1_0.status,bt1_0.to_address,bt1_0.transaction_hash,bt1_0.updated_at,bt1_0.version from blockchain_transaction bt1_0 where bt1_0.status in (?,?) order by bt1_0.updated_at fetch first ? rows only
2026-09-11T16:27:11.372+07:00 DEBUG 7844 --- [contract-service] [   scheduling-1] org.hibernate.SQL                        : select bec1_0.id,bec1_0.chain_id,bec1_0.contract_address,bec1_0.last_confirmed_block,bec1_0.last_confirmed_block_hash,bec1_0.updated_at,bec1_0.version from blockchain_event_cursor bec1_0 where bec1_0.chain_id=? and lower(bec1_0.contract_address)=lower(?) for no key update of bec1_0
2026-09-11T16:27:11.533+07:00 DEBUG 7844 --- [contract-service] [   scheduling-1] org.hibernate.SQL                        : select bt1_0.id,bt1_0.action,bt1_0.agreement_id,bt1_0.attempt_count,bt1_0.block_hash,bt1_0.block_number,bt1_0.calldata,bt1_0.calldata_hash,bt1_0.chain_id,bt1_0.created_at,bt1_0.dispatch_started_at,bt1_0.error_message,bt1_0.from_address,bt1_0.idempotency_key,bt1_0.next_attempt_at,bt1_0.nonce,bt1_0.receipt_status,bt1_0.settlement_id,bt1_0.signed_raw_transaction,bt1_0.status,bt1_0.to_address,bt1_0.transaction_hash,bt1_0.updated_at,bt1_0.version from blockchain_transaction bt1_0 where bt1_0.status='CREATED' and (bt1_0.next_attempt_at is null or bt1_0.next_attempt_at<=?) order by bt1_0.created_at fetch first ? rows only for no key update of bt1_0
2026-09-11T16:27:11.536+07:00 DEBUG 7844 --- [contract-service] [   scheduling-1] org.hibernate.SQL                        : select bt1_0.id,bt1_0.action,bt1_0.agreement_id,bt1_0.attempt_count,bt1_0.block_hash,bt1_0.block_number,bt1_0.calldata,bt1_0.calldata_hash,bt1_0.chain_id,bt1_0.created_at,bt1_0.dispatch_started_at,bt1_0.error_message,bt1_0.from_address,bt1_0.idempotency_key,bt1_0.next_attempt_at,bt1_0.nonce,bt1_0.receipt_status,bt1_0.settlement_id,bt1_0.signed_raw_transaction,bt1_0.status,bt1_0.to_address,bt1_0.transaction_hash,bt1_0.updated_at,bt1_0.version from blockchain_transaction bt1_0 where bt1_0.status in (?,?) order by bt1_0.updated_at fetch first ? rows only
[INFO] ------------------------------------------------------------------------
[INFO] BUILD FAILURE
[INFO] ------------------------------------------------------------------------
[INFO] Total time:  14:01 min
[INFO] Finished at: 2026-09-11T16:27:13+07:00
[INFO] ------------------------------------------------------------------------
[ERROR] Failed to execute goal org.springframework.boot:spring-boot-maven-plugin:4.1.0:run (default-cli) on project contract-service: Process terminated with exit code: -1 -> [Help 1]
[ERROR] 
[ERROR] To see the full stack trace of the errors, re-run Maven with the -e switch.
[ERROR] Re-run Maven using the -X switch to enable full debug logging.
[ERROR] 
[ERROR] For more information about the errors and possible solutions, please read the following articles:
[ERROR] [Help 1] http://cwiki.apache.org/confluence/display/MAVEN/MojoExecutionException
