[INFO] Scanning for projects...
[INFO] 
[INFO] ----------------------< iuh.fit:account-service >-----------------------
[INFO] Building account-service 0.0.1-SNAPSHOT
[INFO]   from pom.xml
[INFO] --------------------------------[ war ]---------------------------------
[INFO] 
[INFO] >>> spring-boot:4.1.0:run (default-cli) > test-compile @ account-service >>>
[INFO] 
[INFO] --- resources:3.5.0:resources (default-resources) @ account-service ---
[INFO] Copying 1 resource from src\main\resources to target\classes
[INFO] Copying 11 resources from src\main\resources to target\classes
[INFO] 
[INFO] --- compiler:3.15.0:compile (default-compile) @ account-service ---
[INFO] Nothing to compile - all classes are up to date.
[INFO] 
[INFO] --- resources:3.5.0:testResources (default-testResources) @ account-service ---
[INFO] Copying 1 resource from src\test\resources to target\test-classes
[INFO] 
[INFO] --- compiler:3.15.0:testCompile (default-testCompile) @ account-service ---
[INFO] Nothing to compile - all classes are up to date.
[INFO] 
[INFO] <<< spring-boot:4.1.0:run (default-cli) < test-compile @ account-service <<<
[INFO] 
[INFO] 
[INFO] --- spring-boot:4.1.0:run (default-cli) @ account-service ---
[INFO] Attaching agents: []

  .   ____          _            __ _ _
 /\\ / ___'_ __ _ _(_)_ __  __ _ \ \ \ \
( ( )\___ | '_ | '_| | '_ \/ _` | \ \ \ \
 \\/  ___)| |_)| | | | | || (_| |  ) ) ) )
  '  |____| .__|_| |_|_| |_\__, | / / / /
 =========|_|==============|___/=/_/_/_/

 :: Spring Boot ::                (v4.1.0)

2026-08-19T17:52:39.056+07:00  INFO 12540 --- [account-service] [           main] i.f.a.AccountServiceApplication          : Starting AccountServiceApplication using Java 23.0.1 with PID 12540 (D:\KL\khoaluan\KLTN_Edu\backend\account-service\target\classes started by Nitro in D:\KL\khoaluan\KLTN_Edu\backend\account-service)
2026-08-19T17:52:39.058+07:00  INFO 12540 --- [account-service] [           main] i.f.a.AccountServiceApplication          : No active profile set, falling back to 1 default profile: "default"
2026-08-19T17:52:39.059+07:00 DEBUG 12540 --- [account-service] [           main] o.s.boot.SpringApplication               : Loading source class iuh.fit.account_service.AccountServiceApplication
2026-08-19T17:52:39.103+07:00 DEBUG 12540 --- [account-service] [           main] ConfigServletWebServerApplicationContext : Refreshing org.springframework.boot.web.server.servlet.context.AnnotationConfigServletWebServerApplicationContext@2cc3ad05
2026-08-19T17:52:39.444+07:00 DEBUG 12540 --- [account-service] [           main] ySourcesPropertyResolver$DefaultResolver : Found key 'DB_URL' in PropertySource 'systemEnvironment' with value of type String
2026-08-19T17:52:39.694+07:00  INFO 12540 --- [account-service] [           main] .s.d.r.c.RepositoryConfigurationDelegate : Bootstrapping Spring Data JPA repositories in DEFAULT mode.
2026-08-19T17:52:39.708+07:00 DEBUG 12540 --- [account-service] [           main] o.s.b.a.AutoConfigurationPackages        : @EnableAutoConfiguration was declared on a class in the package 'iuh.fit.account_service'. Automatic @Repository and @Entity scanning is enabled.
2026-08-19T17:52:39.765+07:00  INFO 12540 --- [account-service] [           main] .s.d.r.c.RepositoryConfigurationDelegate : Finished Spring Data repository scanning in 63 ms. Found 11 JPA repository interfaces.
2026-08-19T17:52:39.930+07:00  INFO 12540 --- [account-service] [           main] o.s.cloud.context.scope.GenericScope     : BeanFactory id=d771a7e3-ff0e-302a-ac78-52f3b002f91d
2026-08-19T17:52:40.219+07:00 DEBUG 12540 --- [account-service] [           main] o.s.b.t.s.TomcatServletWebServerFactory  : Code archive: C:\Users\Nitro\.m2\repository\org\springframework\boot\spring-boot-web-server\4.1.0\spring-boot-web-server-4.1.0.jar
2026-08-19T17:52:40.221+07:00 DEBUG 12540 --- [account-service] [           main] o.s.b.t.s.TomcatServletWebServerFactory  : Code archive: C:\Users\Nitro\.m2\repository\org\springframework\boot\spring-boot-web-server\4.1.0\spring-boot-web-server-4.1.0.jar
2026-08-19T17:52:40.222+07:00 DEBUG 12540 --- [account-service] [           main] o.s.b.t.s.TomcatServletWebServerFactory  : None of the document roots [src/main/webapp, public, static] point to a directory and will be ignored.
2026-08-19T17:52:40.240+07:00  INFO 12540 --- [account-service] [           main] o.s.boot.tomcat.TomcatWebServer          : Tomcat initialized with port 8081 (http)
2026-08-19T17:52:40.251+07:00  INFO 12540 --- [account-service] [           main] o.apache.catalina.core.StandardService   : Starting service [Tomcat]
2026-08-19T17:52:40.252+07:00  INFO 12540 --- [account-service] [           main] o.apache.catalina.core.StandardEngine    : Starting Servlet engine: [Apache Tomcat/11.0.22]
2026-08-19T17:52:40.300+07:00 DEBUG 12540 --- [account-service] [           main] b.w.c.s.WebApplicationContextInitializer : Published root WebApplicationContext as ServletContext attribute with name [org.springframework.web.context.WebApplicationContext.ROOT]
2026-08-19T17:52:40.301+07:00  INFO 12540 --- [account-service] [           main] b.w.c.s.WebApplicationContextInitializer : Root WebApplicationContext: initialization completed in 1198 ms
2026-08-19T17:52:40.480+07:00  INFO 12540 --- [account-service] [           main] com.zaxxer.hikari.HikariDataSource       : HikariPool-1 - Starting...
2026-08-19T17:52:40.589+07:00  INFO 12540 --- [account-service] [           main] com.zaxxer.hikari.pool.HikariPool        : HikariPool-1 - Added connection org.postgresql.jdbc.PgConnection@74eec640
2026-08-19T17:52:40.591+07:00  INFO 12540 --- [account-service] [           main] com.zaxxer.hikari.HikariDataSource       : HikariPool-1 - Start completed.
2026-08-19T17:52:40.612+07:00  INFO 12540 --- [account-service] [           main] org.flywaydb.core.FlywayExecutor         : Database: jdbc:postgresql://localhost:5434/kltn_db (PostgreSQL 16.15)
2026-08-19T17:52:40.678+07:00  INFO 12540 --- [account-service] [           main] o.f.core.internal.command.DbValidate     : Successfully validated 14 migrations (execution time 00:00.027s)
2026-08-19T17:52:40.715+07:00  INFO 12540 --- [account-service] [           main] o.f.core.internal.command.DbMigrate      : Current version of schema "public": 13
2026-08-19T17:52:40.718+07:00  INFO 12540 --- [account-service] [           main] o.f.core.internal.command.DbMigrate      : Schema "public" is up to date. No migration necessary.
2026-08-19T17:52:40.815+07:00  INFO 12540 --- [account-service] [           main] org.hibernate.orm.jpa                    : HHH008540: Processing PersistenceUnitInfo [name: default]
2026-08-19T17:52:40.852+07:00  INFO 12540 --- [account-service] [           main] org.hibernate.orm.core                   : HHH000001: Hibernate ORM core version 7.4.1.Final
2026-08-19T17:52:41.150+07:00  INFO 12540 --- [account-service] [           main] o.s.o.j.p.SpringPersistenceUnitInfo      : No LoadTimeWeaver setup: ignoring JPA class transformer
2026-08-19T17:52:41.224+07:00  INFO 12540 --- [account-service] [           main] org.hibernate.orm.connections.pooling    : HHH10001005: Database info:
	Database JDBC URL [jdbc:postgresql://localhost:5434/kltn_db]
	Database driver: PostgreSQL JDBC Driver
	Database dialect: PostgreSQLDialect
	Database version: 16.15
	Default catalog/schema: kltn_db/public
	Autocommit mode: undefined/unknown
	Isolation level: READ_COMMITTED [default READ_COMMITTED]
	JDBC fetch size: none
	Pool: DataSourceConnectionProvider
	Minimum pool size: undefined/unknown
	Maximum pool size: undefined/unknown
2026-08-19T17:52:42.180+07:00  INFO 12540 --- [account-service] [           main] org.hibernate.orm.core                   : HHH000489: No JTA platform available (set 'hibernate.transaction.jta.platform' to enable JTA platform integration)
2026-08-19T17:52:42.230+07:00  INFO 12540 --- [account-service] [           main] j.LocalContainerEntityManagerFactoryBean : Initialized JPA EntityManagerFactory for persistence unit 'default'
2026-08-19T17:52:42.281+07:00  INFO 12540 --- [account-service] [           main] o.s.d.j.r.query.QueryEnhancerFactories   : Hibernate is in classpath; If applicable, HQL parser will be used.
2026-08-19T17:52:42.955+07:00 DEBUG 12540 --- [account-service] [           main] o.s.b.w.s.ServletContextInitializerBeans : Mapping filters: springSecurityFilterChain urls=[/*] order=-100, characterEncodingFilter urls=[/*] order=-2147483648, formContentFilter urls=[/*] order=-9900, requestContextFilter urls=[/*] order=-105, jwtAuthenticationFilter urls=[/*] order=2147483647
2026-08-19T17:52:42.957+07:00 DEBUG 12540 --- [account-service] [           main] o.s.b.w.s.ServletContextInitializerBeans : Mapping servlets: dispatcherServlet urls=[/]
2026-08-19T17:52:42.972+07:00 DEBUG 12540 --- [account-service] [           main] o.s.b.s.f.OrderedRequestContextFilter    : Filter 'requestContextFilter' configured for use
2026-08-19T17:52:42.974+07:00 DEBUG 12540 --- [account-service] [           main] o.s.b.s.f.OrderedCharacterEncodingFilter : Filter 'characterEncodingFilter' configured for use
2026-08-19T17:52:42.975+07:00 DEBUG 12540 --- [account-service] [           main] .DelegatingFilterProxyRegistrationBean$1 : Filter 'springSecurityFilterChain' configured for use
2026-08-19T17:52:42.976+07:00 DEBUG 12540 --- [account-service] [           main] o.s.b.s.filter.OrderedFormContentFilter  : Filter 'formContentFilter' configured for use
2026-08-19T17:52:43.077+07:00  INFO 12540 --- [account-service] [           main] r$InitializeUserDetailsManagerConfigurer : Global AuthenticationManager configured with UserDetailsService bean with name customUserDetailsService
2026-08-19T17:52:43.733+07:00  WARN 12540 --- [account-service] [           main] JpaBaseConfiguration$JpaWebConfiguration : spring.jpa.open-in-view is enabled by default. Therefore, database queries may be performed during view rendering. Explicitly configure spring.jpa.open-in-view to disable this warning
2026-08-19T17:52:44.208+07:00 DEBUG 12540 --- [account-service] [           main] s.w.s.m.m.a.RequestMappingHandlerMapping : 45 mappings in 'requestMappingHandlerMapping'
2026-08-19T17:52:44.234+07:00 DEBUG 12540 --- [account-service] [           main] o.s.w.s.handler.SimpleUrlHandlerMapping  : Patterns [/webjars/**, /**] in 'resourceHandlerMapping'
2026-08-19T17:52:44.254+07:00 DEBUG 12540 --- [account-service] [           main] s.w.s.m.m.a.RequestMappingHandlerAdapter : ControllerAdvice beans: 0 @ModelAttribute, 0 @InitBinder, 2 RequestBodyAdvice, 1 ResponseBodyAdvice
2026-08-19T17:52:44.292+07:00 DEBUG 12540 --- [account-service] [           main] .m.m.a.ExceptionHandlerExceptionResolver : ControllerAdvice beans: 1 @ExceptionHandler, 1 ResponseBodyAdvice
2026-08-19T17:52:45.432+07:00  INFO 12540 --- [account-service] [           main] o.s.cloud.commons.util.InetUtils         : Cannot determine local hostname
2026-08-19T17:52:45.512+07:00  INFO 12540 --- [account-service] [           main] o.s.boot.tomcat.TomcatWebServer          : Tomcat started on port 8081 (http) with context path '/'
2026-08-19T17:52:45.829+07:00  INFO 12540 --- [account-service] [nio-8081-exec-1] o.a.c.c.C.[Tomcat].[localhost].[/]       : Initializing Spring DispatcherServlet 'dispatcherServlet'
2026-08-19T17:52:45.831+07:00  INFO 12540 --- [account-service] [nio-8081-exec-1] o.s.web.servlet.DispatcherServlet        : Initializing Servlet 'dispatcherServlet'
2026-08-19T17:52:45.831+07:00 DEBUG 12540 --- [account-service] [nio-8081-exec-1] o.s.web.servlet.DispatcherServlet        : Detected StandardServletMultipartResolver
2026-08-19T17:52:45.832+07:00 DEBUG 12540 --- [account-service] [nio-8081-exec-1] o.s.web.servlet.DispatcherServlet        : Detected AcceptHeaderLocaleResolver
2026-08-19T17:52:45.834+07:00 DEBUG 12540 --- [account-service] [nio-8081-exec-1] o.s.web.servlet.DispatcherServlet        : Detected org.springframework.web.servlet.view.DefaultRequestToViewNameTranslator@7c95b68c
2026-08-19T17:52:45.834+07:00 DEBUG 12540 --- [account-service] [nio-8081-exec-1] o.s.web.servlet.DispatcherServlet        : Detected org.springframework.web.servlet.support.SessionFlashMapManager@6243e46f
2026-08-19T17:52:45.835+07:00 DEBUG 12540 --- [account-service] [nio-8081-exec-1] o.s.web.servlet.DispatcherServlet        : enableLoggingRequestDetails='false': request parameters and headers will be masked to prevent unsafe logging of potentially sensitive data
2026-08-19T17:52:45.835+07:00  INFO 12540 --- [account-service] [nio-8081-exec-1] o.s.web.servlet.DispatcherServlet        : Completed initialization in 4 ms
2026-08-19T17:52:45.848+07:00 DEBUG 12540 --- [account-service] [nio-8081-exec-1] o.s.web.servlet.DispatcherServlet        : GET "/api/tutors?limit=50", parameters={masked}
2026-08-19T17:52:45.854+07:00 DEBUG 12540 --- [account-service] [nio-8081-exec-1] s.w.s.m.m.a.RequestMappingHandlerMapping : Mapped to iuh.fit.account_service.controller.TutorController#searchTutors(String, Long, BigDecimal, BigDecimal, Integer)
2026-08-19T17:52:45.926+07:00 DEBUG 12540 --- [account-service] [nio-8081-exec-1] org.hibernate.SQL                        : 
    select
        t1_0.id,
        t1_0.bio,
        t1_0.created_at,
        t1_0.education,
        t1_0.experience_years,
        t1_0.status,
        t1_0.rejection_reason,
        t1_0.verification_status,
        t1_0.updated_at,
        t1_0.user_id,
        u1_0.id,
        u1_0.account_status,
        u1_0.address_detail,
        u1_0.avatar_key,
        u1_0.avatar_sha256,
        u1_0.bio,
        u1_0.commune,
        u1_0.commune_code,
        u1_0.created_at,
        u1_0.date_of_birth,
        u1_0.district,
        u1_0.email,
        u1_0.email_verified,
        u1_0.full_name,
        u1_0.gender,
        u1_0.password,
        u1_0.phone,
        u1_0.province,
        u1_0.province_code,
        u1_0.updated_at,
        u1_0.ward 
    from
        tutors t1_0 
    join
        users u1_0 
            on u1_0.id=t1_0.user_id 
    where
        u1_0.email_verified=true 
    order by
        u1_0.full_name 
    fetch
        first ? rows only
Hibernate: 
    select
        t1_0.id,
        t1_0.bio,
        t1_0.created_at,
        t1_0.education,
        t1_0.experience_years,
        t1_0.status,
        t1_0.rejection_reason,
        t1_0.verification_status,
        t1_0.updated_at,
        t1_0.user_id,
        u1_0.id,
        u1_0.account_status,
        u1_0.address_detail,
        u1_0.avatar_key,
        u1_0.avatar_sha256,
        u1_0.bio,
        u1_0.commune,
        u1_0.commune_code,
        u1_0.created_at,
        u1_0.date_of_birth,
        u1_0.district,
        u1_0.email,
        u1_0.email_verified,
        u1_0.full_name,
        u1_0.gender,
        u1_0.password,
        u1_0.phone,
        u1_0.province,
        u1_0.province_code,
        u1_0.updated_at,
        u1_0.ward 
    from
        tutors t1_0 
    join
        users u1_0 
            on u1_0.id=t1_0.user_id 
    where
        u1_0.email_verified=true 
    order by
        u1_0.full_name 
    fetch
        first ? rows only
2026-08-19T17:52:46.003+07:00 DEBUG 12540 --- [account-service] [nio-8081-exec-1] o.s.w.c.HttpMessageConverterExtractor    : Reading to [java.util.List<iuh.fit.account_service.dto.learning.LearningTutorSubjectResponse>]
2026-08-19T17:52:46.024+07:00 DEBUG 12540 --- [account-service] [nio-8081-exec-1] m.m.a.RequestResponseBodyMethodProcessor : Using 'application/json', given [*/*] and supported [application/json, application/*+json]
2026-08-19T17:52:46.026+07:00 DEBUG 12540 --- [account-service] [nio-8081-exec-1] m.m.a.RequestResponseBodyMethodProcessor : Writing [[iuh.fit.account_service.dto.tutor.PublicTutorResponse@49b47709]]
2026-08-19T17:52:46.036+07:00 DEBUG 12540 --- [account-service] [nio-8081-exec-1] o.s.web.servlet.DispatcherServlet        : Completed 200 OK
2026-08-19T17:52:46.532+07:00  INFO 12540 --- [account-service] [           main] o.s.cloud.commons.util.InetUtils         : Cannot determine local hostname
2026-08-19T17:52:46.538+07:00  INFO 12540 --- [account-service] [           main] o.s.a.r.c.CachingConnectionFactory       : Attempting to connect to: [localhost:5672]
2026-08-19T17:52:46.593+07:00  INFO 12540 --- [account-service] [           main] o.s.a.r.c.CachingConnectionFactory       : Created new connection: rabbitConnectionFactory#2771657a:0/SimpleConnection@19b3cf8e [delegate=amqp://guest@127.0.0.1:5672/, localPort=51367]
2026-08-19T17:52:46.657+07:00 DEBUG 12540 --- [account-service] [           main] .s.b.a.l.ConditionEvaluationReportLogger : 


============================
CONDITIONS EVALUATION REPORT
============================


Positive matches:
-----------------

   AopAutoConfiguration matched:
      - @ConditionalOnBooleanProperty (spring.aop.auto=true) matched (OnPropertyCondition)

   AopAutoConfiguration.AspectJAutoProxyingConfiguration matched:
      - @ConditionalOnClass found required class 'org.aspectj.weaver.Advice' (OnClassCondition)

   AopAutoConfiguration.AspectJAutoProxyingConfiguration.CglibAutoProxyConfiguration matched:
      - @ConditionalOnBooleanProperty (spring.aop.proxy-target-class=true) matched (OnPropertyCondition)

   ApplicationAvailabilityAutoConfiguration#applicationAvailability matched:
      - @ConditionalOnMissingBean (types: org.springframework.boot.availability.ApplicationAvailability; SearchStrategy: all) did not find any beans (OnBeanCondition)

   AutoServiceRegistrationAutoConfiguration matched:
      - @ConditionalOnProperty (spring.cloud.service-registry.auto-registration.enabled) matched (OnPropertyCondition)

   AutoServiceRegistrationConfiguration matched:
      - @ConditionalOnProperty (spring.cloud.service-registry.auto-registration.enabled) matched (OnPropertyCondition)

   CompatibilityVerifierAutoConfiguration matched:
      - @ConditionalOnProperty (spring.cloud.compatibility-verifier.enabled) matched (OnPropertyCondition)

   ConfigurationPropertiesRebinderAutoConfiguration matched:
      - @ConditionalOnBean (types: org.springframework.boot.context.properties.ConfigurationPropertiesBindingPostProcessor; SearchStrategy: all) found bean 'org.springframework.boot.context.properties.ConfigurationPropertiesBindingPostProcessor' (OnBeanCondition)

   ConfigurationPropertiesRebinderAutoConfiguration#configurationPropertiesBeans matched:
      - @ConditionalOnMissingBean (types: org.springframework.cloud.context.properties.ConfigurationPropertiesBeans; SearchStrategy: current) did not find any beans (OnBeanCondition)

   ConfigurationPropertiesRebinderAutoConfiguration#configurationPropertiesRebinder matched:
      - @ConditionalOnMissingBean (types: org.springframework.cloud.context.properties.ConfigurationPropertiesRebinder; SearchStrategy: current) did not find any beans (OnBeanCondition)

   DataJpaRepositoriesAutoConfiguration matched:
      - @ConditionalOnClass found required class 'org.springframework.data.jpa.repository.JpaRepository' (OnClassCondition)
      - @ConditionalOnBooleanProperty (spring.data.jpa.repositories.enabled=true) matched (OnPropertyCondition)
      - @ConditionalOnBean (types: javax.sql.DataSource; SearchStrategy: all) found bean 'dataSource'; @ConditionalOnMissingBean (types: org.springframework.data.jpa.repository.support.JpaRepositoryFactoryBean,org.springframework.data.jpa.repository.config.JpaRepositoryConfigExtension; SearchStrategy: all) did not find any beans (OnBeanCondition)

   DataSourceAutoConfiguration matched:
      - @ConditionalOnClass found required classes 'javax.sql.DataSource', 'org.springframework.jdbc.datasource.embedded.EmbeddedDatabaseType' (OnClassCondition)
      - @ConditionalOnMissingBean (types: io.r2dbc.spi.ConnectionFactory; SearchStrategy: all) did not find any beans (OnBeanCondition)

   DataSourceAutoConfiguration.PooledDataSourceConfiguration matched:
      - AnyNestedCondition 1 matched 1 did not; NestedCondition on DataSourceAutoConfiguration.PooledDataSourceCondition.PooledDataSourceAvailable PooledDataSource found supported DataSource; NestedCondition on DataSourceAutoConfiguration.PooledDataSourceCondition.ExplicitType @ConditionalOnProperty (spring.datasource.type) did not find property 'spring.datasource.type' (DataSourceAutoConfiguration.PooledDataSourceCondition)
      - @ConditionalOnMissingBean (types: javax.sql.DataSource,javax.sql.XADataSource; SearchStrategy: all) did not find any beans (OnBeanCondition)

   DataSourceAutoConfiguration.PooledDataSourceConfiguration#jdbcConnectionDetails matched:
      - @ConditionalOnMissingBean (types: org.springframework.boot.jdbc.autoconfigure.JdbcConnectionDetails; SearchStrategy: all) did not find any beans (OnBeanCondition)

   DataSourceConfiguration.Hikari matched:
      - @ConditionalOnClass found required class 'com.zaxxer.hikari.HikariDataSource' (OnClassCondition)
      - @ConditionalOnProperty (spring.datasource.type=com.zaxxer.hikari.HikariDataSource) matched (OnPropertyCondition)
      - @ConditionalOnMissingBean (types: javax.sql.DataSource; SearchStrategy: all) did not find any beans (OnBeanCondition)

   DataSourcePoolMetadataProvidersConfiguration.HikariPoolDataSourceMetadataProviderConfiguration matched:
      - @ConditionalOnClass found required class 'com.zaxxer.hikari.HikariDataSource' (OnClassCondition)

   DataSourceTransactionManagerAutoConfiguration matched:
      - @ConditionalOnClass found required classes 'javax.sql.DataSource', 'org.springframework.jdbc.core.JdbcTemplate', 'org.springframework.transaction.TransactionManager' (OnClassCondition)

   DataSourceTransactionManagerAutoConfiguration.JdbcTransactionManagerConfiguration matched:
      - @ConditionalOnSingleCandidate (types: javax.sql.DataSource; SearchStrategy: all) found a single bean 'dataSource' (OnBeanCondition)

   DataWebAutoConfiguration matched:
      - @ConditionalOnClass found required classes 'org.springframework.data.web.PageableHandlerMethodArgumentResolver', 'org.springframework.web.servlet.config.annotation.WebMvcConfigurer' (OnClassCondition)
      - found 'session' scope (OnWebApplicationCondition)
      - @ConditionalOnMissingBean (types: org.springframework.data.web.PageableHandlerMethodArgumentResolver; SearchStrategy: all) did not find any beans (OnBeanCondition)

   DataWebAutoConfiguration#pageableCustomizer matched:
      - @ConditionalOnMissingBean (types: org.springframework.data.web.config.PageableHandlerMethodArgumentResolverCustomizer; SearchStrategy: all) did not find any beans (OnBeanCondition)

   DataWebAutoConfiguration#sortCustomizer matched:
      - @ConditionalOnMissingBean (types: org.springframework.data.web.config.SortHandlerMethodArgumentResolverCustomizer; SearchStrategy: all) did not find any beans (OnBeanCondition)

   DataWebAutoConfiguration#springDataWebSettings matched:
      - @ConditionalOnMissingBean (types: org.springframework.data.web.config.SpringDataWebSettings; SearchStrategy: all) did not find any beans (OnBeanCondition)

   DispatcherServletAutoConfiguration matched:
      - @ConditionalOnClass found required class 'org.springframework.web.servlet.DispatcherServlet' (OnClassCondition)
      - found 'session' scope (OnWebApplicationCondition)

   DispatcherServletAutoConfiguration.DispatcherServletConfiguration matched:
      - @ConditionalOnClass found required class 'jakarta.servlet.ServletRegistration' (OnClassCondition)
      - Default DispatcherServlet did not find dispatcher servlet beans (DispatcherServletAutoConfiguration.DefaultDispatcherServletCondition)

   DispatcherServletAutoConfiguration.DispatcherServletRegistrationConfiguration matched:
      - @ConditionalOnClass found required class 'jakarta.servlet.ServletRegistration' (OnClassCondition)
      - DispatcherServlet Registration did not find servlet registration bean (DispatcherServletAutoConfiguration.DispatcherServletRegistrationCondition)

   DispatcherServletAutoConfiguration.DispatcherServletRegistrationConfiguration#dispatcherServletRegistration matched:
      - @ConditionalOnBean (names: dispatcherServlet types: org.springframework.web.servlet.DispatcherServlet; SearchStrategy: all) found bean 'dispatcherServlet' (OnBeanCondition)

   ErrorMvcAutoConfiguration matched:
      - @ConditionalOnClass found required classes 'jakarta.servlet.Servlet', 'org.springframework.web.servlet.DispatcherServlet' (OnClassCondition)
      - found 'session' scope (OnWebApplicationCondition)

   ErrorMvcAutoConfiguration#basicErrorController matched:
      - @ConditionalOnMissingBean (types: org.springframework.boot.webmvc.error.ErrorController; SearchStrategy: current) did not find any beans (OnBeanCondition)

   ErrorMvcAutoConfiguration#errorAttributes matched:
      - @ConditionalOnMissingBean (types: org.springframework.boot.webmvc.error.ErrorAttributes; SearchStrategy: current) did not find any beans (OnBeanCondition)

   ErrorMvcAutoConfiguration.DefaultErrorViewResolverConfiguration#conventionErrorViewResolver matched:
      - @ConditionalOnBean (types: org.springframework.web.servlet.DispatcherServlet; SearchStrategy: all) found bean 'dispatcherServlet'; @ConditionalOnMissingBean (types: org.springframework.boot.webmvc.autoconfigure.error.ErrorViewResolver; SearchStrategy: all) did not find any beans (OnBeanCondition)

   ErrorMvcAutoConfiguration.WhitelabelErrorViewConfiguration matched:
      - @ConditionalOnBooleanProperty (spring.web.error.whitelabel.enabled=true) matched (OnPropertyCondition)
      - ErrorTemplate Missing did not find error template view (ErrorMvcAutoConfiguration.ErrorTemplateMissingCondition)

   ErrorMvcAutoConfiguration.WhitelabelErrorViewConfiguration#beanNameViewResolver matched:
      - @ConditionalOnMissingBean (types: org.springframework.web.servlet.view.BeanNameViewResolver; SearchStrategy: all) did not find any beans (OnBeanCondition)

   ErrorMvcAutoConfiguration.WhitelabelErrorViewConfiguration#defaultErrorView matched:
      - @ConditionalOnMissingBean (names: error; SearchStrategy: all) did not find any beans (OnBeanCondition)

   FeignAutoConfiguration matched:
      - @ConditionalOnClass found required class 'feign.Feign' (OnClassCondition)

   FeignAutoConfiguration.DefaultFeignTargeterConfiguration matched:
      - AnyNestedCondition 1 matched 1 did not; NestedCondition on FeignCircuitBreakerDisabledConditions.CircuitBreakerDisabled @ConditionalOnProperty (spring.cloud.openfeign.circuitbreaker.enabled=false) matched; NestedCondition on FeignCircuitBreakerDisabledConditions.CircuitBreakerClassMissing @ConditionalOnMissingClass found unwanted class 'org.springframework.cloud.client.circuitbreaker.CircuitBreaker' (FeignCircuitBreakerDisabledConditions)

   FeignAutoConfiguration.DefaultFeignTargeterConfiguration#feignTargeter matched:
      - @ConditionalOnMissingBean (types: org.springframework.cloud.openfeign.Targeter; SearchStrategy: all) did not find any beans (OnBeanCondition)

   FeignAutoConfiguration.FeignJacksonConfiguration matched:
      - @ConditionalOnClass found required classes 'java.lang.Module', 'org.springframework.data.domain.Page', 'org.springframework.data.domain.Sort' (OnClassCondition)
      - @ConditionalOnProperty (spring.cloud.openfeign.autoconfiguration.jackson.enabled=true) matched (OnPropertyCondition)

   FeignAutoConfiguration.FeignJacksonConfiguration#pageJacksonModule matched:
      - @ConditionalOnMissingBean (types: org.springframework.cloud.openfeign.support.PageJacksonModule; SearchStrategy: all) did not find any beans (OnBeanCondition)

   FeignAutoConfiguration.FeignJacksonConfiguration#sortModule matched:
      - @ConditionalOnMissingBean (types: org.springframework.cloud.openfeign.support.SortJacksonModule; SearchStrategy: all) did not find any beans (OnBeanCondition)

   FlywayAutoConfiguration matched:
      - @ConditionalOnClass found required class 'org.flywaydb.core.Flyway' (OnClassCondition)
      - @ConditionalOnBooleanProperty (spring.flyway.enabled=true) matched (OnPropertyCondition)
      - AnyNestedCondition 2 matched 1 did not; NestedCondition on FlywayAutoConfiguration.FlywayDataSourceCondition.FlywayUrlCondition @ConditionalOnProperty (spring.flyway.url) did not find property 'spring.flyway.url'; NestedCondition on FlywayAutoConfiguration.FlywayDataSourceCondition.JdbcConnectionDetailsCondition @ConditionalOnBean (types: org.springframework.boot.jdbc.autoconfigure.JdbcConnectionDetails; SearchStrategy: all) found bean 'jdbcConnectionDetails'; NestedCondition on FlywayAutoConfiguration.FlywayDataSourceCondition.DataSourceBeanCondition @ConditionalOnBean (types: javax.sql.DataSource; SearchStrategy: all) found bean 'dataSource' (FlywayAutoConfiguration.FlywayDataSourceCondition)

   FlywayAutoConfiguration.FlywayConfiguration matched:
      - @ConditionalOnClass found required class 'org.springframework.jdbc.support.JdbcUtils' (OnClassCondition)
      - @ConditionalOnMissingBean (types: org.flywaydb.core.Flyway; SearchStrategy: all) did not find any beans (OnBeanCondition)

   FlywayAutoConfiguration.FlywayConfiguration#flywayConnectionDetails matched:
      - @ConditionalOnMissingBean (types: org.springframework.boot.flyway.autoconfigure.FlywayConnectionDetails; SearchStrategy: all) did not find any beans (OnBeanCondition)

   FlywayAutoConfiguration.FlywayConfiguration#flywayInitializer matched:
      - @ConditionalOnMissingBean (types: org.springframework.boot.flyway.autoconfigure.FlywayMigrationInitializer; SearchStrategy: all) did not find any beans (OnBeanCondition)

   FlywayAutoConfiguration.FlywayConfiguration.PostgresqlConfiguration matched:
      - @ConditionalOnClass found required class 'org.flywaydb.database.postgresql.PostgreSQLConfigurationExtension' (OnClassCondition)

   HibernateJpaAutoConfiguration matched:
      - @ConditionalOnClass found required classes 'org.springframework.orm.jpa.LocalContainerEntityManagerFactoryBean', 'jakarta.persistence.EntityManager', 'org.hibernate.engine.spi.SessionImplementor' (OnClassCondition)

   HibernateJpaConfiguration matched:
      - @ConditionalOnSingleCandidate (types: javax.sql.DataSource; SearchStrategy: all) found a single bean 'dataSource' (OnBeanCondition)

   HttpEncodingAutoConfiguration matched:
      - @ConditionalOnClass found required class 'org.springframework.web.filter.CharacterEncodingFilter' (OnClassCondition)
      - found 'session' scope (OnWebApplicationCondition)
      - @ConditionalOnBooleanProperty (spring.servlet.encoding.enabled=true) matched (OnPropertyCondition)

   HttpEncodingAutoConfiguration#characterEncodingFilter matched:
      - @ConditionalOnMissingBean (types: org.springframework.web.filter.CharacterEncodingFilter; SearchStrategy: all) did not find any beans (OnBeanCondition)

   HttpMessageConvertersAutoConfiguration matched:
      - @ConditionalOnClass found required class 'org.springframework.http.converter.HttpMessageConverter' (OnClassCondition)
      - NoneNestedConditions 0 matched 1 did not; NestedCondition on HttpMessageConvertersAutoConfiguration.NotReactiveWebApplicationCondition.ReactiveWebApplication did not find reactive web application classes (HttpMessageConvertersAutoConfiguration.NotReactiveWebApplicationCondition)

   HttpMessageConvertersAutoConfiguration.StringHttpMessageConverterConfiguration#stringHttpMessageConvertersCustomizer matched:
      - @ConditionalOnMissingBean (types: org.springframework.http.converter.StringHttpMessageConverter; SearchStrategy: all) did not find any beans (OnBeanCondition)

   JacksonAutoConfiguration matched:
      - @ConditionalOnClass found required class 'tools.jackson.databind.json.JsonMapper' (OnClassCondition)

   JacksonAutoConfiguration#jacksonJsonMapper matched:
      - @ConditionalOnMissingBean (types: tools.jackson.databind.json.JsonMapper; SearchStrategy: all) did not find any beans (OnBeanCondition)

   JacksonAutoConfiguration#jsonFactory matched:
      - @ConditionalOnMissingBean (types: tools.jackson.core.json.JsonFactory; SearchStrategy: all) did not find any beans (OnBeanCondition)

   JacksonAutoConfiguration#jsonMapperBuilder matched:
      - @ConditionalOnMissingBean (types: tools.jackson.databind.json.JsonMapper$Builder; SearchStrategy: all) did not find any beans (OnBeanCondition)

   JacksonAutoConfiguration.JsonProblemDetailsConfiguration matched:
      - @ConditionalOnClass found required class 'org.springframework.http.ProblemDetail' (OnClassCondition)

   JacksonHttpMessageConvertersConfiguration.JacksonJsonHttpMessageConverterConfiguration matched:
      - @ConditionalOnClass found required class 'tools.jackson.databind.json.JsonMapper' (OnClassCondition)
      - @ConditionalOnProperty (spring.http.converters.preferred-json-mapper=jackson) matched (OnPropertyCondition)
      - @ConditionalOnBean (types: tools.jackson.databind.json.JsonMapper; SearchStrategy: all) found bean 'jacksonJsonMapper' (OnBeanCondition)

   JacksonHttpMessageConvertersConfiguration.JacksonJsonHttpMessageConverterConfiguration#jacksonJsonHttpMessageConvertersCustomizer matched:
      - @ConditionalOnMissingBean (types: org.springframework.http.converter.json.JacksonJsonHttpMessageConverter ignored: org.springframework.hateoas.server.mvc.TypeConstrainedJacksonJsonHttpMessageConverter,org.springframework.data.rest.webmvc.alps.AlpsJacksonJsonHttpMessageConverter; SearchStrategy: all) did not find any beans (OnBeanCondition)

   JdbcClientAutoConfiguration matched:
      - @ConditionalOnSingleCandidate (types: org.springframework.jdbc.core.namedparam.NamedParameterJdbcTemplate; SearchStrategy: all) found a single bean 'namedParameterJdbcTemplate'; @ConditionalOnMissingBean (types: org.springframework.jdbc.core.simple.JdbcClient; SearchStrategy: all) did not find any beans (OnBeanCondition)

   JdbcTemplateAutoConfiguration matched:
      - @ConditionalOnClass found required classes 'javax.sql.DataSource', 'org.springframework.jdbc.core.JdbcTemplate' (OnClassCondition)
      - @ConditionalOnSingleCandidate (types: javax.sql.DataSource; SearchStrategy: all) found a single bean 'dataSource' (OnBeanCondition)

   JdbcTemplateConfiguration matched:
      - @ConditionalOnMissingBean (types: org.springframework.jdbc.core.JdbcOperations; SearchStrategy: all) did not find any beans (OnBeanCondition)

   JpaBaseConfiguration#entityManagerFactory matched:
      - @ConditionalOnMissingBean (types: org.springframework.orm.jpa.LocalContainerEntityManagerFactoryBean,jakarta.persistence.EntityManagerFactory; SearchStrategy: all) did not find any beans (OnBeanCondition)

   JpaBaseConfiguration#entityManagerFactoryBuilder matched:
      - @ConditionalOnMissingBean (types: org.springframework.boot.jpa.EntityManagerFactoryBuilder; SearchStrategy: all) did not find any beans (OnBeanCondition)

   JpaBaseConfiguration#jpaVendorAdapter matched:
      - @ConditionalOnMissingBean (types: org.springframework.orm.jpa.JpaVendorAdapter; SearchStrategy: all) did not find any beans (OnBeanCondition)

   JpaBaseConfiguration#transactionManager matched:
      - @ConditionalOnMissingBean (types: org.springframework.transaction.TransactionManager; SearchStrategy: all) did not find any beans (OnBeanCondition)

   JpaBaseConfiguration.JpaWebConfiguration matched:
      - @ConditionalOnClass found required class 'org.springframework.web.servlet.config.annotation.WebMvcConfigurer' (OnClassCondition)
      - found 'session' scope (OnWebApplicationCondition)
      - @ConditionalOnBooleanProperty (spring.jpa.open-in-view=true) matched (OnPropertyCondition)
      - @ConditionalOnMissingBean (types: org.springframework.orm.jpa.support.OpenEntityManagerInViewInterceptor,org.springframework.orm.jpa.support.OpenEntityManagerInViewFilter; SearchStrategy: all) did not find any beans (OnBeanCondition)

   JpaBaseConfiguration.PersistenceManagedTypesConfiguration matched:
      - @ConditionalOnMissingBean (types: org.springframework.orm.jpa.LocalContainerEntityManagerFactoryBean,jakarta.persistence.EntityManagerFactory; SearchStrategy: all) did not find any beans (OnBeanCondition)

   JpaBaseConfiguration.PersistenceManagedTypesConfiguration#persistenceManagedTypes matched:
      - @ConditionalOnMissingBean (types: org.springframework.orm.jpa.persistenceunit.PersistenceManagedTypes; SearchStrategy: all) did not find any beans (OnBeanCondition)

   JtaAutoConfiguration matched:
      - @ConditionalOnClass found required class 'jakarta.transaction.Transaction' (OnClassCondition)
      - @ConditionalOnBooleanProperty (spring.jta.enabled=true) matched (OnPropertyCondition)

   LifecycleAutoConfiguration#defaultLifecycleProcessor matched:
      - @ConditionalOnMissingBean (names: lifecycleProcessor; SearchStrategy: current) did not find any beans (OnBeanCondition)

   LifecycleMvcEndpointAutoConfiguration#environmentManager matched:
      - @ConditionalOnMissingBean (types: org.springframework.cloud.context.environment.EnvironmentManager; SearchStrategy: all) did not find any beans (OnBeanCondition)

   MailSenderAutoConfiguration matched:
      - @ConditionalOnClass found required classes 'jakarta.mail.internet.MimeMessage', 'jakarta.activation.MimeType', 'org.springframework.mail.MailSender' (OnClassCondition)
      - AnyNestedCondition 1 matched 1 did not; NestedCondition on MailSenderAutoConfiguration.MailSenderCondition.JndiNameProperty @ConditionalOnProperty (spring.mail.jndi-name) did not find property 'spring.mail.jndi-name'; NestedCondition on MailSenderAutoConfiguration.MailSenderCondition.HostProperty @ConditionalOnProperty (spring.mail.host) matched (MailSenderAutoConfiguration.MailSenderCondition)
      - @ConditionalOnMissingBean (types: org.springframework.mail.MailSender; SearchStrategy: all) did not find any beans (OnBeanCondition)

   MailSenderPropertiesConfiguration matched:
      - @ConditionalOnProperty (spring.mail.host) matched (OnPropertyCondition)

   MailSenderPropertiesConfiguration#mailSender matched:
      - @ConditionalOnMissingBean (types: org.springframework.mail.javamail.JavaMailSender; SearchStrategy: all) did not find any beans (OnBeanCondition)

   MultipartAutoConfiguration matched:
      - @ConditionalOnClass found required classes 'jakarta.servlet.Servlet', 'org.springframework.web.multipart.support.StandardServletMultipartResolver', 'jakarta.servlet.MultipartConfigElement' (OnClassCondition)
      - found 'session' scope (OnWebApplicationCondition)
      - @ConditionalOnBooleanProperty (spring.servlet.multipart.enabled=true) matched (OnPropertyCondition)

   MultipartAutoConfiguration#multipartConfigElement matched:
      - @ConditionalOnMissingBean (types: jakarta.servlet.MultipartConfigElement; SearchStrategy: all) did not find any beans (OnBeanCondition)

   MultipartAutoConfiguration#multipartResolver matched:
      - @ConditionalOnMissingBean (types: org.springframework.web.multipart.MultipartResolver; SearchStrategy: all) did not find any beans (OnBeanCondition)

   NamedParameterJdbcTemplateConfiguration matched:
      - @ConditionalOnSingleCandidate (types: org.springframework.jdbc.core.JdbcTemplate; SearchStrategy: all) found a single bean 'jdbcTemplate'; @ConditionalOnMissingBean (types: org.springframework.jdbc.core.namedparam.NamedParameterJdbcOperations; SearchStrategy: all) did not find any beans (OnBeanCondition)

   PersistenceExceptionTranslationAutoConfiguration matched:
      - @ConditionalOnClass found required class 'org.springframework.dao.annotation.PersistenceExceptionTranslationPostProcessor' (OnClassCondition)

   PersistenceExceptionTranslationAutoConfiguration#persistenceExceptionTranslationPostProcessor matched:
      - @ConditionalOnBooleanProperty (spring.persistence.exceptiontranslation.enabled=true) matched (OnPropertyCondition)
      - @ConditionalOnMissingBean (types: org.springframework.dao.annotation.PersistenceExceptionTranslationPostProcessor; SearchStrategy: all) did not find any beans (OnBeanCondition)

   PropertyPlaceholderAutoConfiguration#propertySourcesPlaceholderConfigurer matched:
      - @ConditionalOnMissingBean (types: org.springframework.context.support.PropertySourcesPlaceholderConfigurer; SearchStrategy: current) did not find any beans (OnBeanCondition)

   RabbitAnnotationDrivenConfiguration matched:
      - @ConditionalOnClass found required class 'org.springframework.amqp.rabbit.annotation.EnableRabbit' (OnClassCondition)

   RabbitAnnotationDrivenConfiguration#directRabbitListenerContainerFactoryConfigurer matched:
      - @ConditionalOnMissingBean (types: org.springframework.boot.amqp.autoconfigure.DirectRabbitListenerContainerFactoryConfigurer; SearchStrategy: all) did not find any beans (OnBeanCondition)
      - @ConditionalOnThreading found PLATFORM (OnThreadingCondition)

   RabbitAnnotationDrivenConfiguration#simpleRabbitListenerContainerFactory matched:
      - @ConditionalOnProperty (spring.rabbitmq.listener.type=simple) matched (OnPropertyCondition)
      - @ConditionalOnMissingBean (names: rabbitListenerContainerFactory; SearchStrategy: all) did not find any beans (OnBeanCondition)

   RabbitAnnotationDrivenConfiguration#simpleRabbitListenerContainerFactoryConfigurer matched:
      - @ConditionalOnMissingBean (types: org.springframework.boot.amqp.autoconfigure.SimpleRabbitListenerContainerFactoryConfigurer; SearchStrategy: all) did not find any beans (OnBeanCondition)
      - @ConditionalOnThreading found PLATFORM (OnThreadingCondition)

   RabbitAutoConfiguration matched:
      - @ConditionalOnClass found required classes 'org.springframework.amqp.rabbit.core.RabbitTemplate', 'com.rabbitmq.client.Channel' (OnClassCondition)

   RabbitAutoConfiguration.RabbitConnectionFactoryCreator#rabbitConnectionDetails matched:
      - @ConditionalOnMissingBean (types: org.springframework.boot.amqp.autoconfigure.RabbitConnectionDetails; SearchStrategy: all) did not find any beans (OnBeanCondition)

   RabbitAutoConfiguration.RabbitConnectionFactoryCreator#rabbitConnectionFactory matched:
      - @ConditionalOnMissingBean (types: org.springframework.amqp.rabbit.connection.ConnectionFactory; SearchStrategy: all) did not find any beans (OnBeanCondition)

   RabbitAutoConfiguration.RabbitConnectionFactoryCreator#rabbitConnectionFactoryBeanConfigurer matched:
      - @ConditionalOnMissingBean (types: org.springframework.boot.amqp.autoconfigure.RabbitConnectionFactoryBeanConfigurer; SearchStrategy: all) did not find any beans (OnBeanCondition)

   RabbitAutoConfiguration.RabbitConnectionFactoryCreator#rabbitConnectionFactoryConfigurer matched:
      - @ConditionalOnMissingBean (types: org.springframework.boot.amqp.autoconfigure.CachingConnectionFactoryConfigurer; SearchStrategy: all) did not find any beans (OnBeanCondition)

   RabbitAutoConfiguration.RabbitMessagingTemplateConfiguration matched:
      - @ConditionalOnClass found required class 'org.springframework.amqp.rabbit.core.RabbitMessagingTemplate' (OnClassCondition)
      - @ConditionalOnMissingBean (types: org.springframework.amqp.rabbit.core.RabbitMessagingTemplate; SearchStrategy: all) did not find any beans (OnBeanCondition)

   RabbitAutoConfiguration.RabbitMessagingTemplateConfiguration#rabbitMessagingTemplate matched:
      - @ConditionalOnSingleCandidate (types: org.springframework.amqp.rabbit.core.RabbitTemplate; SearchStrategy: all) found a single bean 'rabbitTemplate' (OnBeanCondition)

   RabbitAutoConfiguration.RabbitTemplateConfiguration#amqpAdmin matched:
      - @ConditionalOnBooleanProperty (spring.rabbitmq.dynamic=true) matched (OnPropertyCondition)
      - @ConditionalOnSingleCandidate (types: org.springframework.amqp.rabbit.connection.ConnectionFactory; SearchStrategy: all) found a single bean 'rabbitConnectionFactory'; @ConditionalOnMissingBean (types: org.springframework.amqp.core.AmqpAdmin; SearchStrategy: all) did not find any beans (OnBeanCondition)

   RabbitAutoConfiguration.RabbitTemplateConfiguration#rabbitTemplate matched:
      - @ConditionalOnSingleCandidate (types: org.springframework.amqp.rabbit.connection.ConnectionFactory; SearchStrategy: all) found a single bean 'rabbitConnectionFactory'; @ConditionalOnMissingBean (types: org.springframework.amqp.rabbit.core.RabbitOperations; SearchStrategy: all) did not find any beans (OnBeanCondition)

   RabbitAutoConfiguration.RabbitTemplateConfiguration#rabbitTemplateConfigurer matched:
      - @ConditionalOnMissingBean (types: org.springframework.boot.amqp.autoconfigure.RabbitTemplateConfigurer; SearchStrategy: all) did not find any beans (OnBeanCondition)

   RefreshAutoConfiguration matched:
      - @ConditionalOnClass found required class 'org.springframework.cloud.context.scope.refresh.RefreshScope' (OnClassCondition)
      - @ConditionalOnProperty (spring.cloud.refresh.enabled) matched (OnPropertyCondition)

   RefreshAutoConfiguration#configDataContextRefresher matched:
      - @ConditionalOnMissingBean (types: org.springframework.cloud.context.refresh.ConfigDataContextRefresher; SearchStrategy: all) did not find any beans (OnBeanCondition)
      - NoneNestedConditions 0 matched 3 did not; NestedCondition on ConditionalOnBootstrapDisabled.OnBootstrapDisabledCondition.OnBootstrapEnabled @ConditionalOnProperty (spring.cloud.bootstrap.enabled) did not find property 'spring.cloud.bootstrap.enabled'; NestedCondition on ConditionalOnBootstrapDisabled.OnBootstrapDisabledCondition.OnUseLegacyProcessingEnabled @ConditionalOnProperty (spring.config.use-legacy-processing) did not find property 'spring.config.use-legacy-processing'; NestedCondition on ConditionalOnBootstrapDisabled.OnBootstrapDisabledCondition.OnBootstrapMarkerClassPresent @ConditionalOnClass did not find required class 'org.springframework.cloud.bootstrap.marker.Marker' (ConditionalOnBootstrapDisabled.OnBootstrapDisabledCondition)

   RefreshAutoConfiguration#loggingRebinder matched:
      - @ConditionalOnMissingBean (types: org.springframework.cloud.logging.LoggingRebinder; SearchStrategy: all) did not find any beans (OnBeanCondition)

   RefreshAutoConfiguration#refreshScope matched:
      - @ConditionalOnMissingBean (types: org.springframework.cloud.context.scope.refresh.RefreshScope; SearchStrategy: all) did not find any beans (OnBeanCondition)

   RefreshAutoConfiguration#refreshScopeLifecycle matched:
      - @ConditionalOnProperty (spring.cloud.refresh.on-restart.enabled) matched (OnPropertyCondition)

   ResourceServerTokenRelayAutoConfiguration matched:
      - @ConditionalOnClass found required class 'org.springframework.web.servlet.config.annotation.WebMvcConfigurer' (OnClassCondition)
      - found 'session' scope (OnWebApplicationCondition)
      - @ConditionalOnProperty (spring.cloud.mvc.token-relay.enabled) matched (OnPropertyCondition)

   SecurityAutoConfiguration matched:
      - @ConditionalOnClass found required class 'org.springframework.security.authentication.DefaultAuthenticationEventPublisher' (OnClassCondition)

   SecurityAutoConfiguration#authenticationEventPublisher matched:
      - @ConditionalOnMissingBean (types: org.springframework.security.authentication.AuthenticationEventPublisher; SearchStrategy: all) did not find any beans (OnBeanCondition)

   SecurityFilterAutoConfiguration matched:
      - @ConditionalOnClass found required classes 'org.springframework.security.web.context.AbstractSecurityWebApplicationInitializer', 'org.springframework.security.config.http.SessionCreationPolicy' (OnClassCondition)
      - found 'session' scope (OnWebApplicationCondition)

   SecurityFilterAutoConfiguration#securityFilterChainRegistration matched:
      - @ConditionalOnBean (names: springSecurityFilterChain; SearchStrategy: all) found bean 'springSecurityFilterChain' (OnBeanCondition)

   ServletWebSecurityAutoConfiguration matched:
      - @ConditionalOnClass found required class 'org.springframework.security.config.annotation.web.configuration.EnableWebSecurity' (OnClassCondition)
      - found 'session' scope (OnWebApplicationCondition)

   ServletWebSecurityAutoConfiguration.EnableWebSecurityConfiguration matched:
      - @ConditionalOnClass found required class 'org.springframework.security.config.annotation.web.configuration.EnableWebSecurity' (OnClassCondition)
      - @ConditionalOnMissingBean (names: springSecurityFilterChain; SearchStrategy: all) did not find any beans (OnBeanCondition)

   ServletWebSecurityAutoConfiguration.PathPatternRequestMatcherBuilderConfiguration matched:
      - @ConditionalOnClass found required class 'org.springframework.boot.webmvc.autoconfigure.DispatcherServletPath' (OnClassCondition)
      - @ConditionalOnBean (types: org.springframework.boot.webmvc.autoconfigure.DispatcherServletPath; SearchStrategy: all) found bean 'dispatcherServletRegistration' (OnBeanCondition)

   ServletWebSecurityAutoConfiguration.PathPatternRequestMatcherBuilderConfiguration#pathPatternRequestMatcherBuilder matched:
      - @ConditionalOnMissingBean (types: org.springframework.security.web.servlet.util.matcher.PathPatternRequestMatcher$Builder; SearchStrategy: all) did not find any beans (OnBeanCondition)

   SimpleDiscoveryClientConfigurations.SimpleDiscoveryClientConfiguration#simpleDiscoveryProperties matched:
      - @ConditionalOnMissingBean (types: org.springframework.cloud.client.discovery.simple.SimpleDiscoveryProperties; SearchStrategy: all) did not find any beans (OnBeanCondition)

   SimpleDiscoveryClientConfigurations.WebApplicationSimpleDiscoveryClientConfiguration matched:
      - @ConditionalOnClass found required class 'org.springframework.boot.web.server.context.WebServerInitializedEvent' (OnClassCondition)

   SslAutoConfiguration#sslBundleRegistry matched:
      - @ConditionalOnMissingBean (types: org.springframework.boot.ssl.SslBundleRegistry,org.springframework.boot.ssl.SslBundles; SearchStrategy: all) did not find any beans (OnBeanCondition)

   TaskExecutionAutoConfiguration matched:
      - @ConditionalOnClass found required class 'org.springframework.scheduling.concurrent.ThreadPoolTaskExecutor' (OnClassCondition)

   TaskExecutorConfigurations.AsyncConfigurerConfiguration matched:
      - @ConditionalOnMissingBean (types: org.springframework.scheduling.annotation.AsyncConfigurer; SearchStrategy: all) did not find any beans (OnBeanCondition)

   TaskExecutorConfigurations.SimpleAsyncTaskExecutorBuilderConfiguration#simpleAsyncTaskExecutorBuilder matched:
      - @ConditionalOnMissingBean (types: org.springframework.boot.task.SimpleAsyncTaskExecutorBuilder; SearchStrategy: all) did not find any beans (OnBeanCondition)
      - @ConditionalOnThreading found PLATFORM (OnThreadingCondition)

   TaskExecutorConfigurations.TaskExecutorConfiguration matched:
      - AnyNestedCondition 1 matched 1 did not; NestedCondition on TaskExecutorConfigurations.OnExecutorCondition.ModelCondition @ConditionalOnProperty (spring.task.execution.mode=force) did not find property 'spring.task.execution.mode'; NestedCondition on TaskExecutorConfigurations.OnExecutorCondition.ExecutorBeanCondition @ConditionalOnMissingBean (types: java.util.concurrent.Executor; SearchStrategy: all) did not find any beans (TaskExecutorConfigurations.OnExecutorCondition)

   TaskExecutorConfigurations.TaskExecutorConfiguration#applicationTaskExecutor matched:
      - @ConditionalOnThreading found PLATFORM (OnThreadingCondition)

   TaskExecutorConfigurations.ThreadPoolTaskExecutorBuilderConfiguration#threadPoolTaskExecutorBuilder matched:
      - @ConditionalOnMissingBean (types: org.springframework.boot.task.ThreadPoolTaskExecutorBuilder; SearchStrategy: all) did not find any beans (OnBeanCondition)

   TaskSchedulingAutoConfiguration matched:
      - @ConditionalOnClass found required class 'org.springframework.scheduling.concurrent.ThreadPoolTaskScheduler' (OnClassCondition)

   TaskSchedulingConfigurations.SimpleAsyncTaskSchedulerBuilderConfiguration#simpleAsyncTaskSchedulerBuilder matched:
      - @ConditionalOnMissingBean (types: org.springframework.boot.task.SimpleAsyncTaskSchedulerBuilder; SearchStrategy: all) did not find any beans (OnBeanCondition)
      - @ConditionalOnThreading found PLATFORM (OnThreadingCondition)

   TaskSchedulingConfigurations.ThreadPoolTaskSchedulerBuilderConfiguration#threadPoolTaskSchedulerBuilder matched:
      - @ConditionalOnMissingBean (types: org.springframework.boot.task.ThreadPoolTaskSchedulerBuilder; SearchStrategy: all) did not find any beans (OnBeanCondition)

   TomcatServletWebServerAutoConfiguration matched:
      - @ConditionalOnClass found required classes 'jakarta.servlet.ServletRequest', 'org.apache.catalina.startup.Tomcat', 'org.apache.coyote.UpgradeProtocol', 'org.springframework.boot.tomcat.servlet.TomcatServletWebServerFactory' (OnClassCondition)
      - found 'session' scope (OnWebApplicationCondition)

   TomcatServletWebServerAutoConfiguration#tomcatServletWebServerFactory matched:
      - @ConditionalOnMissingBean (types: org.springframework.boot.web.server.servlet.ServletWebServerFactory; SearchStrategy: current) did not find any beans (OnBeanCondition)

   TomcatWebServerConfiguration matched:
      - @ConditionalOnWarDeployment the application is not deployed as a WAR file. (OnWarDeploymentCondition)

   TomcatWebServerConfiguration.TomcatWebSocketConfiguration matched:
      - @ConditionalOnClass found required class 'org.apache.tomcat.websocket.server.WsSci' (OnClassCondition)

   TransactionAutoConfiguration matched:
      - @ConditionalOnClass found required class 'org.springframework.transaction.PlatformTransactionManager' (OnClassCondition)

   TransactionAutoConfiguration.EnableTransactionManagementConfiguration matched:
      - @ConditionalOnBean (types: org.springframework.transaction.TransactionManager; SearchStrategy: all) found bean 'transactionManager'; @ConditionalOnMissingBean (types: org.springframework.transaction.annotation.AbstractTransactionManagementConfiguration; SearchStrategy: all) did not find any beans (OnBeanCondition)

   TransactionAutoConfiguration.EnableTransactionManagementConfiguration.CglibAutoProxyConfiguration matched:
      - @ConditionalOnBooleanProperty (spring.aop.proxy-target-class=true) matched (OnPropertyCondition)

   TransactionAutoConfiguration.TransactionTemplateConfiguration matched:
      - @ConditionalOnSingleCandidate (types: org.springframework.transaction.PlatformTransactionManager; SearchStrategy: all) found a single bean 'transactionManager' (OnBeanCondition)

   TransactionAutoConfiguration.TransactionTemplateConfiguration#transactionTemplate matched:
      - @ConditionalOnMissingBean (types: org.springframework.transaction.support.TransactionOperations; SearchStrategy: all) did not find any beans (OnBeanCondition)

   TransactionManagerCustomizationAutoConfiguration matched:
      - @ConditionalOnClass found required class 'org.springframework.transaction.PlatformTransactionManager' (OnClassCondition)

   TransactionManagerCustomizationAutoConfiguration#platformTransactionManagerCustomizers matched:
      - @ConditionalOnMissingBean (types: org.springframework.boot.transaction.autoconfigure.TransactionManagerCustomizers; SearchStrategy: all) did not find any beans (OnBeanCondition)

   UtilAutoConfiguration matched:
      - @ConditionalOnProperty (spring.cloud.util.enabled) matched (OnPropertyCondition)

   UtilAutoConfiguration#inetUtils matched:
      - @ConditionalOnMissingBean (types: org.springframework.cloud.commons.util.InetUtils; SearchStrategy: all) did not find any beans (OnBeanCondition)

   ValidationAutoConfiguration matched:
      - @ConditionalOnClass found required class 'jakarta.validation.executable.ExecutableValidator' (OnClassCondition)
      - @ConditionalOnResource found location classpath:META-INF/services/jakarta.validation.spi.ValidationProvider (OnResourceCondition)

   ValidationAutoConfiguration#defaultValidator matched:
      - @ConditionalOnMissingBean (types: jakarta.validation.Validator; SearchStrategy: all) did not find any beans (OnBeanCondition)

   ValidationAutoConfiguration#methodValidationPostProcessor matched:
      - @ConditionalOnMissingBean (types: org.springframework.validation.beanvalidation.MethodValidationPostProcessor; SearchStrategy: current) did not find any beans (OnBeanCondition)

   WebMvcAutoConfiguration matched:
      - @ConditionalOnClass found required classes 'jakarta.servlet.Servlet', 'org.springframework.web.servlet.DispatcherServlet', 'org.springframework.web.servlet.config.annotation.WebMvcConfigurer' (OnClassCondition)
      - found 'session' scope (OnWebApplicationCondition)
      - @ConditionalOnMissingBean (types: org.springframework.web.servlet.config.annotation.WebMvcConfigurationSupport; SearchStrategy: all) did not find any beans (OnBeanCondition)

   WebMvcAutoConfiguration#formContentFilter matched:
      - @ConditionalOnBooleanProperty (spring.mvc.formcontent.filter.enabled=true) matched (OnPropertyCondition)
      - @ConditionalOnMissingBean (types: org.springframework.web.filter.FormContentFilter; SearchStrategy: all) did not find any beans (OnBeanCondition)

   WebMvcAutoConfiguration.EnableWebMvcConfiguration#flashMapManager matched:
      - @ConditionalOnMissingBean (names: flashMapManager; SearchStrategy: all) did not find any beans (OnBeanCondition)

   WebMvcAutoConfiguration.EnableWebMvcConfiguration#localeResolver matched:
      - @ConditionalOnMissingBean (names: localeResolver; SearchStrategy: all) did not find any beans (OnBeanCondition)

   WebMvcAutoConfiguration.EnableWebMvcConfiguration#viewNameTranslator matched:
      - @ConditionalOnMissingBean (names: viewNameTranslator; SearchStrategy: all) did not find any beans (OnBeanCondition)

   WebMvcAutoConfiguration.WebMvcAutoConfigurationAdapter#defaultViewResolver matched:
      - @ConditionalOnMissingBean (types: org.springframework.web.servlet.view.InternalResourceViewResolver; SearchStrategy: all) did not find any beans (OnBeanCondition)

   WebMvcAutoConfiguration.WebMvcAutoConfigurationAdapter#requestContextFilter matched:
      - @ConditionalOnMissingBean (types: org.springframework.web.context.request.RequestContextListener,org.springframework.web.filter.RequestContextFilter; SearchStrategy: all) did not find any beans (OnBeanCondition)

   WebMvcAutoConfiguration.WebMvcAutoConfigurationAdapter#viewResolver matched:
      - @ConditionalOnBean (types: org.springframework.web.servlet.ViewResolver; SearchStrategy: all) found beans 'defaultViewResolver', 'beanNameViewResolver', 'mvcViewResolver'; @ConditionalOnMissingBean (names: viewResolver types: org.springframework.web.servlet.view.ContentNegotiatingViewResolver; SearchStrategy: all) did not find any beans (OnBeanCondition)


Negative matches:
-----------------

   AopAutoConfiguration.AspectJAutoProxyingConfiguration.JdkDynamicAutoProxyConfiguration:
      Did not match:
         - @ConditionalOnBooleanProperty (spring.aop.proxy-target-class=false) did not find property 'spring.aop.proxy-target-class' (OnPropertyCondition)

   AopAutoConfiguration.ClassProxyingConfiguration:
      Did not match:
         - @ConditionalOnMissingClass found unwanted class 'org.aspectj.weaver.Advice' (OnClassCondition)

   CloudHypermediaAutoConfiguration:
      Did not match:
         - @ConditionalOnClass did not find required class 'org.springframework.hateoas.Link' (OnClassCondition)

   CommonsClientAutoConfiguration.ActuatorConfiguration:
      Did not match:
         - @ConditionalOnClass did not find required class 'org.springframework.boot.actuate.endpoint.annotation.Endpoint' (OnClassCondition)

   CommonsClientAutoConfiguration.CircuitBreakerInterfaceClientsAutoConfiguration:
      Did not match:
         - @ConditionalOnBean (types: org.springframework.cloud.client.circuitbreaker.CircuitBreakerFactory; SearchStrategy: all) did not find any beans of type org.springframework.cloud.client.circuitbreaker.CircuitBreakerFactory (OnBeanCondition)
      Matched:
         - @ConditionalOnClass found required classes 'org.springframework.cloud.client.circuitbreaker.CircuitBreaker', 'org.springframework.web.client.support.RestClientHttpServiceGroupConfigurer' (OnClassCondition)
         - @ConditionalOnProperty (spring.cloud.circuitbreaker.http-services.enabled=true) matched (OnPropertyCondition)

   CommonsClientAutoConfiguration.DiscoveryLoadBalancerConfiguration:
      Did not match:
         - @ConditionalOnClass did not find required class 'org.springframework.boot.health.contributor.HealthIndicator' (OnClassCondition)

   CommonsClientAutoConfiguration.ReactiveCircuitBreakerInterfaceClientsAutoConfiguration:
      Did not match:
         - @ConditionalOnClass did not find required class 'org.springframework.web.reactive.function.client.support.WebClientHttpServiceGroupConfigurer' (OnClassCondition)

   DataJpaRepositoriesAutoConfiguration#entityManagerFactoryBootstrapExecutorCustomizer:
      Did not match:
         - @ConditionalOnProperty (spring.data.jpa.repositories.bootstrap-mode=deferred) did not find property 'spring.data.jpa.repositories.bootstrap-mode' (OnPropertyCondition)

   DataRepositoryMetricsAutoConfiguration:
      Did not match:
         - @ConditionalOnBean did not find required type 'io.micrometer.core.instrument.MeterRegistry' (OnBeanCondition)

   DataSourceAutoConfiguration.EmbeddedDatabaseConfiguration:
      Did not match:
         - EmbeddedDataSource spring.datasource.url is set (DataSourceAutoConfiguration.EmbeddedDatabaseCondition)

   DataSourceCheckpointRestoreConfiguration:
      Did not match:
         - @ConditionalOnClass did not find required class 'org.crac.Resource' (OnClassCondition)

   DataSourceConfiguration.Dbcp2:
      Did not match:
         - @ConditionalOnClass did not find required class 'org.apache.commons.dbcp2.BasicDataSource' (OnClassCondition)

   DataSourceConfiguration.Generic:
      Did not match:
         - @ConditionalOnProperty (spring.datasource.type) did not find property 'spring.datasource.type' (OnPropertyCondition)

   DataSourceConfiguration.OracleUcp:
      Did not match:
         - @ConditionalOnClass did not find required classes 'oracle.ucp.jdbc.PoolDataSourceImpl', 'oracle.jdbc.OracleConnection' (OnClassCondition)

   DataSourceConfiguration.Tomcat:
      Did not match:
         - @ConditionalOnClass did not find required class 'org.apache.tomcat.jdbc.pool.DataSource' (OnClassCondition)

   DataSourceHealthContributorAutoConfiguration:
      Did not match:
         - @ConditionalOnClass did not find required class 'org.springframework.boot.health.autoconfigure.contributor.ConditionalOnEnabledHealthIndicator' (OnClassCondition)

   DataSourceInitializationAutoConfiguration:
      Did not match:
         - SQL InitializationDatabase Initialization spring.sql.init.mode is NEVER (OnSqlInitializationCondition)
      Matched:
         - @ConditionalOnClass found required class 'org.springframework.jdbc.datasource.init.DatabasePopulator' (OnClassCondition)

   DataSourceJmxConfiguration:
      Did not match:
         - @ConditionalOnBooleanProperty (spring.jmx.enabled=true) did not find property 'spring.jmx.enabled' (OnPropertyCondition)

   DataSourcePoolMetadataProvidersConfiguration.CommonsDbcp2PoolDataSourceMetadataProviderConfiguration:
      Did not match:
         - @ConditionalOnClass did not find required class 'org.apache.commons.dbcp2.BasicDataSource' (OnClassCondition)

   DataSourcePoolMetadataProvidersConfiguration.OracleUcpPoolDataSourceMetadataProviderConfiguration:
      Did not match:
         - @ConditionalOnClass did not find required classes 'oracle.ucp.jdbc.PoolDataSource', 'oracle.jdbc.OracleConnection' (OnClassCondition)

   DataSourcePoolMetadataProvidersConfiguration.TomcatDataSourcePoolMetadataProviderConfiguration:
      Did not match:
         - @ConditionalOnClass did not find required class 'org.apache.tomcat.jdbc.pool.DataSource' (OnClassCondition)

   DataSourcePoolMetricsAutoConfiguration:
      Did not match:
         - @ConditionalOnClass did not find required class 'io.micrometer.core.instrument.MeterRegistry' (OnClassCondition)

   DataSourceTransactionManagerAutoConfiguration.JdbcTransactionManagerConfiguration#transactionManager:
      Did not match:
         - @ConditionalOnMissingBean (types: org.springframework.transaction.TransactionManager; SearchStrategy: all) found beans of type 'org.springframework.transaction.TransactionManager' transactionManager (OnBeanCondition)

   DispatcherServletAutoConfiguration.DispatcherServletConfiguration#multipartResolver:
      Did not match:
         - @ConditionalOnBean (types: org.springframework.web.multipart.MultipartResolver; SearchStrategy: all) did not find any beans of type org.springframework.web.multipart.MultipartResolver (OnBeanCondition)

   FeignAcceptGzipEncodingAutoConfiguration:
      Did not match:
         - @ConditionalOnProperty (spring.cloud.openfeign.compression.response.enabled) did not find property 'spring.cloud.openfeign.compression.response.enabled' (OnPropertyCondition)
      Matched:
         - @ConditionalOnClass found required class 'feign.Feign' (OnClassCondition)

   FeignAutoConfiguration#cachingCapability:
      Did not match:
         - @ConditionalOnBean (types: org.springframework.cache.interceptor.CacheInterceptor; SearchStrategy: all) did not find any beans of type org.springframework.cache.interceptor.CacheInterceptor (OnBeanCondition)
      Matched:
         - @ConditionalOnProperty (spring.cloud.openfeign.cache.enabled) matched (OnPropertyCondition)

   FeignAutoConfiguration.CircuitBreakerPresentFeignTargeterConfiguration:
      Did not match:
         - @ConditionalOnProperty (spring.cloud.openfeign.circuitbreaker.enabled=true) did not find property 'spring.cloud.openfeign.circuitbreaker.enabled' (OnPropertyCondition)
      Matched:
         - @ConditionalOnClass found required class 'org.springframework.cloud.client.circuitbreaker.CircuitBreaker' (OnClassCondition)

   FeignAutoConfiguration.Http2ClientFeignConfiguration:
      Did not match:
         - @ConditionalOnClass did not find required class 'feign.http2client.Http2Client' (OnClassCondition)

   FeignAutoConfiguration.HttpClient5FeignConfiguration:
      Did not match:
         - @ConditionalOnClass did not find required class 'feign.hc5.ApacheHttp5Client' (OnClassCondition)

   FeignAutoConfiguration.Oauth2FeignConfiguration:
      Did not match:
         - @ConditionalOnClass did not find required class 'org.springframework.security.oauth2.client.OAuth2AuthorizedClientManager' (OnClassCondition)

   FeignContentGzipEncodingAutoConfiguration:
      Did not match:
         - @ConditionalOnProperty (spring.cloud.openfeign.compression.request.enabled) did not find property 'spring.cloud.openfeign.compression.request.enabled' (OnPropertyCondition)
      Matched:
         - @ConditionalOnClass found required class 'feign.Feign' (OnClassCondition)

   FeignHalAutoConfiguration:
      Did not match:
         - @ConditionalOnClass did not find required class 'org.springframework.hateoas.config.WebConverters' (OnClassCondition)

   FeignLoadBalancerAutoConfiguration:
      Did not match:
         - @ConditionalOnBean did not find required type 'org.springframework.cloud.loadbalancer.support.LoadBalancerClientFactory' (OnBeanCondition)

   FlywayAutoConfiguration.FlywayConfiguration.OracleConfiguration:
      Did not match:
         - @ConditionalOnClass did not find required class 'org.flywaydb.database.oracle.OracleConfigurationExtension' (OnClassCondition)

   FlywayAutoConfiguration.FlywayConfiguration.SqlServerConfiguration:
      Did not match:
         - @ConditionalOnClass did not find required class 'org.flywaydb.database.sqlserver.SQLServerConfigurationExtension' (OnClassCondition)

   FlywayEndpointAutoConfiguration:
      Did not match:
         - @ConditionalOnClass did not find required class 'org.springframework.boot.actuate.autoconfigure.endpoint.condition.ConditionalOnAvailableEndpoint' (OnClassCondition)

   GsonHttpMessageConvertersConfiguration:
      Did not match:
         - @ConditionalOnClass did not find required class 'com.google.gson.Gson' (OnClassCondition)

   HibernateMetricsAutoConfiguration:
      Did not match:
         - @ConditionalOnClass did not find required class 'io.micrometer.core.instrument.MeterRegistry' (OnClassCondition)

   Jackson2HttpMessageConvertersConfiguration.MappingJackson2HttpMessageConverterConfiguration:
      Did not match:
         - AnyNestedCondition 0 matched 2 did not; NestedCondition on Jackson2HttpMessageConvertersConfiguration.PreferJackson2OrJacksonUnavailableCondition.JacksonUnavailable @ConditionalOnMissingBean (types: org.springframework.boot.http.converter.autoconfigure.JacksonHttpMessageConvertersConfiguration$JacksonJsonHttpMessageConvertersCustomizer; SearchStrategy: all) found beans of type 'org.springframework.boot.http.converter.autoconfigure.JacksonHttpMessageConvertersConfiguration$JacksonJsonHttpMessageConvertersCustomizer' jacksonJsonHttpMessageConvertersCustomizer; NestedCondition on Jackson2HttpMessageConvertersConfiguration.PreferJackson2OrJacksonUnavailableCondition.Jackson2Preferred @ConditionalOnProperty (spring.http.converters.preferred-json-mapper=jackson2) did not find property 'spring.http.converters.preferred-json-mapper' (Jackson2HttpMessageConvertersConfiguration.PreferJackson2OrJacksonUnavailableCondition)
      Matched:
         - @ConditionalOnClass found required class 'com.fasterxml.jackson.databind.ObjectMapper' (OnClassCondition)

   Jackson2HttpMessageConvertersConfiguration.MappingJackson2XmlHttpMessageConverterConfiguration:
      Did not match:
         - @ConditionalOnClass did not find required class 'com.fasterxml.jackson.dataformat.xml.XmlMapper' (OnClassCondition)

   JacksonAutoConfiguration.CborConfiguration:
      Did not match:
         - @ConditionalOnClass did not find required class 'tools.jackson.dataformat.cbor.CBORMapper' (OnClassCondition)

   JacksonAutoConfiguration.XmlConfiguration:
      Did not match:
         - @ConditionalOnClass did not find required class 'tools.jackson.dataformat.xml.XmlMapper' (OnClassCondition)

   JacksonHttpMessageConvertersConfiguration.JacksonXmlHttpMessageConverterConfiguration:
      Did not match:
         - @ConditionalOnClass did not find required class 'tools.jackson.dataformat.xml.XmlMapper' (OnClassCondition)

   JmxAutoConfiguration:
      Did not match:
         - @ConditionalOnBooleanProperty (spring.jmx.enabled=true) did not find property 'spring.jmx.enabled' (OnPropertyCondition)
      Matched:
         - @ConditionalOnClass found required class 'org.springframework.jmx.export.MBeanExporter' (OnClassCondition)

   JndiDataSourceAutoConfiguration:
      Did not match:
         - @ConditionalOnProperty (spring.datasource.jndi-name) did not find property 'spring.datasource.jndi-name' (OnPropertyCondition)
      Matched:
         - @ConditionalOnClass found required classes 'javax.sql.DataSource', 'org.springframework.jdbc.datasource.embedded.EmbeddedDatabaseType' (OnClassCondition)

   JndiJtaConfiguration:
      Did not match:
         - @ConditionalOnJndi JNDI environment is not available (OnJndiCondition)
      Matched:
         - @ConditionalOnClass found required class 'org.springframework.transaction.jta.JtaTransactionManager' (OnClassCondition)

   JsonbHttpMessageConvertersConfiguration:
      Did not match:
         - @ConditionalOnClass did not find required class 'jakarta.json.bind.Jsonb' (OnClassCondition)

   KotlinSerializationHttpMessageConvertersConfiguration:
      Did not match:
         - @ConditionalOnClass did not find required classes 'kotlinx.serialization.Serializable', 'kotlinx.serialization.json.Json' (OnClassCondition)

   LazyConnectionDataSourceConfiguration:
      Did not match:
         - @ConditionalOnProperty (spring.datasource.connection-fetch=lazy) did not find property 'spring.datasource.connection-fetch' (OnPropertyCondition)

   LoadBalancerAutoConfiguration:
      Did not match:
         - @ConditionalOnBean (types: org.springframework.cloud.client.loadbalancer.LoadBalancerClient; SearchStrategy: all) did not find any beans of type org.springframework.cloud.client.loadbalancer.LoadBalancerClient (OnBeanCondition)
      Matched:
         - AnyNestedCondition 2 matched 0 did not; NestedCondition on BlockingRestClassesPresentCondition.RestClientPresent @ConditionalOnClass found required class 'org.springframework.web.client.RestClient'; NestedCondition on BlockingRestClassesPresentCondition.RestTemplatePresent @ConditionalOnClass found required class 'org.springframework.web.client.RestTemplate' (BlockingRestClassesPresentCondition)

   LoadBalancerAutoConfiguration.DeferringLoadBalancerInterceptorHttpClientConfig:
      Did not match:
         - @ConditionalOnClass did not find required class 'org.springframework.boot.http.client.autoconfigure.service.HttpServiceClientProperties' (OnClassCondition)
         - Ancestor org.springframework.cloud.client.loadbalancer.LoadBalancerAutoConfiguration did not match (ConditionEvaluationReport.AncestorsMatchedCondition)

   LoadBalancerAutoConfiguration.DeferringLoadBalancerInterceptorRestTemplateBuilderConfig:
      Did not match:
         - @ConditionalOnClass did not find required class 'org.springframework.boot.restclient.RestTemplateBuilder' (OnClassCondition)
         - Ancestor org.springframework.cloud.client.loadbalancer.LoadBalancerAutoConfiguration did not match (ConditionEvaluationReport.AncestorsMatchedCondition)

   LoadBalancerAutoConfiguration.RetryAutoConfiguration:
      Did not match:
         - @ConditionalOnClass did not find required class 'org.springframework.retry.support.RetryTemplate' (OnClassCondition)
         - Ancestor org.springframework.cloud.client.loadbalancer.LoadBalancerAutoConfiguration did not match (ConditionEvaluationReport.AncestorsMatchedCondition)

   LoadBalancerAutoConfiguration.RetryInterceptorAutoConfiguration:
      Did not match:
         - @ConditionalOnClass did not find required class 'org.springframework.retry.support.RetryTemplate' (OnClassCondition)
         - Ancestor org.springframework.cloud.client.loadbalancer.LoadBalancerAutoConfiguration did not match (ConditionEvaluationReport.AncestorsMatchedCondition)

   LoadBalancerBeanPostProcessorAutoConfiguration:
      Did not match:
         - @ConditionalOnClass did not find required class 'org.springframework.web.reactive.function.client.WebClient' (OnClassCondition)

   MailHealthContributorAutoConfiguration:
      Did not match:
         - @ConditionalOnClass did not find required class 'org.springframework.boot.health.autoconfigure.contributor.ConditionalOnEnabledHealthIndicator' (OnClassCondition)

   MailSenderJndiConfiguration:
      Did not match:
         - @ConditionalOnProperty (spring.mail.jndi-name) did not find property 'spring.mail.jndi-name' (OnPropertyCondition)
      Matched:
         - @ConditionalOnClass found required class 'jakarta.mail.Session' (OnClassCondition)

   MailSenderValidatorAutoConfiguration:
      Did not match:
         - @ConditionalOnBooleanProperty (spring.mail.test-connection=true) did not find property 'spring.mail.test-connection' (OnPropertyCondition)

   ManagementWebSecurityAutoConfiguration:
      Did not match:
         - @ConditionalOnClass did not find required class 'org.springframework.boot.actuate.autoconfigure.endpoint.web.WebEndpointAutoConfiguration' (OnClassCondition)

   MessageSourceAutoConfiguration:
      Did not match:
         - ResourceBundle did not find bundle with basename messages (MessageSourceAutoConfiguration.ResourceBundleCondition)

   ProjectInfoAutoConfiguration#buildProperties:
      Did not match:
         - @ConditionalOnResource did not find resource '${spring.info.build.location:classpath:META-INF/build-info.properties}' (OnResourceCondition)

   ProjectInfoAutoConfiguration#gitProperties:
      Did not match:
         - GitResource did not find git info at classpath:git.properties (ProjectInfoAutoConfiguration.GitResourceAvailableCondition)

   RSocketSecurityAutoConfiguration:
      Did not match:
         - @ConditionalOnClass did not find required class 'org.springframework.boot.rsocket.server.RSocketServerCustomizer' (OnClassCondition)

   RabbitAnnotationDrivenConfiguration#directRabbitListenerContainerFactory:
      Did not match:
         - @ConditionalOnProperty (spring.rabbitmq.listener.type=direct) did not find property 'spring.rabbitmq.listener.type' (OnPropertyCondition)

   RabbitAnnotationDrivenConfiguration#directRabbitListenerContainerFactoryConfigurerVirtualThreads:
      Did not match:
         - @ConditionalOnMissingBean (types: org.springframework.boot.amqp.autoconfigure.DirectRabbitListenerContainerFactoryConfigurer; SearchStrategy: all) found beans of type 'org.springframework.boot.amqp.autoconfigure.DirectRabbitListenerContainerFactoryConfigurer' directRabbitListenerContainerFactoryConfigurer (OnBeanCondition)

   RabbitAnnotationDrivenConfiguration#simpleRabbitListenerContainerFactoryConfigurerVirtualThreads:
      Did not match:
         - @ConditionalOnMissingBean (types: org.springframework.boot.amqp.autoconfigure.SimpleRabbitListenerContainerFactoryConfigurer; SearchStrategy: all) found beans of type 'org.springframework.boot.amqp.autoconfigure.SimpleRabbitListenerContainerFactoryConfigurer' simpleRabbitListenerContainerFactoryConfigurer (OnBeanCondition)

   RabbitAnnotationDrivenConfiguration.EnableRabbitConfiguration:
      Did not match:
         - @ConditionalOnMissingBean (names: org.springframework.amqp.rabbit.config.internalRabbitListenerAnnotationProcessor; SearchStrategy: all) found beans named org.springframework.amqp.rabbit.config.internalRabbitListenerAnnotationProcessor (OnBeanCondition)

   RabbitHealthContributorAutoConfiguration:
      Did not match:
         - @ConditionalOnClass did not find required class 'org.springframework.boot.amqp.health.RabbitHealthIndicator' (OnClassCondition)

   RabbitMetricsAutoConfiguration:
      Did not match:
         - @ConditionalOnClass did not find required class 'io.micrometer.core.instrument.MeterRegistry' (OnClassCondition)

   RabbitStreamConfiguration:
      Did not match:
         - @ConditionalOnClass did not find required class 'org.springframework.rabbit.stream.config.StreamRabbitListenerContainerFactory' (OnClassCondition)

   ReactiveCommonsClientAutoConfiguration.ReactiveDiscoveryLoadBalancerConfiguration:
      Did not match:
         - @ConditionalOnClass did not find required classes 'org.springframework.boot.health.contributor.ReactiveHealthIndicator', 'org.springframework.web.reactive.function.client.WebClient' (OnClassCondition)

   ReactiveCompositeDiscoveryClientAutoConfiguration:
      Did not match:
         - @ConditionalOnClass did not find required class 'org.springframework.web.reactive.function.client.WebClient' (OnClassCondition)

   ReactiveManagementWebSecurityAutoConfiguration:
      Did not match:
         - @ConditionalOnClass did not find required class 'org.springframework.boot.actuate.autoconfigure.endpoint.web.WebEndpointAutoConfiguration' (OnClassCondition)

   ReactiveUserDetailsServiceAutoConfiguration:
      Did not match:
         - AnyNestedCondition 0 matched 2 did not; NestedCondition on ReactiveUserDetailsServiceAutoConfiguration.RSocketEnabledOrReactiveWebApplication.ReactiveWebApplicationCondition did not find reactive web application classes; NestedCondition on ReactiveUserDetailsServiceAutoConfiguration.RSocketEnabledOrReactiveWebApplication.RSocketSecurityEnabledCondition @ConditionalOnBean (types: org.springframework.messaging.rsocket.annotation.support.RSocketMessageHandler; SearchStrategy: all) did not find any beans of type org.springframework.messaging.rsocket.annotation.support.RSocketMessageHandler (ReactiveUserDetailsServiceAutoConfiguration.RSocketEnabledOrReactiveWebApplication)
      Matched:
         - @ConditionalOnClass found required class 'org.springframework.security.authentication.ReactiveAuthenticationManager' (OnClassCondition)
         - AnyNestedCondition 1 matched 2 did not; NestedCondition on MissingAlternativeUserDetailsManagerOrUserPropertiesConfigured.PasswordConfigured @ConditionalOnProperty (spring.security.user.password) did not find property 'spring.security.user.password'; NestedCondition on MissingAlternativeUserDetailsManagerOrUserPropertiesConfigured.NameConfigured @ConditionalOnProperty (spring.security.user.name) did not find property 'spring.security.user.name'; NestedCondition on MissingAlternativeUserDetailsManagerOrUserPropertiesConfigured.MissingAlternative @ConditionalOnMissingClass did not find unwanted classes 'org.springframework.security.oauth2.client.registration.ClientRegistrationRepository', 'org.springframework.security.oauth2.server.resource.introspection.OpaqueTokenIntrospector', 'org.springframework.security.saml2.provider.service.registration.RelyingPartyRegistrationRepository' (MissingAlternativeUserDetailsManagerOrUserPropertiesConfigured)

   ReactiveWebSecurityAutoConfiguration:
      Did not match:
         - @ConditionalOnClass did not find required class 'reactor.core.publisher.Flux' (OnClassCondition)

   ReactorLoadBalancerClientAutoConfiguration:
      Did not match:
         - @ConditionalOnClass did not find required class 'org.springframework.web.reactive.function.client.WebClient' (OnClassCondition)

   RefreshAutoConfiguration#legacyContextRefresher:
      Did not match:
         - AnyNestedCondition 0 matched 3 did not; NestedCondition on ConditionalOnBootstrapEnabled.OnBootstrapEnabledCondition.OnBootstrapEnabled @ConditionalOnProperty (spring.cloud.bootstrap.enabled) did not find property 'spring.cloud.bootstrap.enabled'; NestedCondition on ConditionalOnBootstrapEnabled.OnBootstrapEnabledCondition.OnUseLegacyProcessingEnabled @ConditionalOnProperty (spring.config.use-legacy-processing) did not find property 'spring.config.use-legacy-processing'; NestedCondition on ConditionalOnBootstrapEnabled.OnBootstrapEnabledCondition.OnBootstrapMarkerClassPresent @ConditionalOnClass did not find required class 'org.springframework.cloud.bootstrap.marker.Marker' (ConditionalOnBootstrapEnabled.OnBootstrapEnabledCondition)

   RefreshEndpointAutoConfiguration:
      Did not match:
         - @ConditionalOnClass did not find required class 'org.springframework.boot.actuate.autoconfigure.endpoint.EndpointAutoConfiguration' (OnClassCondition)

   SecurityAutoConfiguration.SecurityDataConfiguration:
      Did not match:
         - @ConditionalOnClass did not find required class 'org.springframework.security.data.repository.query.SecurityEvaluationContextExtension' (OnClassCondition)

   ServiceRegistryAutoConfiguration.ServiceRegistryEndpointConfiguration:
      Did not match:
         - @ConditionalOnClass did not find required class 'org.springframework.boot.actuate.endpoint.annotation.Endpoint' (OnClassCondition)

   ServletHttpExchangesAutoConfiguration:
      Did not match:
         - @ConditionalOnBean did not find required type 'org.springframework.boot.actuate.web.exchanges.HttpExchangeRepository' (OnBeanCondition)

   ServletManagementContextAutoConfiguration:
      Did not match:
         - @ConditionalOnClass did not find required class 'org.springframework.boot.actuate.autoconfigure.endpoint.web.WebEndpointProperties' (OnClassCondition)

   ServletMappingsAutoConfiguration:
      Did not match:
         - @ConditionalOnClass did not find required class 'org.springframework.boot.actuate.autoconfigure.endpoint.condition.ConditionalOnAvailableEndpoint' (OnClassCondition)

   ServletWebSecurityAutoConfiguration.SecurityFilterChainConfiguration:
      Did not match:
         - AllNestedConditions 1 matched 1 did not; NestedCondition on DefaultWebSecurityCondition.Beans @ConditionalOnMissingBean (types: org.springframework.security.web.SecurityFilterChain; SearchStrategy: all) found beans of type 'org.springframework.security.web.SecurityFilterChain' securityFilterChain; NestedCondition on DefaultWebSecurityCondition.Classes @ConditionalOnClass found required classes 'org.springframework.security.web.SecurityFilterChain', 'org.springframework.security.config.annotation.web.builders.HttpSecurity' (DefaultWebSecurityCondition)

   ServletWebServerConfiguration#forwardedHeaderFilter:
      Did not match:
         - @ConditionalOnProperty (server.forward-headers-strategy=framework) did not find property 'server.forward-headers-strategy' (OnPropertyCondition)

   SimpleDiscoveryClientConfigurations.StandardSimpleDiscoveryClientConfiguration:
      Did not match:
         - @ConditionalOnMissingClass found unwanted class 'org.springframework.boot.web.server.context.WebServerInitializedEvent' (OnClassCondition)

   SimpleReactiveDiscoveryClientAutoConfiguration:
      Did not match:
         - @ConditionalOnClass did not find required class 'org.springframework.web.reactive.function.client.WebClient' (OnClassCondition)

   SpringApplicationAdminJmxAutoConfiguration:
      Did not match:
         - @ConditionalOnBooleanProperty (spring.application.admin.enabled=true) did not find property 'spring.application.admin.enabled' (OnPropertyCondition)

   TaskExecutorConfigurations.AsyncConfigurerWrapperConfiguration:
      Did not match:
         - @ConditionalOnBean (types: org.springframework.scheduling.annotation.AsyncConfigurer; SearchStrategy: all) did not find any beans of type org.springframework.scheduling.annotation.AsyncConfigurer (OnBeanCondition)

   TaskExecutorConfigurations.SimpleAsyncTaskExecutorBuilderConfiguration#simpleAsyncTaskExecutorBuilderVirtualThreads:
      Did not match:
         - @ConditionalOnMissingBean (types: org.springframework.boot.task.SimpleAsyncTaskExecutorBuilder; SearchStrategy: all) found beans of type 'org.springframework.boot.task.SimpleAsyncTaskExecutorBuilder' simpleAsyncTaskExecutorBuilder (OnBeanCondition)

   TaskExecutorConfigurations.TaskExecutorConfiguration#applicationTaskExecutorVirtualThreads:
      Did not match:
         - @ConditionalOnThreading did not find VIRTUAL (OnThreadingCondition)

   TaskExecutorConfigurations.TaskExecutorContextPropagationConfiguration:
      Did not match:
         - @ConditionalOnClass did not find required class 'io.micrometer.context.ContextSnapshot' (OnClassCondition)

   TaskSchedulingAutoConfiguration#scheduledBeanLazyInitializationExcludeFilter:
      Did not match:
         - @ConditionalOnBean (names: org.springframework.scheduling.config.internalScheduledAnnotationProcessor; SearchStrategy: all) did not find any beans named org.springframework.scheduling.config.internalScheduledAnnotationProcessor (OnBeanCondition)

   TaskSchedulingConfigurations.SimpleAsyncTaskSchedulerBuilderConfiguration#simpleAsyncTaskSchedulerBuilderVirtualThreads:
      Did not match:
         - @ConditionalOnMissingBean (types: org.springframework.boot.task.SimpleAsyncTaskSchedulerBuilder; SearchStrategy: all) found beans of type 'org.springframework.boot.task.SimpleAsyncTaskSchedulerBuilder' simpleAsyncTaskSchedulerBuilder (OnBeanCondition)

   TaskSchedulingConfigurations.TaskSchedulerConfiguration:
      Did not match:
         - @ConditionalOnBean (names: org.springframework.scheduling.config.internalScheduledAnnotationProcessor; SearchStrategy: all) did not find any beans named org.springframework.scheduling.config.internalScheduledAnnotationProcessor (OnBeanCondition)

   TomcatMetricsAutoConfiguration:
      Did not match:
         - @ConditionalOnClass did not find required class 'io.micrometer.core.instrument.binder.tomcat.TomcatMetrics' (OnClassCondition)

   TomcatReactiveManagementContextAutoConfiguration:
      Did not match:
         - @ConditionalOnClass did not find required class 'org.springframework.boot.actuate.autoconfigure.web.server.ManagementContextFactory' (OnClassCondition)

   TomcatReactiveWebServerAutoConfiguration:
      Did not match:
         - @ConditionalOnWebApplication did not find reactive web application classes (OnWebApplicationCondition)

   TomcatServletManagementContextAutoConfiguration:
      Did not match:
         - @ConditionalOnClass did not find required class 'org.springframework.boot.actuate.autoconfigure.web.server.ManagementContextFactory' (OnClassCondition)

   TomcatServletWebServerAutoConfiguration#tomcatForwardedHeaderFilterCustomizer:
      Did not match:
         - @ConditionalOnProperty (server.forward-headers-strategy=framework) did not find property 'server.forward-headers-strategy' (OnPropertyCondition)

   TomcatWebServerConfiguration#tomcatVirtualThreadsProtocolHandlerCustomizer:
      Did not match:
         - @ConditionalOnThreading did not find VIRTUAL (OnThreadingCondition)

   TransactionAutoConfiguration#transactionalOperator:
      Did not match:
         - @ConditionalOnSingleCandidate (types: org.springframework.transaction.ReactiveTransactionManager; SearchStrategy: all) did not find any beans (OnBeanCondition)

   TransactionAutoConfiguration.AspectJTransactionManagementConfiguration:
      Did not match:
         - @ConditionalOnBean (types: org.springframework.transaction.aspectj.AbstractTransactionAspect; SearchStrategy: all) did not find any beans of type org.springframework.transaction.aspectj.AbstractTransactionAspect (OnBeanCondition)

   TransactionAutoConfiguration.EnableTransactionManagementConfiguration.JdkDynamicAutoProxyConfiguration:
      Did not match:
         - @ConditionalOnBooleanProperty (spring.aop.proxy-target-class=false) did not find property 'spring.aop.proxy-target-class' (OnPropertyCondition)

   UserDetailsServiceAutoConfiguration:
      Did not match:
         - @ConditionalOnMissingBean (types: org.springframework.security.authentication.AuthenticationManager,org.springframework.security.authentication.AuthenticationProvider,org.springframework.security.core.userdetails.UserDetailsService,org.springframework.security.authentication.AuthenticationManagerResolver,org.springframework.security.oauth2.jwt.JwtDecoder; SearchStrategy: all) found beans of type 'org.springframework.security.authentication.AuthenticationManager' authenticationManager and found beans of type 'org.springframework.security.core.userdetails.UserDetailsService' customUserDetailsService (OnBeanCondition)
      Matched:
         - @ConditionalOnClass found required class 'org.springframework.security.authentication.AuthenticationManager' (OnClassCondition)
         - found 'session' scope (OnWebApplicationCondition)
         - AnyNestedCondition 1 matched 2 did not; NestedCondition on MissingAlternativeUserDetailsManagerOrUserPropertiesConfigured.PasswordConfigured @ConditionalOnProperty (spring.security.user.password) did not find property 'spring.security.user.password'; NestedCondition on MissingAlternativeUserDetailsManagerOrUserPropertiesConfigured.NameConfigured @ConditionalOnProperty (spring.security.user.name) did not find property 'spring.security.user.name'; NestedCondition on MissingAlternativeUserDetailsManagerOrUserPropertiesConfigured.MissingAlternative @ConditionalOnMissingClass did not find unwanted classes 'org.springframework.security.oauth2.client.registration.ClientRegistrationRepository', 'org.springframework.security.oauth2.server.resource.introspection.OpaqueTokenIntrospector', 'org.springframework.security.saml2.provider.service.registration.RelyingPartyRegistrationRepository' (MissingAlternativeUserDetailsManagerOrUserPropertiesConfigured)

   WebMvcAutoConfiguration#hiddenHttpMethodFilter:
      Did not match:
         - @ConditionalOnBooleanProperty (spring.mvc.hiddenmethod.filter.enabled=true) did not find property 'spring.mvc.hiddenmethod.filter.enabled' (OnPropertyCondition)

   WebMvcAutoConfiguration.ProblemDetailsErrorHandlingConfiguration:
      Did not match:
         - @ConditionalOnBooleanProperty (spring.mvc.problemdetails.enabled=true) did not find property 'spring.mvc.problemdetails.enabled' (OnPropertyCondition)

   WebMvcAutoConfiguration.ResourceChainCustomizerConfiguration:
      Did not match:
         - @ConditionalOnEnabledResourceChain did not find class org.webjars.WebJarVersionLocator (OnEnabledResourceChainCondition)

   WebMvcAutoConfiguration.WebMvcAutoConfigurationAdapter#beanNameViewResolver:
      Did not match:
         - @ConditionalOnMissingBean (types: org.springframework.web.servlet.view.BeanNameViewResolver; SearchStrategy: all) found beans of type 'org.springframework.web.servlet.view.BeanNameViewResolver' beanNameViewResolver (OnBeanCondition)

   WebMvcHealthEndpointExtensionAutoConfiguration:
      Did not match:
         - @ConditionalOnClass did not find required class 'org.springframework.boot.health.actuate.endpoint.HealthEndpoint' (OnClassCondition)

   WebMvcMappingsAutoConfiguration:
      Did not match:
         - @ConditionalOnClass did not find required class 'org.springframework.boot.actuate.autoconfigure.endpoint.condition.ConditionalOnAvailableEndpoint' (OnClassCondition)

   WebMvcObservationAutoConfiguration:
      Did not match:
         - @ConditionalOnClass did not find required class 'org.springframework.boot.micrometer.observation.autoconfigure.ObservationProperties' (OnClassCondition)

   WritableEnvironmentEndpointAutoConfiguration:
      Did not match:
         - @ConditionalOnClass did not find required class 'org.springframework.boot.actuate.autoconfigure.env.EnvironmentEndpointProperties' (OnClassCondition)

   XADataSourceAutoConfiguration:
      Did not match:
         - @ConditionalOnBean (types: org.springframework.boot.jdbc.XADataSourceWrapper; SearchStrategy: all) did not find any beans of type org.springframework.boot.jdbc.XADataSourceWrapper (OnBeanCondition)
      Matched:
         - @ConditionalOnClass found required classes 'javax.sql.DataSource', 'jakarta.transaction.TransactionManager', 'org.springframework.jdbc.datasource.embedded.EmbeddedDatabaseType' (OnClassCondition)


Exclusions:
-----------

    None


Unconditional classes:
----------------------

    org.springframework.boot.autoconfigure.context.ConfigurationPropertiesAutoConfiguration

    org.springframework.cloud.client.ReactiveCommonsClientAutoConfiguration

    org.springframework.boot.autoconfigure.ssl.SslAutoConfiguration

    org.springframework.boot.autoconfigure.context.PropertyPlaceholderAutoConfiguration

    org.springframework.cloud.client.discovery.simple.SimpleDiscoveryClientAutoConfiguration

    org.springframework.boot.autoconfigure.context.LifecycleAutoConfiguration

    org.springframework.cloud.client.CommonsClientAutoConfiguration

    org.springframework.cloud.commons.config.CommonsConfigAutoConfiguration

    org.springframework.cloud.client.loadbalancer.LoadBalancerDefaultMappingsProviderAutoConfiguration

    org.springframework.cloud.client.discovery.composite.CompositeDiscoveryClientAutoConfiguration

    org.springframework.cloud.client.serviceregistry.ServiceRegistryAutoConfiguration

    org.springframework.cloud.autoconfigure.LifecycleMvcEndpointAutoConfiguration

    org.springframework.boot.autoconfigure.availability.ApplicationAvailabilityAutoConfiguration

    org.springframework.boot.autoconfigure.info.ProjectInfoAutoConfiguration



2026-08-19T17:52:46.659+07:00  INFO 12540 --- [account-service] [           main] i.f.a.AccountServiceApplication          : Started AccountServiceApplication in 8.928 seconds (process running for 9.366)
2026-08-19T17:52:46.661+07:00 DEBUG 12540 --- [account-service] [           main] o.s.b.a.ApplicationAvailabilityBean      : Application availability state LivenessState changed to CORRECT
2026-08-19T17:52:46.663+07:00 DEBUG 12540 --- [account-service] [           main] o.s.b.a.ApplicationAvailabilityBean      : Application availability state ReadinessState changed to ACCEPTING_TRAFFIC
2026-08-19T17:52:55.258+07:00 DEBUG 12540 --- [account-service] [nio-8081-exec-5] o.s.web.servlet.DispatcherServlet        : GET "/api/tutors?limit=50", parameters={masked}
2026-08-19T17:52:55.259+07:00 DEBUG 12540 --- [account-service] [nio-8081-exec-5] s.w.s.m.m.a.RequestMappingHandlerMapping : Mapped to iuh.fit.account_service.controller.TutorController#searchTutors(String, Long, BigDecimal, BigDecimal, Integer)
2026-08-19T17:52:55.273+07:00 DEBUG 12540 --- [account-service] [nio-8081-exec-5] org.hibernate.SQL                        : 
    select
        t1_0.id,
        t1_0.bio,
        t1_0.created_at,
        t1_0.education,
        t1_0.experience_years,
        t1_0.status,
        t1_0.rejection_reason,
        t1_0.verification_status,
        t1_0.updated_at,
        t1_0.user_id,
        u1_0.id,
        u1_0.account_status,
        u1_0.address_detail,
        u1_0.avatar_key,
        u1_0.avatar_sha256,
        u1_0.bio,
        u1_0.commune,
        u1_0.commune_code,
        u1_0.created_at,
        u1_0.date_of_birth,
        u1_0.district,
        u1_0.email,
        u1_0.email_verified,
        u1_0.full_name,
        u1_0.gender,
        u1_0.password,
        u1_0.phone,
        u1_0.province,
        u1_0.province_code,
        u1_0.updated_at,
        u1_0.ward 
    from
        tutors t1_0 
    join
        users u1_0 
            on u1_0.id=t1_0.user_id 
    where
        u1_0.email_verified=true 
    order by
        u1_0.full_name 
    fetch
        first ? rows only
Hibernate: 
    select
        t1_0.id,
        t1_0.bio,
        t1_0.created_at,
        t1_0.education,
        t1_0.experience_years,
        t1_0.status,
        t1_0.rejection_reason,
        t1_0.verification_status,
        t1_0.updated_at,
        t1_0.user_id,
        u1_0.id,
        u1_0.account_status,
        u1_0.address_detail,
        u1_0.avatar_key,
        u1_0.avatar_sha256,
        u1_0.bio,
        u1_0.commune,
        u1_0.commune_code,
        u1_0.created_at,
        u1_0.date_of_birth,
        u1_0.district,
        u1_0.email,
        u1_0.email_verified,
        u1_0.full_name,
        u1_0.gender,
        u1_0.password,
        u1_0.phone,
        u1_0.province,
        u1_0.province_code,
        u1_0.updated_at,
        u1_0.ward 
    from
        tutors t1_0 
    join
        users u1_0 
            on u1_0.id=t1_0.user_id 
    where
        u1_0.email_verified=true 
    order by
        u1_0.full_name 
    fetch
        first ? rows only
2026-08-19T17:52:55.294+07:00 DEBUG 12540 --- [account-service] [nio-8081-exec-5] o.s.w.c.HttpMessageConverterExtractor    : Reading to [java.util.List<iuh.fit.account_service.dto.learning.LearningTutorSubjectResponse>]
2026-08-19T17:52:55.296+07:00 DEBUG 12540 --- [account-service] [nio-8081-exec-5] m.m.a.RequestResponseBodyMethodProcessor : Using 'application/json', given [*/*] and supported [application/json, application/*+json]
2026-08-19T17:52:55.297+07:00 DEBUG 12540 --- [account-service] [nio-8081-exec-5] m.m.a.RequestResponseBodyMethodProcessor : Writing [[iuh.fit.account_service.dto.tutor.PublicTutorResponse@1f02fc2f]]
2026-08-19T17:52:55.298+07:00 DEBUG 12540 --- [account-service] [nio-8081-exec-5] o.s.web.servlet.DispatcherServlet        : Completed 200 OK
2026-08-19T17:53:01.062+07:00 DEBUG 12540 --- [account-service] [nio-8081-exec-6] o.s.web.servlet.DispatcherServlet        : GET "/api/tutors?limit=50", parameters={masked}
2026-08-19T17:53:01.063+07:00 DEBUG 12540 --- [account-service] [nio-8081-exec-6] s.w.s.m.m.a.RequestMappingHandlerMapping : Mapped to iuh.fit.account_service.controller.TutorController#searchTutors(String, Long, BigDecimal, BigDecimal, Integer)
2026-08-19T17:53:01.067+07:00 DEBUG 12540 --- [account-service] [nio-8081-exec-6] org.hibernate.SQL                        : 
    select
        t1_0.id,
        t1_0.bio,
        t1_0.created_at,
        t1_0.education,
        t1_0.experience_years,
        t1_0.status,
        t1_0.rejection_reason,
        t1_0.verification_status,
        t1_0.updated_at,
        t1_0.user_id,
        u1_0.id,
        u1_0.account_status,
        u1_0.address_detail,
        u1_0.avatar_key,
        u1_0.avatar_sha256,
        u1_0.bio,
        u1_0.commune,
        u1_0.commune_code,
        u1_0.created_at,
        u1_0.date_of_birth,
        u1_0.district,
        u1_0.email,
        u1_0.email_verified,
        u1_0.full_name,
        u1_0.gender,
        u1_0.password,
        u1_0.phone,
        u1_0.province,
        u1_0.province_code,
        u1_0.updated_at,
        u1_0.ward 
    from
        tutors t1_0 
    join
        users u1_0 
            on u1_0.id=t1_0.user_id 
    where
        u1_0.email_verified=true 
    order by
        u1_0.full_name 
    fetch
        first ? rows only
Hibernate: 
    select
        t1_0.id,
        t1_0.bio,
        t1_0.created_at,
        t1_0.education,
        t1_0.experience_years,
        t1_0.status,
        t1_0.rejection_reason,
        t1_0.verification_status,
        t1_0.updated_at,
        t1_0.user_id,
        u1_0.id,
        u1_0.account_status,
        u1_0.address_detail,
        u1_0.avatar_key,
        u1_0.avatar_sha256,
        u1_0.bio,
        u1_0.commune,
        u1_0.commune_code,
        u1_0.created_at,
        u1_0.date_of_birth,
        u1_0.district,
        u1_0.email,
        u1_0.email_verified,
        u1_0.full_name,
        u1_0.gender,
        u1_0.password,
        u1_0.phone,
        u1_0.province,
        u1_0.province_code,
        u1_0.updated_at,
        u1_0.ward 
    from
        tutors t1_0 
    join
        users u1_0 
            on u1_0.id=t1_0.user_id 
    where
        u1_0.email_verified=true 
    order by
        u1_0.full_name 
    fetch
        first ? rows only
2026-08-19T17:53:01.082+07:00 DEBUG 12540 --- [account-service] [nio-8081-exec-6] o.s.w.c.HttpMessageConverterExtractor    : Reading to [java.util.List<iuh.fit.account_service.dto.learning.LearningTutorSubjectResponse>]
2026-08-19T17:53:01.084+07:00 DEBUG 12540 --- [account-service] [nio-8081-exec-6] m.m.a.RequestResponseBodyMethodProcessor : Using 'application/json', given [*/*] and supported [application/json, application/*+json]
2026-08-19T17:53:01.085+07:00 DEBUG 12540 --- [account-service] [nio-8081-exec-6] m.m.a.RequestResponseBodyMethodProcessor : Writing [[iuh.fit.account_service.dto.tutor.PublicTutorResponse@97529e0]]
2026-08-19T17:53:01.086+07:00 DEBUG 12540 --- [account-service] [nio-8081-exec-6] o.s.web.servlet.DispatcherServlet        : Completed 200 OK
2026-08-19T17:53:01.323+07:00 DEBUG 12540 --- [account-service] [nio-8081-exec-9] o.s.web.servlet.DispatcherServlet        : GET "/api/tutors/2", parameters={}
2026-08-19T17:53:01.325+07:00 DEBUG 12540 --- [account-service] [nio-8081-exec-9] s.w.s.m.m.a.RequestMappingHandlerMapping : Mapped to iuh.fit.account_service.controller.TutorController#getTutor(Long)
2026-08-19T17:53:01.336+07:00 DEBUG 12540 --- [account-service] [nio-8081-exec-9] org.hibernate.SQL                        : 
    select
        t1_0.id,
        t1_0.bio,
        t1_0.created_at,
        t1_0.education,
        t1_0.experience_years,
        t1_0.status,
        t1_0.rejection_reason,
        t1_0.verification_status,
        t1_0.updated_at,
        t1_0.user_id 
    from
        tutors t1_0 
    where
        t1_0.id=?
Hibernate: 
    select
        t1_0.id,
        t1_0.bio,
        t1_0.created_at,
        t1_0.education,
        t1_0.experience_years,
        t1_0.status,
        t1_0.rejection_reason,
        t1_0.verification_status,
        t1_0.updated_at,
        t1_0.user_id 
    from
        tutors t1_0 
    where
        t1_0.id=?
2026-08-19T17:53:01.366+07:00 DEBUG 12540 --- [account-service] [nio-8081-exec-9] o.s.w.c.HttpMessageConverterExtractor    : Reading to [java.util.List<iuh.fit.account_service.dto.learning.LearningTutorSubjectResponse>]
2026-08-19T17:53:01.368+07:00 DEBUG 12540 --- [account-service] [nio-8081-exec-9] org.hibernate.SQL                        : 
    select
        u1_0.id,
        u1_0.account_status,
        u1_0.address_detail,
        u1_0.avatar_key,
        u1_0.avatar_sha256,
        u1_0.bio,
        u1_0.commune,
        u1_0.commune_code,
        u1_0.created_at,
        u1_0.date_of_birth,
        u1_0.district,
        u1_0.email,
        u1_0.email_verified,
        u1_0.full_name,
        u1_0.gender,
        u1_0.password,
        u1_0.phone,
        u1_0.province,
        u1_0.province_code,
        u1_0.updated_at,
        u1_0.ward 
    from
        users u1_0 
    where
        u1_0.id=?
Hibernate: 
    select
        u1_0.id,
        u1_0.account_status,
        u1_0.address_detail,
        u1_0.avatar_key,
        u1_0.avatar_sha256,
        u1_0.bio,
        u1_0.commune,
        u1_0.commune_code,
        u1_0.created_at,
        u1_0.date_of_birth,
        u1_0.district,
        u1_0.email,
        u1_0.email_verified,
        u1_0.full_name,
        u1_0.gender,
        u1_0.password,
        u1_0.phone,
        u1_0.province,
        u1_0.province_code,
        u1_0.updated_at,
        u1_0.ward 
    from
        users u1_0 
    where
        u1_0.id=?
2026-08-19T17:53:01.373+07:00 DEBUG 12540 --- [account-service] [nio-8081-exec-9] m.m.a.RequestResponseBodyMethodProcessor : Using 'application/json', given [*/*] and supported [application/json, application/*+json]
2026-08-19T17:53:01.374+07:00 DEBUG 12540 --- [account-service] [nio-8081-exec-9] m.m.a.RequestResponseBodyMethodProcessor : Writing [iuh.fit.account_service.dto.tutor.PublicTutorResponse@40920a9f]
2026-08-19T17:53:01.375+07:00 DEBUG 12540 --- [account-service] [nio-8081-exec-9] o.s.web.servlet.DispatcherServlet        : Completed 200 OK
2026-08-19T17:53:08.783+07:00 DEBUG 12540 --- [account-service] [nio-8081-exec-3] o.s.web.servlet.DispatcherServlet        : GET "/api/tutors?limit=50", parameters={masked}
2026-08-19T17:53:08.783+07:00 DEBUG 12540 --- [account-service] [nio-8081-exec-3] s.w.s.m.m.a.RequestMappingHandlerMapping : Mapped to iuh.fit.account_service.controller.TutorController#searchTutors(String, Long, BigDecimal, BigDecimal, Integer)
2026-08-19T17:53:08.787+07:00 DEBUG 12540 --- [account-service] [nio-8081-exec-3] org.hibernate.SQL                        : 
    select
        t1_0.id,
        t1_0.bio,
        t1_0.created_at,
        t1_0.education,
        t1_0.experience_years,
        t1_0.status,
        t1_0.rejection_reason,
        t1_0.verification_status,
        t1_0.updated_at,
        t1_0.user_id,
        u1_0.id,
        u1_0.account_status,
        u1_0.address_detail,
        u1_0.avatar_key,
        u1_0.avatar_sha256,
        u1_0.bio,
        u1_0.commune,
        u1_0.commune_code,
        u1_0.created_at,
        u1_0.date_of_birth,
        u1_0.district,
        u1_0.email,
        u1_0.email_verified,
        u1_0.full_name,
        u1_0.gender,
        u1_0.password,
        u1_0.phone,
        u1_0.province,
        u1_0.province_code,
        u1_0.updated_at,
        u1_0.ward 
    from
        tutors t1_0 
    join
        users u1_0 
            on u1_0.id=t1_0.user_id 
    where
        u1_0.email_verified=true 
    order by
        u1_0.full_name 
    fetch
        first ? rows only
Hibernate: 
    select
        t1_0.id,
        t1_0.bio,
        t1_0.created_at,
        t1_0.education,
        t1_0.experience_years,
        t1_0.status,
        t1_0.rejection_reason,
        t1_0.verification_status,
        t1_0.updated_at,
        t1_0.user_id,
        u1_0.id,
        u1_0.account_status,
        u1_0.address_detail,
        u1_0.avatar_key,
        u1_0.avatar_sha256,
        u1_0.bio,
        u1_0.commune,
        u1_0.commune_code,
        u1_0.created_at,
        u1_0.date_of_birth,
        u1_0.district,
        u1_0.email,
        u1_0.email_verified,
        u1_0.full_name,
        u1_0.gender,
        u1_0.password,
        u1_0.phone,
        u1_0.province,
        u1_0.province_code,
        u1_0.updated_at,
        u1_0.ward 
    from
        tutors t1_0 
    join
        users u1_0 
            on u1_0.id=t1_0.user_id 
    where
        u1_0.email_verified=true 
    order by
        u1_0.full_name 
    fetch
        first ? rows only
2026-08-19T17:53:08.788+07:00 DEBUG 12540 --- [account-service] [nio-8081-exec-7] o.s.web.servlet.DispatcherServlet        : GET "/api/tutors/2", parameters={}
2026-08-19T17:53:08.790+07:00 DEBUG 12540 --- [account-service] [nio-8081-exec-7] s.w.s.m.m.a.RequestMappingHandlerMapping : Mapped to iuh.fit.account_service.controller.TutorController#getTutor(Long)
2026-08-19T17:53:08.792+07:00 DEBUG 12540 --- [account-service] [nio-8081-exec-7] org.hibernate.SQL                        : 
    select
        t1_0.id,
        t1_0.bio,
        t1_0.created_at,
        t1_0.education,
        t1_0.experience_years,
        t1_0.status,
        t1_0.rejection_reason,
        t1_0.verification_status,
        t1_0.updated_at,
        t1_0.user_id 
    from
        tutors t1_0 
    where
        t1_0.id=?
Hibernate: 
    select
        t1_0.id,
        t1_0.bio,
        t1_0.created_at,
        t1_0.education,
        t1_0.experience_years,
        t1_0.status,
        t1_0.rejection_reason,
        t1_0.verification_status,
        t1_0.updated_at,
        t1_0.user_id 
    from
        tutors t1_0 
    where
        t1_0.id=?
2026-08-19T17:53:08.804+07:00 DEBUG 12540 --- [account-service] [nio-8081-exec-3] o.s.w.c.HttpMessageConverterExtractor    : Reading to [java.util.List<iuh.fit.account_service.dto.learning.LearningTutorSubjectResponse>]
2026-08-19T17:53:08.806+07:00 DEBUG 12540 --- [account-service] [nio-8081-exec-3] m.m.a.RequestResponseBodyMethodProcessor : Using 'application/json', given [*/*] and supported [application/json, application/*+json]
2026-08-19T17:53:08.807+07:00 DEBUG 12540 --- [account-service] [nio-8081-exec-3] m.m.a.RequestResponseBodyMethodProcessor : Writing [[iuh.fit.account_service.dto.tutor.PublicTutorResponse@3c483499]]
2026-08-19T17:53:08.808+07:00 DEBUG 12540 --- [account-service] [nio-8081-exec-7] o.s.w.c.HttpMessageConverterExtractor    : Reading to [java.util.List<iuh.fit.account_service.dto.learning.LearningTutorSubjectResponse>]
2026-08-19T17:53:08.808+07:00 DEBUG 12540 --- [account-service] [nio-8081-exec-3] o.s.web.servlet.DispatcherServlet        : Completed 200 OK
2026-08-19T17:53:08.808+07:00 DEBUG 12540 --- [account-service] [nio-8081-exec-7] org.hibernate.SQL                        : 
    select
        u1_0.id,
        u1_0.account_status,
        u1_0.address_detail,
        u1_0.avatar_key,
        u1_0.avatar_sha256,
        u1_0.bio,
        u1_0.commune,
        u1_0.commune_code,
        u1_0.created_at,
        u1_0.date_of_birth,
        u1_0.district,
        u1_0.email,
        u1_0.email_verified,
        u1_0.full_name,
        u1_0.gender,
        u1_0.password,
        u1_0.phone,
        u1_0.province,
        u1_0.province_code,
        u1_0.updated_at,
        u1_0.ward 
    from
        users u1_0 
    where
        u1_0.id=?
Hibernate: 
    select
        u1_0.id,
        u1_0.account_status,
        u1_0.address_detail,
        u1_0.avatar_key,
        u1_0.avatar_sha256,
        u1_0.bio,
        u1_0.commune,
        u1_0.commune_code,
        u1_0.created_at,
        u1_0.date_of_birth,
        u1_0.district,
        u1_0.email,
        u1_0.email_verified,
        u1_0.full_name,
        u1_0.gender,
        u1_0.password,
        u1_0.phone,
        u1_0.province,
        u1_0.province_code,
        u1_0.updated_at,
        u1_0.ward 
    from
        users u1_0 
    where
        u1_0.id=?
2026-08-19T17:53:08.815+07:00 DEBUG 12540 --- [account-service] [nio-8081-exec-7] m.m.a.RequestResponseBodyMethodProcessor : Using 'application/json', given [*/*] and supported [application/json, application/*+json]
2026-08-19T17:53:08.816+07:00 DEBUG 12540 --- [account-service] [nio-8081-exec-7] m.m.a.RequestResponseBodyMethodProcessor : Writing [iuh.fit.account_service.dto.tutor.PublicTutorResponse@6c0088f1]
2026-08-19T17:53:08.817+07:00 DEBUG 12540 --- [account-service] [nio-8081-exec-7] o.s.web.servlet.DispatcherServlet        : Completed 200 OK
2026-08-19T17:54:36.115+07:00 DEBUG 12540 --- [account-service] [nio-8081-exec-5] o.s.web.servlet.DispatcherServlet        : GET "/api/tutors/2", parameters={}
2026-08-19T17:54:36.116+07:00 DEBUG 12540 --- [account-service] [nio-8081-exec-5] s.w.s.m.m.a.RequestMappingHandlerMapping : Mapped to iuh.fit.account_service.controller.TutorController#getTutor(Long)
2026-08-19T17:54:36.119+07:00 DEBUG 12540 --- [account-service] [nio-8081-exec-5] org.hibernate.SQL                        : 
    select
        t1_0.id,
        t1_0.bio,
        t1_0.created_at,
        t1_0.education,
        t1_0.experience_years,
        t1_0.status,
        t1_0.rejection_reason,
        t1_0.verification_status,
        t1_0.updated_at,
        t1_0.user_id 
    from
        tutors t1_0 
    where
        t1_0.id=?
Hibernate: 
    select
        t1_0.id,
        t1_0.bio,
        t1_0.created_at,
        t1_0.education,
        t1_0.experience_years,
        t1_0.status,
        t1_0.rejection_reason,
        t1_0.verification_status,
        t1_0.updated_at,
        t1_0.user_id 
    from
        tutors t1_0 
    where
        t1_0.id=?
2026-08-19T17:54:36.131+07:00 DEBUG 12540 --- [account-service] [nio-8081-exec-5] .m.m.a.ExceptionHandlerExceptionResolver : Using @ExceptionHandler iuh.fit.account_service.exception.GlobalExceptionHandler#handleUnexpected(Exception, HttpServletRequest)
2026-08-19T17:54:36.134+07:00 DEBUG 12540 --- [account-service] [nio-8081-exec-5] o.s.w.s.m.m.a.HttpEntityMethodProcessor  : Using 'application/json', given [*/*] and supported [application/json, application/*+json]
2026-08-19T17:54:36.135+07:00 DEBUG 12540 --- [account-service] [nio-8081-exec-5] o.s.w.s.m.m.a.HttpEntityMethodProcessor  : Writing [iuh.fit.account_service.exception.ApiErrorResponse@42ba4e0e]
2026-08-19T17:54:36.137+07:00 DEBUG 12540 --- [account-service] [nio-8081-exec-5] .m.m.a.ExceptionHandlerExceptionResolver : Resolved [feign.RetryableException: Connection refused: getsockopt executing GET http://localhost:8082/api/tutor-subjects/by-profile/2]
2026-08-19T17:54:36.138+07:00 DEBUG 12540 --- [account-service] [nio-8081-exec-5] o.s.web.servlet.DispatcherServlet        : Completed 500 INTERNAL_SERVER_ERROR
2026-08-19T17:54:37.234+07:00 DEBUG 12540 --- [account-service] [nio-8081-exec-4] o.s.web.servlet.DispatcherServlet        : GET "/api/tutors/2", parameters={}
2026-08-19T17:54:37.236+07:00 DEBUG 12540 --- [account-service] [nio-8081-exec-4] s.w.s.m.m.a.RequestMappingHandlerMapping : Mapped to iuh.fit.account_service.controller.TutorController#getTutor(Long)
2026-08-19T17:54:37.239+07:00 DEBUG 12540 --- [account-service] [nio-8081-exec-4] org.hibernate.SQL                        : 
    select
        t1_0.id,
        t1_0.bio,
        t1_0.created_at,
        t1_0.education,
        t1_0.experience_years,
        t1_0.status,
        t1_0.rejection_reason,
        t1_0.verification_status,
        t1_0.updated_at,
        t1_0.user_id 
    from
        tutors t1_0 
    where
        t1_0.id=?
Hibernate: 
    select
        t1_0.id,
        t1_0.bio,
        t1_0.created_at,
        t1_0.education,
        t1_0.experience_years,
        t1_0.status,
        t1_0.rejection_reason,
        t1_0.verification_status,
        t1_0.updated_at,
        t1_0.user_id 
    from
        tutors t1_0 
    where
        t1_0.id=?
2026-08-19T17:54:37.457+07:00 DEBUG 12540 --- [account-service] [nio-8081-exec-4] o.s.w.c.HttpMessageConverterExtractor    : Reading to [java.util.List<iuh.fit.account_service.dto.learning.LearningTutorSubjectResponse>]
2026-08-19T17:54:37.462+07:00 DEBUG 12540 --- [account-service] [nio-8081-exec-4] org.hibernate.SQL                        : 
    select
        u1_0.id,
        u1_0.account_status,
        u1_0.address_detail,
        u1_0.avatar_key,
        u1_0.avatar_sha256,
        u1_0.bio,
        u1_0.commune,
        u1_0.commune_code,
        u1_0.created_at,
        u1_0.date_of_birth,
        u1_0.district,
        u1_0.email,
        u1_0.email_verified,
        u1_0.full_name,
        u1_0.gender,
        u1_0.password,
        u1_0.phone,
        u1_0.province,
        u1_0.province_code,
        u1_0.updated_at,
        u1_0.ward 
    from
        users u1_0 
    where
        u1_0.id=?
Hibernate: 
    select
        u1_0.id,
        u1_0.account_status,
        u1_0.address_detail,
        u1_0.avatar_key,
        u1_0.avatar_sha256,
        u1_0.bio,
        u1_0.commune,
        u1_0.commune_code,
        u1_0.created_at,
        u1_0.date_of_birth,
        u1_0.district,
        u1_0.email,
        u1_0.email_verified,
        u1_0.full_name,
        u1_0.gender,
        u1_0.password,
        u1_0.phone,
        u1_0.province,
        u1_0.province_code,
        u1_0.updated_at,
        u1_0.ward 
    from
        users u1_0 
    where
        u1_0.id=?
2026-08-19T17:54:37.468+07:00 DEBUG 12540 --- [account-service] [nio-8081-exec-4] m.m.a.RequestResponseBodyMethodProcessor : Using 'application/json', given [*/*] and supported [application/json, application/*+json]
2026-08-19T17:54:37.468+07:00 DEBUG 12540 --- [account-service] [nio-8081-exec-4] m.m.a.RequestResponseBodyMethodProcessor : Writing [iuh.fit.account_service.dto.tutor.PublicTutorResponse@260911fa]
2026-08-19T17:54:37.471+07:00 DEBUG 12540 --- [account-service] [nio-8081-exec-4] o.s.web.servlet.DispatcherServlet        : Completed 200 OK
2026-08-19T17:54:43.773+07:00 DEBUG 12540 --- [account-service] [nio-8081-exec-6] o.s.web.servlet.DispatcherServlet        : GET "/api/tutors?keyword=Th%C3%83%C2%A1i&limit=50", parameters={masked}
2026-08-19T17:54:43.774+07:00 DEBUG 12540 --- [account-service] [nio-8081-exec-6] s.w.s.m.m.a.RequestMappingHandlerMapping : Mapped to iuh.fit.account_service.controller.TutorController#searchTutors(String, Long, BigDecimal, BigDecimal, Integer)
2026-08-19T17:54:43.795+07:00 DEBUG 12540 --- [account-service] [nio-8081-exec-6] org.hibernate.SQL                        : 
    select
        t1_0.id,
        t1_0.bio,
        t1_0.created_at,
        t1_0.education,
        t1_0.experience_years,
        t1_0.status,
        t1_0.rejection_reason,
        t1_0.verification_status,
        t1_0.updated_at,
        t1_0.user_id,
        u1_0.id,
        u1_0.account_status,
        u1_0.address_detail,
        u1_0.avatar_key,
        u1_0.avatar_sha256,
        u1_0.bio,
        u1_0.commune,
        u1_0.commune_code,
        u1_0.created_at,
        u1_0.date_of_birth,
        u1_0.district,
        u1_0.email,
        u1_0.email_verified,
        u1_0.full_name,
        u1_0.gender,
        u1_0.password,
        u1_0.phone,
        u1_0.province,
        u1_0.province_code,
        u1_0.updated_at,
        u1_0.ward 
    from
        tutors t1_0 
    join
        users u1_0 
            on u1_0.id=t1_0.user_id 
    where
        u1_0.email_verified=true 
        and lower(u1_0.full_name) like lower(('%'||?||'%')) escape '' 
    order by
        u1_0.full_name 
    fetch
        first ? rows only
Hibernate: 
    select
        t1_0.id,
        t1_0.bio,
        t1_0.created_at,
        t1_0.education,
        t1_0.experience_years,
        t1_0.status,
        t1_0.rejection_reason,
        t1_0.verification_status,
        t1_0.updated_at,
        t1_0.user_id,
        u1_0.id,
        u1_0.account_status,
        u1_0.address_detail,
        u1_0.avatar_key,
        u1_0.avatar_sha256,
        u1_0.bio,
        u1_0.commune,
        u1_0.commune_code,
        u1_0.created_at,
        u1_0.date_of_birth,
        u1_0.district,
        u1_0.email,
        u1_0.email_verified,
        u1_0.full_name,
        u1_0.gender,
        u1_0.password,
        u1_0.phone,
        u1_0.province,
        u1_0.province_code,
        u1_0.updated_at,
        u1_0.ward 
    from
        tutors t1_0 
    join
        users u1_0 
            on u1_0.id=t1_0.user_id 
    where
        u1_0.email_verified=true 
        and lower(u1_0.full_name) like lower(('%'||?||'%')) escape '' 
    order by
        u1_0.full_name 
    fetch
        first ? rows only
2026-08-19T17:54:43.803+07:00 DEBUG 12540 --- [account-service] [nio-8081-exec-6] m.m.a.RequestResponseBodyMethodProcessor : Using 'application/json', given [*/*] and supported [application/json, application/*+json]
2026-08-19T17:54:43.804+07:00 DEBUG 12540 --- [account-service] [nio-8081-exec-6] m.m.a.RequestResponseBodyMethodProcessor : Writing [[]]
2026-08-19T17:54:43.804+07:00 DEBUG 12540 --- [account-service] [nio-8081-exec-6] o.s.web.servlet.DispatcherServlet        : Completed 200 OK
2026-08-19T17:54:53.211+07:00 DEBUG 12540 --- [account-service] [nio-8081-exec-2] o.s.web.servlet.DispatcherServlet        : GET "/api/tutors?keyword=Th%C3%A1i&limit=50", parameters={masked}
2026-08-19T17:54:53.212+07:00 DEBUG 12540 --- [account-service] [nio-8081-exec-2] s.w.s.m.m.a.RequestMappingHandlerMapping : Mapped to iuh.fit.account_service.controller.TutorController#searchTutors(String, Long, BigDecimal, BigDecimal, Integer)
2026-08-19T17:54:53.219+07:00 DEBUG 12540 --- [account-service] [nio-8081-exec-2] org.hibernate.SQL                        : 
    select
        t1_0.id,
        t1_0.bio,
        t1_0.created_at,
        t1_0.education,
        t1_0.experience_years,
        t1_0.status,
        t1_0.rejection_reason,
        t1_0.verification_status,
        t1_0.updated_at,
        t1_0.user_id,
        u1_0.id,
        u1_0.account_status,
        u1_0.address_detail,
        u1_0.avatar_key,
        u1_0.avatar_sha256,
        u1_0.bio,
        u1_0.commune,
        u1_0.commune_code,
        u1_0.created_at,
        u1_0.date_of_birth,
        u1_0.district,
        u1_0.email,
        u1_0.email_verified,
        u1_0.full_name,
        u1_0.gender,
        u1_0.password,
        u1_0.phone,
        u1_0.province,
        u1_0.province_code,
        u1_0.updated_at,
        u1_0.ward 
    from
        tutors t1_0 
    join
        users u1_0 
            on u1_0.id=t1_0.user_id 
    where
        u1_0.email_verified=true 
        and lower(u1_0.full_name) like lower(('%'||?||'%')) escape '' 
    order by
        u1_0.full_name 
    fetch
        first ? rows only
Hibernate: 
    select
        t1_0.id,
        t1_0.bio,
        t1_0.created_at,
        t1_0.education,
        t1_0.experience_years,
        t1_0.status,
        t1_0.rejection_reason,
        t1_0.verification_status,
        t1_0.updated_at,
        t1_0.user_id,
        u1_0.id,
        u1_0.account_status,
        u1_0.address_detail,
        u1_0.avatar_key,
        u1_0.avatar_sha256,
        u1_0.bio,
        u1_0.commune,
        u1_0.commune_code,
        u1_0.created_at,
        u1_0.date_of_birth,
        u1_0.district,
        u1_0.email,
        u1_0.email_verified,
        u1_0.full_name,
        u1_0.gender,
        u1_0.password,
        u1_0.phone,
        u1_0.province,
        u1_0.province_code,
        u1_0.updated_at,
        u1_0.ward 
    from
        tutors t1_0 
    join
        users u1_0 
            on u1_0.id=t1_0.user_id 
    where
        u1_0.email_verified=true 
        and lower(u1_0.full_name) like lower(('%'||?||'%')) escape '' 
    order by
        u1_0.full_name 
    fetch
        first ? rows only
2026-08-19T17:54:53.265+07:00 DEBUG 12540 --- [account-service] [nio-8081-exec-2] o.s.w.c.HttpMessageConverterExtractor    : Reading to [java.util.List<iuh.fit.account_service.dto.learning.LearningTutorSubjectResponse>]
2026-08-19T17:54:53.268+07:00 DEBUG 12540 --- [account-service] [nio-8081-exec-2] m.m.a.RequestResponseBodyMethodProcessor : Using 'application/json', given [*/*] and supported [application/json, application/*+json]
2026-08-19T17:54:53.268+07:00 DEBUG 12540 --- [account-service] [nio-8081-exec-2] m.m.a.RequestResponseBodyMethodProcessor : Writing [[iuh.fit.account_service.dto.tutor.PublicTutorResponse@57539c2b]]
2026-08-19T17:54:53.269+07:00 DEBUG 12540 --- [account-service] [nio-8081-exec-2] o.s.web.servlet.DispatcherServlet        : Completed 200 OK
2026-08-19T17:54:53.548+07:00 DEBUG 12540 --- [account-service] [nio-8081-exec-9] o.s.web.servlet.DispatcherServlet        : GET "/api/tutors?keyword=Hu%E1%BB%B3nh&limit=50", parameters={masked}
2026-08-19T17:54:53.550+07:00 DEBUG 12540 --- [account-service] [nio-8081-exec-9] s.w.s.m.m.a.RequestMappingHandlerMapping : Mapped to iuh.fit.account_service.controller.TutorController#searchTutors(String, Long, BigDecimal, BigDecimal, Integer)
2026-08-19T17:54:53.554+07:00 DEBUG 12540 --- [account-service] [nio-8081-exec-9] org.hibernate.SQL                        : 
    select
        t1_0.id,
        t1_0.bio,
        t1_0.created_at,
        t1_0.education,
        t1_0.experience_years,
        t1_0.status,
        t1_0.rejection_reason,
        t1_0.verification_status,
        t1_0.updated_at,
        t1_0.user_id,
        u1_0.id,
        u1_0.account_status,
        u1_0.address_detail,
        u1_0.avatar_key,
        u1_0.avatar_sha256,
        u1_0.bio,
        u1_0.commune,
        u1_0.commune_code,
        u1_0.created_at,
        u1_0.date_of_birth,
        u1_0.district,
        u1_0.email,
        u1_0.email_verified,
        u1_0.full_name,
        u1_0.gender,
        u1_0.password,
        u1_0.phone,
        u1_0.province,
        u1_0.province_code,
        u1_0.updated_at,
        u1_0.ward 
    from
        tutors t1_0 
    join
        users u1_0 
            on u1_0.id=t1_0.user_id 
    where
        u1_0.email_verified=true 
        and lower(u1_0.full_name) like lower(('%'||?||'%')) escape '' 
    order by
        u1_0.full_name 
    fetch
        first ? rows only
Hibernate: 
    select
        t1_0.id,
        t1_0.bio,
        t1_0.created_at,
        t1_0.education,
        t1_0.experience_years,
        t1_0.status,
        t1_0.rejection_reason,
        t1_0.verification_status,
        t1_0.updated_at,
        t1_0.user_id,
        u1_0.id,
        u1_0.account_status,
        u1_0.address_detail,
        u1_0.avatar_key,
        u1_0.avatar_sha256,
        u1_0.bio,
        u1_0.commune,
        u1_0.commune_code,
        u1_0.created_at,
        u1_0.date_of_birth,
        u1_0.district,
        u1_0.email,
        u1_0.email_verified,
        u1_0.full_name,
        u1_0.gender,
        u1_0.password,
        u1_0.phone,
        u1_0.province,
        u1_0.province_code,
        u1_0.updated_at,
        u1_0.ward 
    from
        tutors t1_0 
    join
        users u1_0 
            on u1_0.id=t1_0.user_id 
    where
        u1_0.email_verified=true 
        and lower(u1_0.full_name) like lower(('%'||?||'%')) escape '' 
    order by
        u1_0.full_name 
    fetch
        first ? rows only
2026-08-19T17:54:53.583+07:00 DEBUG 12540 --- [account-service] [nio-8081-exec-9] o.s.w.c.HttpMessageConverterExtractor    : Reading to [java.util.List<iuh.fit.account_service.dto.learning.LearningTutorSubjectResponse>]
2026-08-19T17:54:53.587+07:00 DEBUG 12540 --- [account-service] [nio-8081-exec-9] m.m.a.RequestResponseBodyMethodProcessor : Using 'application/json', given [*/*] and supported [application/json, application/*+json]
2026-08-19T17:54:53.588+07:00 DEBUG 12540 --- [account-service] [nio-8081-exec-9] m.m.a.RequestResponseBodyMethodProcessor : Writing [[iuh.fit.account_service.dto.tutor.PublicTutorResponse@783ce6ca]]
2026-08-19T17:54:53.588+07:00 DEBUG 12540 --- [account-service] [nio-8081-exec-9] o.s.web.servlet.DispatcherServlet        : Completed 200 OK
2026-08-19T17:54:53.852+07:00 DEBUG 12540 --- [account-service] [io-8081-exec-10] o.s.web.servlet.DispatcherServlet        : GET "/api/tutors?keyword=Qu%E1%BB%91c&limit=50", parameters={masked}
2026-08-19T17:54:53.852+07:00 DEBUG 12540 --- [account-service] [io-8081-exec-10] s.w.s.m.m.a.RequestMappingHandlerMapping : Mapped to iuh.fit.account_service.controller.TutorController#searchTutors(String, Long, BigDecimal, BigDecimal, Integer)
2026-08-19T17:54:53.857+07:00 DEBUG 12540 --- [account-service] [io-8081-exec-10] org.hibernate.SQL                        : 
    select
        t1_0.id,
        t1_0.bio,
        t1_0.created_at,
        t1_0.education,
        t1_0.experience_years,
        t1_0.status,
        t1_0.rejection_reason,
        t1_0.verification_status,
        t1_0.updated_at,
        t1_0.user_id,
        u1_0.id,
        u1_0.account_status,
        u1_0.address_detail,
        u1_0.avatar_key,
        u1_0.avatar_sha256,
        u1_0.bio,
        u1_0.commune,
        u1_0.commune_code,
        u1_0.created_at,
        u1_0.date_of_birth,
        u1_0.district,
        u1_0.email,
        u1_0.email_verified,
        u1_0.full_name,
        u1_0.gender,
        u1_0.password,
        u1_0.phone,
        u1_0.province,
        u1_0.province_code,
        u1_0.updated_at,
        u1_0.ward 
    from
        tutors t1_0 
    join
        users u1_0 
            on u1_0.id=t1_0.user_id 
    where
        u1_0.email_verified=true 
        and lower(u1_0.full_name) like lower(('%'||?||'%')) escape '' 
    order by
        u1_0.full_name 
    fetch
        first ? rows only
Hibernate: 
    select
        t1_0.id,
        t1_0.bio,
        t1_0.created_at,
        t1_0.education,
        t1_0.experience_years,
        t1_0.status,
        t1_0.rejection_reason,
        t1_0.verification_status,
        t1_0.updated_at,
        t1_0.user_id,
        u1_0.id,
        u1_0.account_status,
        u1_0.address_detail,
        u1_0.avatar_key,
        u1_0.avatar_sha256,
        u1_0.bio,
        u1_0.commune,
        u1_0.commune_code,
        u1_0.created_at,
        u1_0.date_of_birth,
        u1_0.district,
        u1_0.email,
        u1_0.email_verified,
        u1_0.full_name,
        u1_0.gender,
        u1_0.password,
        u1_0.phone,
        u1_0.province,
        u1_0.province_code,
        u1_0.updated_at,
        u1_0.ward 
    from
        tutors t1_0 
    join
        users u1_0 
            on u1_0.id=t1_0.user_id 
    where
        u1_0.email_verified=true 
        and lower(u1_0.full_name) like lower(('%'||?||'%')) escape '' 
    order by
        u1_0.full_name 
    fetch
        first ? rows only
2026-08-19T17:54:53.888+07:00 DEBUG 12540 --- [account-service] [io-8081-exec-10] o.s.w.c.HttpMessageConverterExtractor    : Reading to [java.util.List<iuh.fit.account_service.dto.learning.LearningTutorSubjectResponse>]
2026-08-19T17:54:53.890+07:00 DEBUG 12540 --- [account-service] [io-8081-exec-10] m.m.a.RequestResponseBodyMethodProcessor : Using 'application/json', given [*/*] and supported [application/json, application/*+json]
2026-08-19T17:54:53.890+07:00 DEBUG 12540 --- [account-service] [io-8081-exec-10] m.m.a.RequestResponseBodyMethodProcessor : Writing [[iuh.fit.account_service.dto.tutor.PublicTutorResponse@773a571d]]
2026-08-19T17:54:53.891+07:00 DEBUG 12540 --- [account-service] [io-8081-exec-10] o.s.web.servlet.DispatcherServlet        : Completed 200 OK
2026-08-19T19:08:17.385+07:00  WARN 12540 --- [account-service] [l-1:housekeeper] com.zaxxer.hikari.pool.HikariPool        : HikariPool-1 - Thread starvation or clock leap detected (housekeeper delta=1h11m6s776ms726µs700ns).
2026-08-19T19:12:30.704+07:00 DEBUG 12540 --- [account-service] [nio-8081-exec-2] o.s.web.servlet.DispatcherServlet        : GET "/api/tutors/2", parameters={}
2026-08-19T19:12:30.706+07:00 DEBUG 12540 --- [account-service] [nio-8081-exec-2] s.w.s.m.m.a.RequestMappingHandlerMapping : Mapped to iuh.fit.account_service.controller.TutorController#getTutor(Long)
2026-08-19T19:12:30.714+07:00 DEBUG 12540 --- [account-service] [nio-8081-exec-2] org.hibernate.SQL                        : 
    select
        t1_0.id,
        t1_0.bio,
        t1_0.created_at,
        t1_0.education,
        t1_0.experience_years,
        t1_0.status,
        t1_0.rejection_reason,
        t1_0.verification_status,
        t1_0.updated_at,
        t1_0.user_id 
    from
        tutors t1_0 
    where
        t1_0.id=?
Hibernate: 
    select
        t1_0.id,
        t1_0.bio,
        t1_0.created_at,
        t1_0.education,
        t1_0.experience_years,
        t1_0.status,
        t1_0.rejection_reason,
        t1_0.verification_status,
        t1_0.updated_at,
        t1_0.user_id 
    from
        tutors t1_0 
    where
        t1_0.id=?
2026-08-19T19:12:30.788+07:00 DEBUG 12540 --- [account-service] [nio-8081-exec-2] o.s.w.c.HttpMessageConverterExtractor    : Reading to [java.util.List<iuh.fit.account_service.dto.learning.LearningTutorSubjectResponse>]
2026-08-19T19:12:30.790+07:00 DEBUG 12540 --- [account-service] [nio-8081-exec-2] org.hibernate.SQL                        : 
    select
        u1_0.id,
        u1_0.account_status,
        u1_0.address_detail,
        u1_0.avatar_key,
        u1_0.avatar_sha256,
        u1_0.bio,
        u1_0.commune,
        u1_0.commune_code,
        u1_0.created_at,
        u1_0.date_of_birth,
        u1_0.district,
        u1_0.email,
        u1_0.email_verified,
        u1_0.full_name,
        u1_0.gender,
        u1_0.password,
        u1_0.phone,
        u1_0.province,
        u1_0.province_code,
        u1_0.updated_at,
        u1_0.ward 
    from
        users u1_0 
    where
        u1_0.id=?
Hibernate: 
    select
        u1_0.id,
        u1_0.account_status,
        u1_0.address_detail,
        u1_0.avatar_key,
        u1_0.avatar_sha256,
        u1_0.bio,
        u1_0.commune,
        u1_0.commune_code,
        u1_0.created_at,
        u1_0.date_of_birth,
        u1_0.district,
        u1_0.email,
        u1_0.email_verified,
        u1_0.full_name,
        u1_0.gender,
        u1_0.password,
        u1_0.phone,
        u1_0.province,
        u1_0.province_code,
        u1_0.updated_at,
        u1_0.ward 
    from
        users u1_0 
    where
        u1_0.id=?
2026-08-19T19:12:30.802+07:00 DEBUG 12540 --- [account-service] [nio-8081-exec-2] m.m.a.RequestResponseBodyMethodProcessor : Using 'application/json', given [*/*] and supported [application/json, application/*+json]
2026-08-19T19:12:30.803+07:00 DEBUG 12540 --- [account-service] [nio-8081-exec-2] m.m.a.RequestResponseBodyMethodProcessor : Writing [iuh.fit.account_service.dto.tutor.PublicTutorResponse@2593f425]
2026-08-19T19:12:30.806+07:00 DEBUG 12540 --- [account-service] [nio-8081-exec-2] o.s.web.servlet.DispatcherServlet        : Completed 200 OK
[INFO] ------------------------------------------------------------------------
[INFO] BUILD FAILURE
[INFO] ------------------------------------------------------------------------
[INFO] Total time:  01:20 h
[INFO] Finished at: 2026-08-19T19:12:40+07:00
[INFO] ------------------------------------------------------------------------
[ERROR] Failed to execute goal org.springframework.boot:spring-boot-maven-plugin:4.1.0:run (default-cli) on project account-service: Process terminated with exit code: -1 -> [Help 1]
[ERROR] 
[ERROR] To see the full stack trace of the errors, re-run Maven with the -e switch.
[ERROR] Re-run Maven using the -X switch to enable full debug logging.
[ERROR] 
[ERROR] For more information about the errors and possible solutions, please read the following articles:
[ERROR] [Help 1] http://cwiki.apache.org/confluence/display/MAVEN/MojoExecutionException
